source_id,source_url,title,document_content,chunk_index,chunk_content,embedding
https://help.ptsecurity.com/ru-RU/projects/mp10/27.4/help/93816075,https://help.ptsecurity.com/ru-RU/projects/mp10/27.4/help/93816075,О MaxPatrol 10 · MaxPatrol 10 · Справочный портал,"О MaxPatrol 10
Positive Technologies MaxPatrol 10 (да­лее та­к­же — MaxPatrol 10) — это си­сте­ма, ко­то­рая пред­на­зна­че­на для сбо­ра, хра­не­ния и ана­ли­за дан­ных о со­бы­ти­ях, про­ис­хо­дя­щих в IT-ин­фра­струк­ту­ре ор­га­ни­за­ции. Это поз­во­ля­ет обес­пе­чи­вать мо­ни­то­ринг ин­фор­ма­ци­он­ной без­опас­но­сти как всей ин­фра­струк­ту­ры, так и от­дель­ных под­раз­де­ле­ний, уз­лов и при­ло­же­ний.
MaxPatrol 10 предо­став­ля­ет сле­ду­ю­щие ос­нов­ные воз­мож­но­сти:
Ин­вен­та­ри­за­ция ак­ти­вов.
Си­сте­ма ре­гу­ляр­но со­би­ра­ет дан­ные о се­те­вых уз­лах и свя­зях меж­ду ними.
Сбор дан­ных о со­бы­ти­ях.
В ка­че­стве ис­точ­ни­ка со­бы­тий мо­жет вы­сту­пать лю­бое под­дер­жи­ва­е­мое обо­ру­до­ва­ние или ПО.
Ана­лиз со­бы­тий для вы­яв­ле­ния ин­ци­ден­тов ИБ.
На­бор спе­ци­аль­ных пра­вил, на ос­но­ве ко­то­рых вы­пол­ня­ет­ся ана­лиз, по­сто­ян­но по­пол­ня­ет­ся экс­пер­та­ми Positive Technologies.
Управ­ле­ние ин­ци­ден­та­ми ИБ.
Си­сте­ма по­мо­га­ет ор­га­ни­зо­вать ра­бо­ту по рас­сле­до­ва­нию ин­ци­ден­тов ин­фор­ма­ци­он­ной без­опас­но­сти и устра­не­нию их по­след­ствий.
Ви­зу­а­ли­за­ция дан­ных.
Свод­ная ин­фор­ма­ция об ак­ти­вах, со­бы­ти­ях и ин­ци­ден­тах отоб­ра­жа­ет­ся в веб-ин­тер­фей­се си­сте­мы в виде диа­грамм и таб­лиц.
MaxPatrol 10 предо­став­ля­ет та­к­же до­пол­ни­тель­ные воз­мож­но­сти:
Па­ке­ты экс­пер­ти­зы.
Ис­поль­зо­ва­ние базы зна­ний, раз­ра­бо­тан­ной экс­пер­та­ми Positive Technologies. База со­дер­жит дан­ные о са­мых со­вре­мен­ных так­ти­ках и тех­ни­ках ха­кер­ских атак и по­мо­га­ет вы­яв­лять даже слож­ные нети­по­вые ата­ки.
Ав­то­ма­ти­за­ция ра­бо­ты с ак­ти­ва­ми.
Си­сте­ма мо­жет ав­то­ма­ти­че­ски уста­нав­ли­вать зна­чи­мость ак­ти­вов и сро­ки ак­ту­аль­но­сти дан­ных об ак­ти­вах, по­лу­чен­ных в ре­зуль­та­те ска­ни­ро­ва­ния IT-ин­фра­струк­ту­ры.
Ре­пу­та­ци­он­ные спис­ки.
Ак­ту­аль­ная ин­фор­ма­ция о вре­до­нос­ных IP-ад­ре­сах и хеш-суммах опас­ных фай­лов ис­поль­зу­ет­ся для предот­вра­ще­ния ин­ци­ден­тов.
По­втор­ная про­вер­ка со­бы­тий.
Ре­тро­спек­тив­ная кор­ре­ля­ция по­лу­чен­ных ра­нее со­бы­тий по­сле до­бав­ле­ния но­вых пра­вил или об­нов­ле­ния дан­ных таб­лич­ных спис­ков; ре­тро­спек­тив­ный по­иск ин­ди­ка­то­ров ком­про­ме­та­ции.
Кон­троль за­щи­щен­но­сти ак­ти­вов.
Си­сте­ма оце­ни­ва­ет и кон­тро­ли­ру­ет со­от­вет­ствие стан­дар­там без­опас­но­сти как всей IT-ин­фра­струк­ту­ры пред­при­я­тия, так и от­дель­ных уз­лов и си­стем.
От­прав­ка уве­дом­ле­ний.
Опо­ве­ще­ние опе­ра­то­ров об из­ме­не­ни­ях в IT-ин­фра­струк­ту­ре пред­при­я­тия, о ра­бо­те за­дач сбо­ра дан­ных, со­би­ра­е­мых со­бы­ти­ях, а та­к­же о вы­яв­ля­е­мых ин­ци­ден­тах ИБ.
Ин­те­гра­ция с PT NAD.
Ре­ги­стра­ция ин­ци­ден­тов на ос­но­ве сес­сий и атак.
Ин­те­гра­ция с MaxPatrol EDR.
Вы­яв­ле­ние слож­ных це­ле­вых атак и ав­то­ма­ти­че­ское ре­а­ги­ро­ва­ние на них.
Архитектура MaxPatrol 10",0,maxpatrol 10 positivetechnologies maxpatrol10 далее также maxpatrol10 это система которая предназначена сбора хранения анализа данных событиях происходящих it инфраструктуре организации это позволяет обеспечивать мониторинг информационной безопасности всей инфраструктуры отдельных подразделений узлов приложений maxpatrol10 предоставляет следующие основные возможности инвентаризация активов система регулярно собирает данные сетевых узлах связях ними сбор данных событиях качестве источника событий выступать любое поддерживаемое оборудование анализ событий выявления инцидентов иб набор специальных правил основе которых выполняется анализ постоянно пополняется экспертами positive technologies управление инцидентами иб система помогает организовать работу расследованию инцидентов информационной безопасности устранению последствий визуализация данных сводная информация активах событиях инцидентах отображается веб интерфейсе системы виде диаграмм таблиц maxpatrol10 предоставляет также,"-0.006240137852728367,-0.04388399049639702,-0.045357268303632736,0.030084915459156036,-0.04108334705233574,-0.058683689683675766,0.014892814680933952,0.05389660224318504,0.023149095475673676,0.024284733459353447,-0.04095309227705002,0.00623697554692626,-0.04377572610974312,0.01240820623934269,0.040750179439783096,0.040794532746076584,0.023289937525987625,-0.014396744780242443,0.02458234131336212,-0.04395071789622307,-0.006356322206556797,-0.013536149635910988,0.0036196752917021513,0.027827583253383636,-0.0265487190335989,0.014029876329004765,-0.01192641630768776,-0.019742073491215706,0.04688800871372223,0.08214844018220901,0.009044011123478413,-0.01134624145925045,0.02747664786875248,0.013299509882926941,-0.03608967363834381,-0.01304149441421032,-0.026622358709573746,-0.019466225057840347,-0.03110669180750847,0.038472797721624374,-0.012116924859583378,-0.0063024223782122135,-0.010864418931305408,-0.02226930670440197,-0.03935251384973526,-0.05291760340332985,0.009261151775717735,-0.02526755817234516,-0.0375482439994812,0.0014323190553113818,-0.016331909224390984,-0.02342383563518524,0.04015791416168213,-0.05089449882507324,-0.003219502279534936,-0.0050060865469276905,-0.015998682007193565,0.010918211191892624,-0.027670850977301598,0.036805570125579834,-0.027679691091179848,0.0027710613794624805,0.01583634316921234,-0.03981461003422737,0.02967311255633831,0.05900755152106285,-0.03643842786550522,0.012453791685402393,0.0043184272944927216,-0.03380240499973297,0.009435434825718403,0.006498764734715223,-0.012149333022534847,-0.029465526342391968,-0.04480145499110222,0.0031394672114402056,0.04354759678244591,-0.02457168884575367,0.010562138631939888,-0.020369578152894974,-0.04222844913601875,0.005954393185675144,-0.044027358293533325,0.029031429439783096,0.022111615166068077,0.006180652417242527,-0.01983703300356865,0.0697241723537445,0.00822400115430355,-0.01272176206111908,0.02198229916393757,-0.011528002098202705,0.01645944081246853,-0.024423234164714813,-0.036842379719018936,-0.0346648134291172,-0.03366399183869362,0.0037161491345614195,0.009099542163312435,0.01357993297278881,0.042503032833337784,0.01056391280144453,-0.004282358102500439,-0.020799528807401657,0.04090172424912453,-0.022817300632596016,0.059706222265958786,0.03540760278701782,0.007038922049105167,-0.009023006074130535,-0.006398539524525404,-0.013861928135156631,0.014982877299189568,0.002762602875009179,-0.002780740149319172,-0.015029698610305786,0.03169401362538338,-0.006614319048821926,0.010032782331109047,-0.04213513806462288,0.03201046213507652,0.02943616732954979,0.040619947016239166,0.0011646480998024344,-0.009149176068603992,-0.02914562076330185,-0.035107824951410294,0.006336921360343695,0.03748070448637009,0.001108484691940248,0.0323813296854496,0.01128905825316906,0.06345677375793457,-0.026133624836802483,-0.01999133639037609,-0.03540867939591408,0.008746943436563015,0.06598647683858871,-0.011264616623520851,-0.061451178044080734,0.05011516064405441,0.05270352214574814,-0.024824583902955055,-0.02094094455242157,0.018792444840073586,-0.056720562279224396,0.004859400447458029,-0.020198184996843338,-0.020869845524430275,-0.02197641134262085,0.012018345296382904,0.03916670382022858,0.024342242628335953,0.015186619013547897,0.0057539865374565125,0.009034141898155212,-0.021293392404913902,0.016504043713212013,0.025338197126984596,0.016254492104053497,-0.016477983444929123,-0.005142182111740112,-0.00670802453532815,0.022308379411697388,0.002189870923757553,-0.0005012261681258678,0.01689273491501808,-0.011003260500729084,-0.0018538320437073708,-0.028553126379847527,0.04786808043718338,-0.08787564188241959,-0.03041543997824192,-0.0077163358218967915,0.0024044474121183157,-0.01769666187465191,0.06915556639432907,0.025892972946166992,-0.0075617386028170586,-0.026656217873096466,0.01728328876197338,-0.01023892778903246,0.01088875811547041,0.011884289793670177,-0.019499177113175392,0.02854641154408455,0.02962624281644821,0.011985482648015022,0.02300388365983963,0.04387114197015762,0.01547929272055626,-0.004914580844342709,0.04843611270189285,-0.03560579940676689,0.03780617192387581,-0.014082266949117184,-0.004827442113310099,0.03694966435432434,0.013150500133633614,0.03714446723461151,-0.038009162992239,0.03756539523601532,0.023638252168893814,-0.009034369140863419,-0.07266360521316528,-0.0014237886061891913,-0.009355018846690655,-0.023941876366734505,-0.017174437642097473,-0.08279862254858017,0.016799986362457275,0.059228572994470596,0.036216024309396744,0.008313348516821861,-0.04974639415740967,0.008536335080862045,0.05414914712309837,0.004732512403279543,-0.003126944648101926,-0.03418603166937828,-0.03640314191579819,0.026270156726241112,0.014993456192314625,0.017692215740680695,-0.015939563512802124,0.01813388429582119,-0.01647685468196869,0.017277102917432785,0.01051319669932127,-0.003001044737175107,-0.018999872729182243,0.03714647516608238,0.004799411632120609,-0.0201245304197073,0.05694357305765152,0.017895882949233055,-0.02339627593755722,-0.04227111116051674,0.03576143458485603,0.008607383817434311,0.022689005360007286,-0.04790361970663071,-0.009589939378201962,-0.05053260177373886,-0.03764800727367401,-0.004542302340269089,-0.02774059772491455,0.025769120082259178,0.01503264531493187,-0.0014039051020517945,0.01391773484647274,-0.00791235826909542,0.016449104994535446,0.0045288787223398685,0.046373799443244934,-0.03535636141896248,0.0401139110326767,0.013967969454824924,0.023768248036503792,0.005411739926785231,0.018413839861750603,0.024133775383234024,-0.011213792487978935,0.018083807080984116,0.04797304421663284,-0.006605700124055147,0.009312577545642853,-0.022371789440512657,0.01848294399678707,0.05300980061292648,0.004944645334035158,-0.045158226042985916,0.0032088803127408028,-0.008686206303536892,-0.02480931766331196,0.004308133386075497,-0.062363266944885254,-0.03227384388446808,0.07852739840745926,0.03410086780786514,-0.026028810068964958,-0.033190466463565826,-0.0017821721266955137,0.013840297237038612,0.012250425294041634,0.03097594529390335,-0.011807423084974289,0.007563198916614056,-0.026001889258623123,-0.017791537567973137,-0.019756533205509186,0.014688448049128056,0.056252043694257736,-0.0038192945066839457,0.026013627648353577,0.037726592272520065,-0.040056563913822174,-0.1469121277332306,0.0009093519183807075,-0.006567655596882105,-0.009875213727355003,-0.01801900565624237,-0.01650373823940754,-0.04507686197757721,0.013945133425295353,-0.056390199810266495,0.05935128033161163,-0.03134637326002121,-0.047702085226774216,-0.03149128332734108,0.002429452957585454,0.031259648501873016,-0.01705005392432213,-0.014734843745827675,0.036143410950899124,-0.02318190224468708,-0.03522053733468056,-0.018644064664840698,0.006581427995115519,-0.007340096402913332,0.0224861279129982,-0.046978339552879333,-0.048528704792261124,0.0847778394818306,0.022557688876986504,-0.04933173954486847,0.023023631423711777,-0.01853380724787712,-0.016773061826825142,-0.00024870107881724834,0.00042589250369928777,0.006202196702361107,-0.009377975948154926,0.020724892616271973,-0.017067942768335342,-5.6803677580319345e-05,-0.04384021833539009,0.041888684034347534,0.030312886461615562,-0.001945303287357092,0.00989565346390009,-0.0004175373469479382,0.027988607063889503,0.03675597161054611,-0.02431994304060936,-0.04867414012551308,0.0034980529453605413,-0.05079798772931099,0.007415067404508591,-0.006033753976225853,-0.03914825990796089,-0.03971201926469803,-0.027389632537961006,-0.00665501831099391,0.057206761091947556,-0.036491259932518005,-0.02709992788732052,0.02685711532831192,-0.004101212602108717,0.006308913230895996,0.005800976417958736,-0.006284571252763271,-0.03675726428627968,0.06644900888204575,0.005382221657782793,-0.0073317596688866615,-0.014846749603748322,0.024617638438940048,-0.062472254037857056,-0.04176344722509384,0.020323457196354866,0.046949855983257294,0.041335877031087875,-0.021284576505422592,0.004251441452652216,-0.026260120794177055,-0.10479602217674255,3.751752956304699e-05,-0.012311486527323723,0.05356564745306969,0.03975847736001015,-0.0061304932460188866,-0.03481143340468407,0.027775008231401443,0.012997033074498177,0.06669068336486816,0.21714353561401367,-0.02029232122004032,-0.029912449419498444,-0.009877381846308708,0.02364152856171131,-0.05253126472234726,0.03184660151600838,0.06821998208761215,0.01636018604040146,-0.012841735035181046,-0.016476163640618324,0.07743027061223984,0.011605559848248959,0.03860240429639816,-0.013615789823234081,-0.030590703710913658,-0.04152020812034607,-0.013622653670608997,0.040129899978637695,0.011935461312532425,0.011178573593497276,-0.031967394053936005,-0.03185997158288956,0.0047601088881492615,-0.030488476157188416,-0.0034774939995259047,0.014353116042912006,0.04816680774092674,-0.007997829467058182,0.03621997311711311,-0.03418613225221634,-0.010389387607574463,0.02742745541036129,0.04165660962462425,0.0018780800746753812,0.04118217155337334,-0.016580011695623398,0.004201921168714762,-0.018337432295084,-0.024356570094823837,-0.006039531901478767,-0.03417416661977768,-0.007650619372725487,0.004988296423107386,0.010343046858906746,-0.0018038538983091712,0.0017860677326098084,0.009104771539568901,-0.03640056401491165,-0.004837108310312033,0.02169167250394821,-0.013178340159356594,-0.012504997663199902,-0.009588697925209999,0.017811158671975136,-0.007232937030494213,-0.020920826122164726,-0.01975203864276409,0.037493109703063965,0.024922166019678116,0.04963652417063713,-0.01875404082238674,-0.030957242473959923,-0.024819957092404366,-0.029449503868818283,-0.03587187081575394,-0.03400210663676262,-0.04614187404513359,0.014214614406228065,-0.0204741470515728,0.033173393458127975,0.032332539558410645,0.015752054750919342,0.01974446140229702,0.020085889846086502,-0.036188412457704544,0.018608983606100082,0.08893486857414246,-0.07661323249340057,-0.018964365124702454,-0.026122817769646645,0.015616130083799362,-0.03448614850640297,0.0099303824827075,0.02268144302070141,0.018145281821489334,-0.05328882113099098,0.05583859235048294,-0.018645351752638817,0.013931202702224255,-0.0035486614797264338,-0.04868164658546448,-0.034884437918663025,0.011626644991338253,0.04119213670492172,0.0839272066950798,0.007460256572812796,-0.03332173824310303,-0.02456745319068432,-0.003845612518489361,0.035713497549295425,-0.017397979274392128,-0.023695101961493492,0.019530540332198143,-0.01257249154150486,0.005202872212976217,-0.007631055079400539,-0.011535698547959328,0.019266141578555107,0.04777440056204796,-0.05855024978518486,0.013979642651975155,-0.0072840191423892975,-0.027694150805473328,0.002353975549340248,-0.009444336406886578,0.0362740196287632,0.038604509085416794,-0.012253707274794579,0.023786306381225586,-0.024825019761919975,0.02556883543729782,0.012414584867656231,0.03646872937679291,0.04295964166522026,-0.08133279532194138,-0.023976650089025497,-1.3373193723964505e-05,-0.006828203797340393,0.08066234737634659,0.02901565283536911,-0.015143942087888718,0.028737418353557587,-0.031237227842211723,-0.001344582182355225,0.03383985161781311,-0.0344742015004158,0.010576549917459488,0.010476129129529,0.05742751061916351,-0.0398542620241642,0.008879942819476128,-0.02199028804898262,0.04130484536290169,-0.00379333458840847,0.007213952485471964,-0.02057371474802494,0.02298954501748085,-0.03125340864062309,0.018853485584259033,-0.038953036069869995,-0.005898405332118273,-0.0031699594110250473,0.013021061196923256,-0.009972300380468369,0.02591332234442234,-0.053309958428144455,0.02189822308719158,-0.00486395787447691,-0.007757211569696665,0.017728323116898537,-0.004986184183508158,0.018886636942625046,0.0753873959183693,-0.0108942911028862,-0.0069618141278624535,0.019534090533852577,-0.013711445033550262,-0.02174784243106842,-0.0532170794904232,-0.00251027662307024,-0.0295663233846426,-0.04468400776386261,0.029562434181571007,0.006511947605758905,0.004217665642499924,-0.02679016999900341,0.023741215467453003,-0.012202506884932518,-0.028398752212524414,-0.01780650205910206,-0.014126073569059372,-0.021490102633833885,-0.03993223235011101,0.04289860650897026,0.012405716814100742,-0.021123530343174934,-0.014837445691227913,0.008881797082722187,-0.028920836746692657,-0.006555572617799044,0.1048862412571907,-0.005844023544341326,-0.015195896849036217,0.054524004459381104,0.017800213769078255,0.01130814477801323,0.019719652831554413,0.0004972298629581928,0.012336375191807747,-0.018825260922312737,0.012661270797252655,-0.006363550201058388,0.005652740132063627,0.024194352328777313,0.011136291548609734,-0.02003984898328781,-0.04192689433693886,0.01466565765440464,0.005920421797782183,0.023902544751763344,-0.01990160532295704,0.010905930772423744,0.009921190328896046,0.02513096295297146,-0.0009044546168297529,0.013634076341986656,0.03376707807183266,0.04581080377101898,-0.09861402958631516,0.006616649683564901,0.026148563250899315,0.044848788529634476,-0.06561528891324997,-0.021493813022971153,0.05121518671512604,0.031561508774757385,-0.00816329661756754,-0.027531811967492104,0.014469007961452007,-0.0016929286066442728,-0.042354535311460495,0.035088539123535156,-0.013999288901686668,-0.025539761409163475,-0.019944123923778534,0.0013295208336785436,0.00950444396585226,0.049374889582395554,-0.012659960426390171,-0.026526914909482002,0.02947293221950531,0.048253316432237625,0.029540400952100754,0.008975048549473286,0.020831886678934097,-0.01879093423485756,-0.015632081776857376,-0.025470459833741188,0.03518415987491608,-0.026156840845942497,-0.023481782525777817,0.04335232824087143,-0.047973692417144775,0.009898912161588669,0.028134683147072792,-0.013690417632460594,-0.03228132426738739,-0.015953240916132927,-0.04621414467692375,-0.0351116843521595,0.007275456562638283,-0.010547044686973095,-0.00032537206425331533,-0.03743956610560417,-0.02143227867782116,-0.024276522919535637,0.015321110375225544,-0.030940797179937363,-0.02858138084411621,-0.034963589161634445,-0.0022005089558660984,-0.029940372332930565,0.00352902221493423,-0.021918345242738724,-0.019672779366374016,-0.04343242570757866,0.03509939834475517,-0.024432560428977013,-0.005243865307420492,-0.03520400449633598,0.006008992437273264,0.003332119667902589,0.04758521914482117,-0.03157491981983185,-0.04819886386394501,0.03494565933942795,-0.013784478418529034,-0.02088780328631401,-0.02053367905318737,0.018088718876242638,0.02271490916609764,-0.042095787823200226,0.006395443808287382,-0.017818178981542587,0.002849735552445054,-0.014713943935930729,0.045678120106458664,-0.0010730322683230042,-0.0011693534906953573,-0.01237406861037016,-0.027814224362373352,-0.006924024783074856,0.010892254300415516,-0.02619236335158348,-0.008920674212276936,0.022821364924311638,-0.037398990243673325,0.011972595937550068,0.03883792832493782,-0.06548382341861725,-0.07608475536108017,0.04092828184366226,0.0003047380596399307,-0.006662492640316486,-0.025859665125608444,0.06054447591304779,-0.057136502116918564,0.024334723129868507,-0.014484386891126633,-0.01725199818611145,0.025518033653497696,-0.015390955843031406,-0.019926143810153008,0.005444059614092112,-0.011721689254045486,-0.0370410718023777,-0.023261137306690216,-0.0023514695931226015,0.020624728873372078,-0.024429092183709145,-0.032538410276174545,0.00578855536878109,0.01131635531783104,0.025708533823490143,0.04376031085848808,0.017790280282497406,-0.05584730952978134,0.02258768118917942,-0.012166088446974754,0.005863483529537916,-0.01643499545753002,0.04213819280266762,-0.020146476104855537,0.02348027378320694,-0.03357362747192383,-0.0024766677524894476,0.021356988698244095,0.0387083925306797,-0.017465535551309586,0.025442833080887794,-0.002618773141875863,-0.03220507502555847,-0.08050531148910522,-0.006853892933577299,-0.005539854057133198,-0.011529183946549892,0.02186739630997181,0.011363856494426727,0.018180731683969498,-0.05308552086353302,0.04931655526161194,-0.007356841582804918,0.00894940085709095,0.016802579164505005,-0.027529504150152206,0.0407797135412693,0.02479393780231476,0.011756100691854954,-0.020273704081773758,-0.00215580640360713,-0.0018559214659035206,-0.04279439523816109,0.021331237629055977,-0.031928375363349915,0.04393738880753517,0.006710871588438749,-0.03972357511520386,0.03985406085848808,0.030607430264353752,-0.031810276210308075,0.020143436267971992,-0.015413189306855202,-0.03988032042980194,0.006718155927956104,-0.04393719881772995,-0.045124489814043045,0.024143515154719353,0.012483702972531319,0.06012639403343201,0.015050604939460754,-0.024397045373916626,-0.015564070083200932,0.023525645956397057,-0.12490087747573853,-0.013868267647922039,0.01619148440659046,-0.012763365171849728,0.0066138459369540215,0.0011820441577583551,0.03411668911576271,-0.019559361040592194,-0.03958969563245773,-0.0065731690265238285,-0.012925928458571434,-0.03160277009010315,0.028547056019306183,-0.04170634225010872,0.008683612570166588,0.03558617830276489,-0.03312164545059204,-0.05470183119177818,0.004228185396641493,0.047286536544561386,-0.019890880212187767,0.045606303960084915,-0.03964417055249214,-0.019199462607502937,-0.01961827091872692,0.014234637841582298,-0.012186110019683838,-0.016572194173932076,-0.03735996410250664,-0.031126776710152626,0.0004265600582584739,-0.04353984445333481,0.015254965983331203,0.03834310546517372,-0.025469979271292686,-0.028367633000016212,-0.02498534880578518,-0.04399015009403229,-0.005343148484826088,-0.010662169195711613,0.0024748805444687605,0.024406228214502335,-0.08030848205089569,-0.0075254887342453,-0.006794447544962168,0.04243624582886696,-0.0024468710180372,-0.029325060546398163,-0.05273394286632538,0.016383038833737373,0.01836744137108326,0.017755700275301933,-0.017958765849471092,-0.0026343585923314095,0.003920859191566706,-0.008853020146489143,-0.04803133010864258,-0.022761749103665352,-0.020465774461627007,0.05800306051969528,-0.017253706231713295,0.030975207686424255,-0.043024856597185135,-0.014497281983494759,0.04825441911816597,0.023581136018037796,-0.006207285448908806,0.029611168429255486,-0.013806275092065334,-0.00794845912605524,0.0006687060813419521,-0.015137366019189358,-0.0008890689350664616,-0.017047151923179626,-0.01703694649040699,-0.014010763727128506,0.01624981500208378,-0.016506657004356384,-0.023601995781064034,-0.016714034602046013,-0.07027491182088852,-0.05412456393241882,-0.019391722977161407,0.016411377117037773,0.029202589765191078,-0.020073847845196724,0.012449102476239204,-0.05015035718679428,-0.041289519518613815,-0.07898510247468948,-0.009155833162367344,-0.06957390159368515,-0.014168616384267807,0.01036802027374506,-0.02394360676407814,0.013980021700263023,0.01718505099415779,-0.01629307121038437,0.024928351864218712,0.024439584463834763,-0.01321390364319086,-0.014965358190238476,0.03777606040239334,-0.021150410175323486,-0.017848633229732513,-0.0024944634642452,0.014139244332909584,0.016791850328445435,0.004445877857506275,0.04208070784807205,-0.008546330034732819,0.013913501985371113,-0.01185533031821251,0.036226190626621246,-0.02705211192369461,-0.028225461021065712,0.015799539163708687,0.030861124396324158,-0.01919439062476158,-0.026623347774147987,0.004473875276744366,0.027244260534644127,0.0038766597863286734,-0.022228024899959564,0.021514441817998886,0.037981852889060974,0.02400507591664791,0.01723683997988701,0.008523100055754185,-0.002290233038365841,-5.702548514818773e-05,-0.02949867770075798,-0.05836101993918419,0.013347307220101357,0.06426509469747543,0.026781104505062103,-0.02622383087873459,0.04970492050051689,-0.01451830007135868,-0.0564194954931736,-0.013789202086627483,-0.01501555647701025,0.03001519851386547,-0.010167772881686687,-0.0031927060335874557,-0.022961702197790146,0.013109294697642326,0.0077721672132611275,-0.011504062451422215,-0.055221643298864365,-0.0076393554918468,0.05299830064177513,0.009081914089620113,0.04587545618414879,-0.025047164410352707,0.020317399874329567,-0.012988383881747723,0.027081789448857307,0.0029572644270956516,0.03916764631867409,0.01077922061085701,-0.04517579451203346,-0.008389032445847988,-0.022802097722887993,-0.01437606941908598,0.009363600984215736,-0.024812692776322365,-0.024487217888236046,-0.03409196063876152,0.005958999507129192,-0.0032056868076324463,0.011993715539574623,-0.04452202096581459,0.05512886494398117,0.0582941509783268,-0.016751719638705254,-0.0025249826721847057,0.006250150967389345,0.00739519065245986,0.04203008487820625,0.029287178069353104,-0.04034889489412308,0.05244194716215134,0.003548023756593466,-0.012324925512075424,0.03133155778050423,0.013446519151329994,0.014533999375998974,0.01696001924574375,-0.00019276663078926504,-0.01506612729281187,-0.011389687657356262,0.03206940367817879,-0.038399990648031235,0.050695862621068954,0.004540727939456701,0.03154100850224495,0.009706759825348854,-0.002249268116429448,0.08887530118227005,-0.04801907390356064,0.015219164080917835,0.03250651806592941,0.005647178739309311,0.016478780657052994,7.759142317809165e-05,-0.014957032166421413,0.009719505906105042,0.03743894398212433,-0.0036177930887788534,0.04130422696471214,0.006691675167530775,0.010956593789160252,0.023900173604488373,-0.0007318528951145709,-0.007526451256126165,-0.010984441265463829,0.021817784756422043,-0.021310321986675262,-0.026747044175863266,0.035361457616090775,0.012767523527145386,-0.0003773891367018223,-0.0015750249149277806,-0.01971685141324997,-0.01587798073887825,0.03770892694592476,0.015624864026904106,-0.015399561263620853,0.03279164060950279,0.004877936094999313,0.0348406657576561,0.013685233891010284,0.009599147364497185,0.04028552025556564,-0.0442521758377552,-0.04086962342262268,0.02593258023262024,0.0019050478003919125,0.005645995959639549,0.04223143681883812,0.004507898353040218,0.008632166311144829,-0.010229567065834999"
https://help.ptsecurity.com/ru-RU/projects/mp10/27.4/help/93816075,https://help.ptsecurity.com/ru-RU/projects/mp10/27.4/help/93816075,О MaxPatrol 10 · MaxPatrol 10 · Справочный портал,"О MaxPatrol 10
Positive Technologies MaxPatrol 10 (да­лее та­к­же — MaxPatrol 10) — это си­сте­ма, ко­то­рая пред­на­зна­че­на для сбо­ра, хра­не­ния и ана­ли­за дан­ных о со­бы­ти­ях, про­ис­хо­дя­щих в IT-ин­фра­струк­ту­ре ор­га­ни­за­ции. Это поз­во­ля­ет обес­пе­чи­вать мо­ни­то­ринг ин­фор­ма­ци­он­ной без­опас­но­сти как всей ин­фра­струк­ту­ры, так и от­дель­ных под­раз­де­ле­ний, уз­лов и при­ло­же­ний.
MaxPatrol 10 предо­став­ля­ет сле­ду­ю­щие ос­нов­ные воз­мож­но­сти:
Ин­вен­та­ри­за­ция ак­ти­вов.
Си­сте­ма ре­гу­ляр­но со­би­ра­ет дан­ные о се­те­вых уз­лах и свя­зях меж­ду ними.
Сбор дан­ных о со­бы­ти­ях.
В ка­че­стве ис­точ­ни­ка со­бы­тий мо­жет вы­сту­пать лю­бое под­дер­жи­ва­е­мое обо­ру­до­ва­ние или ПО.
Ана­лиз со­бы­тий для вы­яв­ле­ния ин­ци­ден­тов ИБ.
На­бор спе­ци­аль­ных пра­вил, на ос­но­ве ко­то­рых вы­пол­ня­ет­ся ана­лиз, по­сто­ян­но по­пол­ня­ет­ся экс­пер­та­ми Positive Technologies.
Управ­ле­ние ин­ци­ден­та­ми ИБ.
Си­сте­ма по­мо­га­ет ор­га­ни­зо­вать ра­бо­ту по рас­сле­до­ва­нию ин­ци­ден­тов ин­фор­ма­ци­он­ной без­опас­но­сти и устра­не­нию их по­след­ствий.
Ви­зу­а­ли­за­ция дан­ных.
Свод­ная ин­фор­ма­ция об ак­ти­вах, со­бы­ти­ях и ин­ци­ден­тах отоб­ра­жа­ет­ся в веб-ин­тер­фей­се си­сте­мы в виде диа­грамм и таб­лиц.
MaxPatrol 10 предо­став­ля­ет та­к­же до­пол­ни­тель­ные воз­мож­но­сти:
Па­ке­ты экс­пер­ти­зы.
Ис­поль­зо­ва­ние базы зна­ний, раз­ра­бо­тан­ной экс­пер­та­ми Positive Technologies. База со­дер­жит дан­ные о са­мых со­вре­мен­ных так­ти­ках и тех­ни­ках ха­кер­ских атак и по­мо­га­ет вы­яв­лять даже слож­ные нети­по­вые ата­ки.
Ав­то­ма­ти­за­ция ра­бо­ты с ак­ти­ва­ми.
Си­сте­ма мо­жет ав­то­ма­ти­че­ски уста­нав­ли­вать зна­чи­мость ак­ти­вов и сро­ки ак­ту­аль­но­сти дан­ных об ак­ти­вах, по­лу­чен­ных в ре­зуль­та­те ска­ни­ро­ва­ния IT-ин­фра­струк­ту­ры.
Ре­пу­та­ци­он­ные спис­ки.
Ак­ту­аль­ная ин­фор­ма­ция о вре­до­нос­ных IP-ад­ре­сах и хеш-суммах опас­ных фай­лов ис­поль­зу­ет­ся для предот­вра­ще­ния ин­ци­ден­тов.
По­втор­ная про­вер­ка со­бы­тий.
Ре­тро­спек­тив­ная кор­ре­ля­ция по­лу­чен­ных ра­нее со­бы­тий по­сле до­бав­ле­ния но­вых пра­вил или об­нов­ле­ния дан­ных таб­лич­ных спис­ков; ре­тро­спек­тив­ный по­иск ин­ди­ка­то­ров ком­про­ме­та­ции.
Кон­троль за­щи­щен­но­сти ак­ти­вов.
Си­сте­ма оце­ни­ва­ет и кон­тро­ли­ру­ет со­от­вет­ствие стан­дар­там без­опас­но­сти как всей IT-ин­фра­струк­ту­ры пред­при­я­тия, так и от­дель­ных уз­лов и си­стем.
От­прав­ка уве­дом­ле­ний.
Опо­ве­ще­ние опе­ра­то­ров об из­ме­не­ни­ях в IT-ин­фра­струк­ту­ре пред­при­я­тия, о ра­бо­те за­дач сбо­ра дан­ных, со­би­ра­е­мых со­бы­ти­ях, а та­к­же о вы­яв­ля­е­мых ин­ци­ден­тах ИБ.
Ин­те­гра­ция с PT NAD.
Ре­ги­стра­ция ин­ци­ден­тов на ос­но­ве сес­сий и атак.
Ин­те­гра­ция с MaxPatrol EDR.
Вы­яв­ле­ние слож­ных це­ле­вых атак и ав­то­ма­ти­че­ское ре­а­ги­ро­ва­ние на них.
Архитектура MaxPatrol 10",1,безопасности устранению последствий визуализация данных сводная информация активах событиях инцидентах отображается веб интерфейсе системы виде диаграмм таблиц maxpatrol10 предоставляет также дополнительные возможности пакеты экспертизы использование базы знаний разработанной экспертами positive technologies база содержит данные самых современных тактиках техниках хакерских атак помогает выявлять сложные нетиповые атаки автоматизация работы активами система автоматически устанавливать значимость активов сроки актуальности данных активах полученных результате сканирования it инфраструктуры репутационные списки актуальная информация вредоносных ip адресах хеш суммах опасных файлов используется предотвращения инцидентов повторная проверка событий ретроспективная корреляция полученных ранее событий добавления новых правил обновления данных табличных списков ретроспективный поиск индикаторов компрометации контроль защищенности активов система оценивает контролирует соответствие стандартам,"-0.023985646665096283,-0.02652375027537346,-0.01132629718631506,0.0379515215754509,-0.017742905765771866,-0.06329762935638428,0.028972920030355453,0.042486030608415604,0.018983134999871254,0.01809323951601982,-0.03226915001869202,0.015884529799222946,-0.054279979318380356,0.007576997857540846,0.026637066155672073,0.03332177549600601,0.034803323447704315,0.0012386019807308912,0.029876554384827614,-0.034919533878564835,-0.028615795075893402,0.0001178326056106016,-0.0017636133125051856,0.02161652408540249,-0.025556739419698715,0.0016059225890785456,-0.03310970589518547,-0.024034781381487846,0.0032067338470369577,0.09448569267988205,-0.012836294248700142,-0.01799030229449272,0.028580497950315475,0.013670999556779861,-0.054227314889431,-0.010297434404492378,-0.032299451529979706,-0.04185984656214714,-0.04266420751810074,0.037068746984004974,-0.007417641114443541,-0.017341356724500656,0.0050922781229019165,-0.01791054755449295,-0.00931678805500269,-0.0438799113035202,0.01870577037334442,-0.02272818796336651,-0.030708618462085724,-0.014112957753241062,-0.011449304409325123,-0.03615468367934227,0.022791413590312004,-0.06457147747278214,0.029306380078196526,0.011940215714275837,-0.02237587422132492,0.010153084993362427,-0.030644765123724937,0.025769595056772232,-0.02847359888255596,0.0031155687756836414,-0.007914003916084766,-0.001588507671840489,0.0132406335324049,0.0587698258459568,-0.036337800323963165,0.029554713517427444,-0.004312647040933371,-0.03210197389125824,0.01509183645248413,-0.0046312534250319,-0.017340730875730515,0.00017013546312227845,-0.06044497713446617,0.009818448685109615,0.041788000613451004,-0.02257373556494713,0.014906858094036579,-0.016450008377432823,-0.03780165687203407,-0.021496787667274475,-0.01684541255235672,0.023360345512628555,0.00037700688699260354,0.0355997160077095,0.0036641699261963367,0.057426951825618744,0.040863268077373505,0.0011930173495784402,0.009391030296683311,-0.004765951540321112,0.05350785329937935,-0.03926884010434151,-0.020237283781170845,-0.02399655058979988,-0.05149077624082565,0.011337065137922764,-0.001265497412532568,0.018042325973510742,0.025415172800421715,0.01620529405772686,-0.0051084416918456554,-0.005263306200504303,0.0644778162240982,-0.021185848861932755,0.03446159511804581,0.014246177859604359,0.010960221290588379,0.006258260924369097,0.00810958817601204,-0.033403608947992325,-0.008264929056167603,0.0024309558793902397,-0.005226482637226582,0.004295369144529104,0.029383517801761627,-0.017494982108473778,0.010061440989375114,-0.008324533700942993,0.05201598256826401,0.029300879687070847,0.044236306101083755,-0.0108395516872406,-0.017919056117534637,0.0035517411306500435,-0.017061762511730194,0.041254542768001556,0.02571207657456398,0.0010077219922095537,0.01913270726799965,0.03919445723295212,0.01854432374238968,-0.02717060223221779,-0.012132758274674416,-0.0013285460881888866,-0.008106282912194729,0.08608682453632355,0.0008696753648109734,-0.043471820652484894,0.0445459820330143,0.04605114087462425,-0.017029140144586563,-0.05214197561144829,0.027891313657164574,-0.06664416193962097,0.022695958614349365,-0.013932776637375355,0.01446168590337038,-0.03642977774143219,0.021307678893208504,0.027906198054552078,0.023886431008577347,0.020555296912789345,0.031808041036129,-0.03400931507349014,-0.02107442356646061,-0.01825636252760887,0.027532679960131645,0.004524589981883764,-0.005635058041661978,-0.01024736650288105,-0.002350795781239867,0.030709274113178253,0.023021889850497246,0.02524598315358162,0.014045328833162785,-0.02474573254585266,-0.008312302641570568,-0.008880936540663242,0.04034283384680748,-0.08869806677103043,-0.04597274586558342,0.009973210282623768,0.013390419073402882,-0.016272513195872307,0.080611951649189,0.041039224714040756,0.0255726408213377,-0.026846997439861298,0.03914400935173035,0.0008452424663119018,0.005476986523717642,0.005764658097177744,-0.0276921596378088,0.02801107056438923,-0.012429986149072647,-0.0019370903028175235,0.011077826842665672,0.042192332446575165,-0.009840077720582485,-0.016495803371071815,0.054148152470588684,-0.021150581538677216,0.011642771773040295,-0.030934417620301247,0.018894582986831665,0.011860259808599949,0.023480042815208435,0.016618715599179268,-0.027359088882803917,0.03990195319056511,0.02242385409772396,0.004241678863763809,-0.011046093888580799,0.00814001727849245,-0.004727627150714397,-0.00839698314666748,-0.0012358115054666996,-0.05831799656152725,0.016310619190335274,0.03402922675013542,0.03902580589056015,-0.009003352373838425,-0.05117816850543022,0.009136812761425972,0.009508436545729637,0.051996681839227676,-0.028201621025800705,-0.03794381767511368,-0.009332295507192612,0.023249143734574318,0.012371527962386608,0.001461755600757897,-0.01991291344165802,0.008856304921209812,-0.028857257217168808,0.03501684218645096,0.015705110505223274,-0.00722823292016983,-0.0038045751862227917,0.02487221546471119,0.008096171543002129,-0.03139011934399605,0.061030443757772446,0.015981772914528847,0.005957741755992174,-0.022438770160079002,0.031856052577495575,-0.0009680434595793486,0.01540419366210699,-0.05096503719687462,-0.011702261865139008,-0.04603416845202446,-0.03253859654068947,-0.010968092828989029,-0.006172599270939827,0.01694340445101261,-0.0026402364019304514,-0.00813702866435051,-0.002527855569496751,-0.004430454224348068,0.022751975804567337,0.012139571830630302,0.02126847207546234,-0.04356975480914116,0.03265531733632088,-0.00543083855882287,0.0057707298547029495,0.028205666691064835,-0.0024072816595435143,0.0346016101539135,-0.007246379274874926,0.02289135567843914,0.01851634867489338,-0.0075776465237140656,0.01793399080634117,-0.02367529459297657,0.007544998079538345,0.03400814160704613,0.016628120094537735,-0.03330962359905243,0.0011743878712877631,-0.009477942250669003,-0.012958505190908909,0.03230771794915199,-0.045970719307661057,-0.03998007997870445,0.11147737503051758,0.043971817940473557,-0.0372789241373539,0.00017774668231140822,-0.00795726291835308,-0.010701911523938179,0.002803062554448843,0.027916988357901573,-0.025358913466334343,0.002680673962458968,-0.015234384685754776,-0.0066543337889015675,-0.022504417225718498,-0.004422381520271301,0.05712834745645523,-0.00801023654639721,0.0337497740983963,0.02435275912284851,-0.018201803788542747,-0.15442398190498352,0.014718565158545971,-0.009331520646810532,0.0018046009354293346,-0.012181401252746582,-0.02018115483224392,-0.046030521392822266,0.03435666486620903,-0.05794031545519829,0.04901595786213875,-0.05244353041052818,-0.04991092532873154,-0.03931853920221329,-0.009803896769881248,0.03679536283016205,-0.013938363641500473,-0.019984573125839233,0.026645969599485397,-0.030135806649923325,-0.04889920353889465,-0.019071243703365326,-0.03159318119287491,0.00425575440749526,-0.019190790131688118,-0.05942931026220322,-0.04202224314212799,0.07803128659725189,0.003200266743078828,-0.04756933078169823,0.03459111228585243,-0.011828728020191193,0.03625092655420303,-0.0022244553547352552,0.024044547230005264,-0.022169554606080055,-0.00731348991394043,0.008495409972965717,-0.007337356451898813,0.023086287081241608,-0.061747822910547256,0.035867929458618164,0.04418856278061867,-0.03423184156417847,0.023889215663075447,0.006619851104915142,0.009652877226471901,0.03923394903540611,-0.011386197991669178,-0.04788175970315933,0.016156215220689774,-0.030903927981853485,-0.017597820609807968,0.012328200042247772,-0.014667757786810398,-0.05328861251473427,-0.02561473846435547,-0.0025332868099212646,0.05681966617703438,0.013967031612992287,-0.027058446779847145,0.031813185662031174,-0.026451166719198227,0.02683277241885662,-0.0052177454344928265,0.0029784245416522026,-0.018081098794937134,0.07215213030576706,-0.023342125117778778,-0.023076916113495827,-0.021674491465091705,0.0322110615670681,-0.06217128410935402,-0.022938691079616547,0.00031738606048747897,0.04957761615514755,0.011436862871050835,-0.03754816949367523,0.008136509917676449,0.0025368223432451487,-0.095535047352314,0.03618789091706276,-0.013564500026404858,0.02647152543067932,0.028154488652944565,-0.022812020033597946,-0.022456854581832886,0.041172660887241364,-0.024904366582632065,0.0333549901843071,0.23696225881576538,-0.015023177489638329,-0.028545992448925972,0.0060785748064517975,0.015659809112548828,-0.022748004645109177,0.04340282827615738,0.05204099044203758,-0.0010307596530765295,-0.012771186418831348,-0.028493033722043037,0.06518492102622986,0.02225012332201004,0.04100792482495308,0.0041446504183113575,-0.01999155431985855,-0.03809535503387451,0.0011301159393042326,0.059096697717905045,-0.007059681694954634,0.016027290374040604,-0.018544640392065048,-0.015154656022787094,0.04083818197250366,-0.0650278702378273,-0.0038813126739114523,0.0007824001368135214,0.06297153979539871,-0.014168445020914078,0.04558613523840904,-0.03261436149477959,-0.016666565090417862,0.0310820322483778,0.03999840095639229,-0.03730051964521408,0.029296718537807465,-0.01886099949479103,3.5818040487356484e-05,-0.03128485009074211,0.018553731963038445,-0.03312418609857559,-0.029771124944090843,0.010002990253269672,0.01106468215584755,0.02192450314760208,-0.0072067296132445335,0.011848647147417068,0.013502007350325584,-0.04025768116116524,0.0046624778769910336,0.013084879145026207,-0.01030693855136633,-0.021418262273073196,-0.003433373523876071,0.010931731201708317,-0.004952316638082266,-0.013195551000535488,-0.006555370055139065,0.0008683177875354886,0.01773078739643097,0.016958296298980713,-0.002691134111955762,-0.05479182302951813,-1.658144174143672e-05,-0.013590491376817226,-0.011346263810992241,-0.00563945434987545,-0.02114136517047882,0.023450888693332672,0.018566444516181946,0.020035214722156525,0.061812590807676315,0.008213900029659271,0.014725559391081333,0.0027989575173705816,-0.04027369245886803,0.004275239538401365,0.033363111317157745,-0.06937605887651443,-0.022071318700909615,-0.031461283564567566,0.01437124703079462,-0.03582712262868881,0.034483395516872406,0.021850252524018288,0.011034474708139896,-0.06402242183685303,0.06667133420705795,-0.027119586244225502,0.024029696360230446,-0.003848529187962413,-0.020494326949119568,-0.03385987505316734,0.023400327190756798,0.01722518354654312,0.08311395347118378,0.007372407708317041,-0.04544879123568535,-0.0015944393817335367,0.02190803363919258,0.04141857102513313,-0.027392085641622543,-0.04085799306631088,0.01314300112426281,0.02849261648952961,-0.007006056606769562,-0.008288287557661533,0.009107210673391819,-0.00420097541064024,0.03437815234065056,-0.04907967895269394,0.01724630407989025,-0.013469479978084564,-0.03229457139968872,0.01939055509865284,0.033902302384376526,0.02920604683458805,0.013873816467821598,0.009502699598670006,0.00175897974986583,-0.011570670641958714,0.07304897904396057,-0.013693408109247684,0.02635963447391987,0.008721500635147095,-0.06922168284654617,-0.038451191037893295,0.0334145650267601,-0.021454062312841415,0.054912567138671875,-0.000562054687179625,-0.007660774979740381,0.05164759233593941,-0.010872245766222477,0.00412778602913022,0.02039356902241707,-0.03486979752779007,0.009088831022381783,0.021190937608480453,0.05727679282426834,-0.01971440389752388,-0.0016856513684615493,-0.031068868935108185,0.0008123302832245827,-0.0019389822846278548,0.0031468842644244432,-0.015574016608297825,0.021275945007801056,-0.04111384227871895,0.03533107787370682,-0.02879497781395912,-0.005059298127889633,0.015284606255590916,-0.013387909159064293,-0.013869988732039928,0.016706377267837524,-0.051181308925151825,0.030759405344724655,-0.02020294964313507,-0.016587937250733376,0.009763982146978378,-0.01546523254364729,0.006156729534268379,0.035115696489810944,-0.000716117094270885,-0.022006448358297348,-0.005260234698653221,0.0019864512141793966,-0.017405129969120026,-0.03612849488854408,0.0012324280105531216,-0.005859183147549629,-0.04761752113699913,0.0490095429122448,0.016955548897385597,0.016162091866135597,-0.0556601844727993,0.013322179205715656,-0.006285106763243675,-0.01247880607843399,-0.0032829532865434885,0.008723043836653233,-0.023684754967689514,-0.02515467442572117,0.03481816500425339,0.001680679270066321,-0.01098034717142582,-0.015584179200232029,0.03835336118936539,-0.03420725837349892,-0.023111410439014435,0.10700567066669464,-0.008412693627178669,-0.019217688590288162,0.016850071027874947,0.019677400588989258,0.021017003804445267,0.034694742411375046,0.010270394384860992,-0.01623857207596302,-0.02723037451505661,0.012729471549391747,0.009007757529616356,0.02818213403224945,0.0035875982139259577,0.0174958948045969,-0.019819116219878197,-0.029250530526041985,0.007025635801255703,-0.020347608253359795,0.009758969768881798,0.00569568807259202,-0.03334680199623108,0.027712766081094742,0.018534954637289047,0.01367796678096056,-0.0073578981682658195,0.020912867039442062,0.03743702918291092,-0.06969788670539856,0.053090900182724,-0.014461544342339039,0.015399778261780739,-0.06952454149723053,0.0194046963006258,0.05814800411462784,-0.009618178941309452,-0.03513763099908829,-0.04738924652338028,0.003825020045042038,-0.0015611223643645644,-0.05127621814608574,0.03932347148656845,-0.005934701766818762,-0.015930360183119774,-0.05232344940304756,-0.0045867180451750755,0.017770538106560707,0.025179952383041382,-0.005484598223119974,-0.037578631192445755,0.029023490846157074,0.04447852075099945,0.02951093018054962,0.027823282405734062,0.008842536248266697,-0.01600703038275242,-0.02040870487689972,-0.04308640956878662,0.0010612388141453266,-0.02717173472046852,-0.024726545438170433,0.03399625048041344,-0.037075430154800415,0.02313845232129097,0.042308952659368515,-0.0011130593484267592,-0.011065597645938396,-0.06444497406482697,-0.047466058284044266,-0.031077753752470016,0.008488178253173828,0.005018198397010565,-0.015229955315589905,-0.05206521600484848,0.0010501276701688766,-0.0269587654620409,0.000829257711302489,-0.05358308553695679,-0.04757795110344887,-0.01244155690073967,-0.00962848961353302,-0.024093179032206535,-0.026067420840263367,-0.009007764048874378,-0.0041446085087955,-0.037304144352674484,0.016605516895651817,0.011086001060903072,0.002345623914152384,-0.045673731714487076,-0.010401971638202667,0.00912652350962162,0.04903769493103027,-0.03000958263874054,-0.041797101497650146,0.024856628850102425,-0.037449222058057785,-0.0007560573285445571,-0.008637871593236923,0.005725824274122715,0.015415945090353489,-0.0484607107937336,-0.005915767513215542,0.0058227418921887875,0.019034957513213158,-0.009459157474339008,0.04157254472374916,-0.013886655680835247,-0.0045550488866865635,-0.02347397990524769,-0.017197422683238983,-0.01339108869433403,0.023894216865301132,-0.018263453617691994,0.016503389924764633,0.017189964652061462,-0.027215534821152687,0.018653394654393196,0.009824748151004314,-0.05003472417593002,-0.08016030490398407,0.04214341565966606,0.02986293099820614,-0.03847108036279678,-0.034449007362127304,0.039333827793598175,-0.05904905125498772,0.021693997085094452,-0.04033385589718819,-0.009119774214923382,0.005044085904955864,-0.023268643766641617,-0.03474407270550728,-0.01739831641316414,0.014547374099493027,-0.03139318525791168,-0.02634827047586441,-0.021386267617344856,0.018688306212425232,-0.028837187215685844,-0.05379578843712807,0.007372424937784672,0.02675800397992134,0.03200335428118706,0.054474737495183945,0.02971380203962326,-0.0345621332526207,0.028942355886101723,0.014017270877957344,0.012843630276620388,-0.01669570803642273,0.04853125289082527,-0.02253076061606407,0.000562255852855742,-0.05464036390185356,0.002020265907049179,0.013238783925771713,0.0121163846924901,-0.03682518005371094,0.0020884210243821144,-0.005541718564927578,-0.0150161013007164,-0.05323397368192673,0.0006374316290020943,-0.0007527885609306395,-0.02562597766518593,0.00435276934877038,0.0076565868221223354,0.015529223717749119,-0.014126434922218323,0.057830095291137695,0.009875393472611904,-0.01716677099466324,0.017138108611106873,-0.008977438323199749,0.032530877739191055,0.005995216779410839,-0.022797532379627228,-0.012933876365423203,-0.010863197967410088,0.04019351303577423,-0.05093209445476532,0.0393054224550724,-0.05235620215535164,0.06244005635380745,-0.01979629322886467,-0.043037135154008865,0.03008631244301796,0.019174182787537575,-0.01097065769135952,0.020084170624613762,-0.02852693572640419,-0.050872012972831726,-0.007062464952468872,-0.03515475615859032,-0.02909601666033268,0.014480329118669033,-0.01127567607909441,0.03307472541928291,0.029145967215299606,-0.004056995268911123,-0.025091692805290222,0.010911927558481693,-0.14235979318618774,-0.006853926926851273,0.0004960121004842222,0.01374771911650896,-0.0031469508539885283,0.003549514804035425,0.020961232483386993,-0.034697458148002625,-0.0118856905028224,-0.010064679197967052,-0.02724495530128479,-0.018147269263863564,0.002745541511103511,-0.04018484801054001,0.016711946576833725,0.013783831149339676,-0.012334209866821766,-0.03690006211400032,0.01362853404134512,0.03959058225154877,0.0025053101126104593,0.02381870709359646,-0.009458226151764393,0.01620338298380375,0.0011678251903504133,0.02561754733324051,0.008231116458773613,-0.013443783856928349,-0.014499873854219913,-0.04080057516694069,-0.03773436322808266,-0.044992439448833466,0.02172616310417652,0.027960041537880898,-0.004698805045336485,-0.013759593479335308,-0.018563566729426384,-0.013071813620626926,-0.029895760118961334,-0.015062960796058178,-0.017379172146320343,0.01018530409783125,-0.06193132698535919,-0.0006481070886366069,-0.0044370354153215885,0.07572624832391739,-0.01895814575254917,-0.0331362709403038,-0.06939413398504257,3.845832179649733e-05,0.027671322226524353,0.02530769817531109,-0.04115094244480133,0.00044935342157259583,0.005822333972901106,0.011099080555140972,-0.07746277749538422,-0.01954583451151848,-0.041300125420093536,0.07589514553546906,-0.020437141880393028,0.04213890805840492,-0.030179200693964958,-0.0033285245299339294,0.06767783313989639,0.03603517264127731,-0.02369966171681881,0.04069354385137558,0.011458938010036945,-0.000189009471796453,-0.015303432010114193,-0.010707501322031021,-0.009126727469265461,-0.01077919639647007,-0.005607182625681162,-0.016947047784924507,0.017830003052949905,-0.004668704699724913,-0.012000644579529762,-0.009919408708810806,-0.025673793628811836,-0.04709606617689133,-0.0490519143640995,0.021022571250796318,0.05550000071525574,-0.0036980353761464357,-0.0067101167514920235,-0.013485951349139214,-0.029559914022684097,-0.056060463190078735,-0.0030108396895229816,-0.057109855115413666,-0.002551889745518565,-0.0018229945562779903,-0.048103731125593185,0.018900759518146515,0.02373098023235798,-0.005133489146828651,-0.0009169263066723943,0.015520848333835602,0.011982780881226063,-0.021793203428387642,0.04267308488488197,-0.005487768445163965,-0.014380104839801788,0.039133220911026,0.046573903411626816,-0.003586302977055311,-0.012906726449728012,0.017384180799126625,-0.019472511485219002,0.00654872041195631,-0.02323634922504425,0.023999998345971107,-0.03770608454942703,-0.04208563640713692,0.02240579016506672,0.04248581826686859,-0.024771807715296745,0.01211364846676588,0.04008645936846733,0.009048635140061378,0.0017885413253679872,-0.03702530264854431,0.04752327874302864,0.051401346921920776,-0.007457051891833544,0.03539351373910904,-0.014360681176185608,-0.021018821746110916,0.0008027528529055417,-0.05860490724444389,-0.03736042603850365,0.0213302131742239,0.05251298472285271,-0.007269770838320255,-0.003816362703219056,0.04116906225681305,-0.05707000195980072,-0.04178965836763382,-0.03339634835720062,-0.02280360274016857,0.026698006317019463,-0.0015041976002976298,0.009691290557384491,-0.016289396211504936,0.027827972546219826,0.04538911208510399,0.005857102107256651,-0.06896451115608215,-0.010530352592468262,0.02123929001390934,-0.006731937173753977,0.05515993759036064,-0.043355535715818405,0.022576099261641502,0.005211643408983946,-0.005139773711562157,-0.03048659674823284,0.06769683212041855,0.016240669414401054,-0.04361934959888458,-0.009765153750777245,-0.021774103865027428,0.00157638406381011,-0.005242425948381424,-0.027427688241004944,-0.005203539039939642,-0.028490014374256134,-0.011351956985890865,0.010977690108120441,-0.005359542090445757,-0.04585188627243042,0.00576399452984333,0.02383154258131981,-0.026652397587895393,-0.015750745311379433,0.0026976820081472397,0.036527324467897415,0.019637884572148323,0.026498893275856972,-0.012842596508562565,0.0619673915207386,0.01445718389004469,-0.006945133209228516,0.04390512406826019,0.027924085035920143,-0.0016817771829664707,-0.00889375526458025,-0.025103459134697914,-0.019916284829378128,7.763642315694597e-06,0.022605635225772858,-0.02979891560971737,0.061377398669719696,-0.010738835670053959,0.0279341172426939,-0.01230623945593834,0.01940113492310047,0.07783675193786621,-0.045999716967344284,0.018644241616129875,0.022941214963793755,0.003966412972658873,0.020962277427315712,-0.023097854107618332,-0.008601744659245014,-0.0063594793900847435,0.020220110192894936,-0.012261773459613323,0.03896890953183174,-0.0037076964508742094,0.00046647482668049634,0.01897902972996235,-0.01885269396007061,0.017636775970458984,-0.012102842330932617,0.013302631676197052,-5.4435196943813935e-05,-0.02917824313044548,0.025673124939203262,0.025982549414038658,0.009523266926407814,-0.02672361582517624,-0.03807857260107994,-0.03557534143328667,0.046136993914842606,0.022148026153445244,-0.0029508783482015133,0.04896228387951851,-0.022783882915973663,0.020839976146817207,0.012793759815394878,0.039295878261327744,0.03699009492993355,-0.02108396776020527,-0.052720457315444946,0.012032346799969673,-0.004657167010009289,0.018506206572055817,0.008703729137778282,0.015205769799649715,0.02040514163672924,-0.019269149750471115"
https://help.ptsecurity.com/ru-RU/projects/mp10/27.4/help/93816075,https://help.ptsecurity.com/ru-RU/projects/mp10/27.4/help/93816075,О MaxPatrol 10 · MaxPatrol 10 · Справочный портал,"О MaxPatrol 10
Positive Technologies MaxPatrol 10 (да­лее та­к­же — MaxPatrol 10) — это си­сте­ма, ко­то­рая пред­на­зна­че­на для сбо­ра, хра­не­ния и ана­ли­за дан­ных о со­бы­ти­ях, про­ис­хо­дя­щих в IT-ин­фра­струк­ту­ре ор­га­ни­за­ции. Это поз­во­ля­ет обес­пе­чи­вать мо­ни­то­ринг ин­фор­ма­ци­он­ной без­опас­но­сти как всей ин­фра­струк­ту­ры, так и от­дель­ных под­раз­де­ле­ний, уз­лов и при­ло­же­ний.
MaxPatrol 10 предо­став­ля­ет сле­ду­ю­щие ос­нов­ные воз­мож­но­сти:
Ин­вен­та­ри­за­ция ак­ти­вов.
Си­сте­ма ре­гу­ляр­но со­би­ра­ет дан­ные о се­те­вых уз­лах и свя­зях меж­ду ними.
Сбор дан­ных о со­бы­ти­ях.
В ка­че­стве ис­точ­ни­ка со­бы­тий мо­жет вы­сту­пать лю­бое под­дер­жи­ва­е­мое обо­ру­до­ва­ние или ПО.
Ана­лиз со­бы­тий для вы­яв­ле­ния ин­ци­ден­тов ИБ.
На­бор спе­ци­аль­ных пра­вил, на ос­но­ве ко­то­рых вы­пол­ня­ет­ся ана­лиз, по­сто­ян­но по­пол­ня­ет­ся экс­пер­та­ми Positive Technologies.
Управ­ле­ние ин­ци­ден­та­ми ИБ.
Си­сте­ма по­мо­га­ет ор­га­ни­зо­вать ра­бо­ту по рас­сле­до­ва­нию ин­ци­ден­тов ин­фор­ма­ци­он­ной без­опас­но­сти и устра­не­нию их по­след­ствий.
Ви­зу­а­ли­за­ция дан­ных.
Свод­ная ин­фор­ма­ция об ак­ти­вах, со­бы­ти­ях и ин­ци­ден­тах отоб­ра­жа­ет­ся в веб-ин­тер­фей­се си­сте­мы в виде диа­грамм и таб­лиц.
MaxPatrol 10 предо­став­ля­ет та­к­же до­пол­ни­тель­ные воз­мож­но­сти:
Па­ке­ты экс­пер­ти­зы.
Ис­поль­зо­ва­ние базы зна­ний, раз­ра­бо­тан­ной экс­пер­та­ми Positive Technologies. База со­дер­жит дан­ные о са­мых со­вре­мен­ных так­ти­ках и тех­ни­ках ха­кер­ских атак и по­мо­га­ет вы­яв­лять даже слож­ные нети­по­вые ата­ки.
Ав­то­ма­ти­за­ция ра­бо­ты с ак­ти­ва­ми.
Си­сте­ма мо­жет ав­то­ма­ти­че­ски уста­нав­ли­вать зна­чи­мость ак­ти­вов и сро­ки ак­ту­аль­но­сти дан­ных об ак­ти­вах, по­лу­чен­ных в ре­зуль­та­те ска­ни­ро­ва­ния IT-ин­фра­струк­ту­ры.
Ре­пу­та­ци­он­ные спис­ки.
Ак­ту­аль­ная ин­фор­ма­ция о вре­до­нос­ных IP-ад­ре­сах и хеш-суммах опас­ных фай­лов ис­поль­зу­ет­ся для предот­вра­ще­ния ин­ци­ден­тов.
По­втор­ная про­вер­ка со­бы­тий.
Ре­тро­спек­тив­ная кор­ре­ля­ция по­лу­чен­ных ра­нее со­бы­тий по­сле до­бав­ле­ния но­вых пра­вил или об­нов­ле­ния дан­ных таб­лич­ных спис­ков; ре­тро­спек­тив­ный по­иск ин­ди­ка­то­ров ком­про­ме­та­ции.
Кон­троль за­щи­щен­но­сти ак­ти­вов.
Си­сте­ма оце­ни­ва­ет и кон­тро­ли­ру­ет со­от­вет­ствие стан­дар­там без­опас­но­сти как всей IT-ин­фра­струк­ту­ры пред­при­я­тия, так и от­дель­ных уз­лов и си­стем.
От­прав­ка уве­дом­ле­ний.
Опо­ве­ще­ние опе­ра­то­ров об из­ме­не­ни­ях в IT-ин­фра­струк­ту­ре пред­при­я­тия, о ра­бо­те за­дач сбо­ра дан­ных, со­би­ра­е­мых со­бы­ти­ях, а та­к­же о вы­яв­ля­е­мых ин­ци­ден­тах ИБ.
Ин­те­гра­ция с PT NAD.
Ре­ги­стра­ция ин­ци­ден­тов на ос­но­ве сес­сий и атак.
Ин­те­гра­ция с MaxPatrol EDR.
Вы­яв­ле­ние слож­ных це­ле­вых атак и ав­то­ма­ти­че­ское ре­а­ги­ро­ва­ние на них.
Архитектура MaxPatrol 10",2,добавления новых правил обновления данных табличных списков ретроспективный поиск индикаторов компрометации контроль защищенности активов система оценивает контролирует соответствие стандартам безопасности всей it инфраструктуры предприятия отдельных узлов систем отправка уведомлений оповещение операторов изменениях it инфраструктуре предприятия работе задач сбора данных собираемых событиях также выявляемых инцидентах иб интеграция ptnad регистрация инцидентов основе сессий атак интеграция maxpatroledr выявление сложных целевых атак автоматическое реагирование архитектура maxpatrol10,"-0.027375442907214165,-0.02648325078189373,-0.04673197492957115,0.04942293465137482,-0.04300236329436302,-0.03416118398308754,0.02400844544172287,0.02288295328617096,0.006185167469084263,0.018963834270834923,-0.04734250530600548,-0.013308996334671974,-0.052624206990003586,0.019240187481045723,0.03772797808051109,0.02565126307308674,0.0206239502876997,-0.004906790796667337,0.0359891913831234,-0.01685468852519989,-0.007639434654265642,-0.0056251222267746925,-0.0011781256180256605,0.02238248661160469,-0.052573129534721375,0.026660526171326637,0.010621854104101658,-0.01618041656911373,-0.014771824702620506,0.08825094252824783,0.006234616041183472,-0.026682576164603233,0.03528151288628578,0.011097289621829987,-0.045730963349342346,-0.020534267649054527,0.0018227474065497518,-0.024066468700766563,-0.0444612018764019,0.051508206874132156,0.0013172607868909836,-0.012233751825988293,-0.0049132839776575565,-0.030915642157197,0.003508669789880514,-0.03975696861743927,0.021603694185614586,-0.036887720227241516,-0.041231919080019,-0.0015741166425868869,0.004437829367816448,-0.033233582973480225,-0.01868690364062786,-0.034594785422086716,0.01795404963195324,0.038694676011800766,-0.011900017969310284,0.019219567999243736,-0.02336311526596546,0.04680834710597992,-0.026353035122156143,0.004812113009393215,0.005820909980684519,-0.030814088881015778,0.020176686346530914,0.03920335695147514,-0.01830492913722992,0.005569661036133766,0.0060208821669220924,-0.02244837023317814,0.03712407499551773,-0.0030018077231943607,-0.008349459618330002,-0.0037738641258329153,-0.03807833418250084,0.034195125102996826,0.04417341575026512,-0.025798676535487175,-0.017195332795381546,-0.005924036260694265,-0.03511844947934151,-0.004796496592462063,-0.034549299627542496,0.04279346391558647,-0.026920877397060394,0.014830507338047028,-0.011720946058630943,0.02724035643041134,0.039955880492925644,0.00039888170431368053,0.03981517627835274,0.0002875725622288883,0.030659757554531097,-0.0496864914894104,-0.03242418169975281,-0.018053898587822914,-0.005063536111265421,0.006390484981238842,-0.01690858229994774,0.005360184703022242,0.03608877211809158,0.0073133232071995735,-0.0009645106038078666,-0.012088407762348652,0.0564115047454834,-0.006983316037803888,0.062109947204589844,0.008069250732660294,-0.0016145898262038827,0.009046023711562157,-0.0009230342693626881,0.006769179832190275,0.00020771364506799728,-0.0035900487564504147,-0.0022815694101154804,-0.01673385314643383,0.019525401294231415,-0.0030740934889763594,0.011705663055181503,-0.02210012823343277,0.039145756512880325,0.02013828046619892,0.037977807223796844,-0.0034773768857121468,-0.023181075230240822,-0.00033853479544632137,-0.03788655996322632,0.003815112402662635,0.013666415587067604,-0.007364042568951845,0.01285961177200079,0.046530745923519135,0.010464398190379143,-0.003138424828648567,-0.028080234304070473,-0.01944621466100216,-0.001291889464482665,0.03948882594704628,-0.008602160960435867,-0.07232226431369781,0.05378399416804314,0.006142773199826479,-0.04323648288846016,-0.026076460257172585,0.03931029886007309,-0.033928342163562775,0.015054674819111824,0.012165824882686138,0.012739499099552631,-0.028451455757021904,-0.0051442780531942844,0.028415940701961517,0.008327212184667587,0.04825481399893761,0.011814107187092304,-0.026295680552721024,-0.027421535924077034,0.005118689965456724,0.029193049296736717,0.007794093806296587,0.006596898660063744,0.007345842197537422,0.006085982080549002,0.049290284514427185,0.01056708674877882,0.003262667218223214,0.016666028648614883,-0.0026316000148653984,-0.0023162371944636106,-0.04027455672621727,0.03155728802084923,-0.06660743057727814,-0.024640807881951332,-0.0009725219570100307,-0.0022985260002315044,-0.005795967299491167,0.08747529983520508,0.039055708795785904,-0.018490474671125412,-0.02085011452436447,0.002931000431999564,-0.02928060106933117,0.001396593521349132,-0.008961272425949574,-0.008141794241964817,0.051744695752859116,0.0029554867651313543,-0.002102285623550415,0.014088945463299751,0.03571341559290886,-0.004653721582144499,-0.007499602623283863,0.09416814893484116,0.0038331160321831703,-0.011633548885583878,-0.006658113561570644,0.02472596988081932,0.007014776114374399,0.010709650814533234,0.008999106474220753,0.013849887065589428,0.04950534924864769,0.05076437443494797,-0.01807958260178566,-0.02867148444056511,0.021516144275665283,-0.001039547729305923,-0.017945192754268646,0.008004609495401382,-0.0772135928273201,-0.007883736863732338,0.017701148986816406,0.01211165077984333,0.024098144844174385,-0.04185013100504875,0.020482715219259262,-0.0034237925428897142,0.009520074352622032,0.00645441422238946,-0.052782218903303146,-0.04094219580292702,0.0322970412671566,0.0011951833730563521,0.0013988032005727291,-0.004408062901347876,-0.0044819144532084465,0.013219774700701237,0.03455062955617905,0.007433894090354443,0.006624880246818066,0.00926789827644825,0.02863205596804619,-0.005056967493146658,-0.047160468995571136,0.030232347548007965,-0.009509137831628323,-0.010014582425355911,-0.004662256222218275,0.02061583660542965,0.00092721899272874,0.010445752181112766,-0.040937069803476334,0.0013995219487696886,-0.03581463545560837,-0.0563388392329216,-0.025368107482790947,-0.03378446772694588,0.029069803655147552,-0.007735203020274639,0.007128000259399414,-0.02437424287199974,-0.025800250470638275,0.014366375282406807,-0.012010244652628899,0.012269096449017525,-0.02062229998409748,0.02346094138920307,0.011613735929131508,0.012788987718522549,0.040501177310943604,0.0029928230214864016,0.028253663331270218,0.023505225777626038,0.012200080789625645,0.04291312023997307,0.0012163158971816301,0.03646548092365265,-0.06456403434276581,0.010222116485238075,0.04359970614314079,0.0035736497957259417,-0.045716624706983566,0.02679653838276863,0.02088339254260063,-0.0032344667706638575,0.027465246617794037,-0.042888037860393524,-0.01097096037119627,0.09209009259939194,0.04007148742675781,-0.011541792191565037,0.006463526748120785,-0.005381599999964237,-0.017333654686808586,0.010649198666214943,0.032174281775951385,-0.013906366191804409,-0.019457656890153885,0.001561067416332662,-0.02159295603632927,-0.02533445507287979,-0.003948337864130735,0.07989691197872162,-0.018370751291513443,0.006017789710313082,0.022665178403258324,-0.006888187024742365,-0.1454363465309143,-0.006894359365105629,-0.031769752502441406,0.06297741085290909,-0.000838553300127387,-0.0007391448016278446,-0.0229753740131855,0.027407020330429077,-0.03364821523427963,0.054187580943107605,-0.05330405756831169,-0.05650670826435089,-0.0011917141964659095,-0.019684575498104095,0.03174695745110512,-0.0075692180544137955,-0.006941779050976038,0.042022496461868286,-0.021319082006812096,-0.02662881650030613,-0.04315926134586334,-0.037980321794748306,-0.022141871973872185,0.00014256188296712935,-0.06413129717111588,-0.023421749472618103,0.07570847123861313,-0.010498072020709515,-0.03287980332970619,0.02505582384765148,-0.03607712686061859,0.03872159868478775,0.009326384402811527,0.0028675792273133993,0.012681900523602962,0.015332446433603764,0.028190599754452705,0.0064954510889947414,0.002365521155297756,-0.014557616785168648,0.06416825205087662,0.03862348571419716,0.0006465691840276122,0.02110958844423294,0.005245566833764315,-0.002646146807819605,0.03979639336466789,-0.03496696427464485,-0.03700053319334984,0.027082154527306557,-0.029970478266477585,-0.0018898679409176111,0.004367167595773935,-0.02621123380959034,-0.05338282883167267,-0.03401603922247887,0.019546138122677803,0.04447151720523834,0.03588980808854103,-0.03980937972664833,0.027377424761652946,-0.00996329914778471,-8.80132065503858e-05,-0.03335144743323326,0.009828770533204079,-0.022951984778046608,0.06267575919628143,-0.01584109663963318,-0.0414096899330616,-0.03297032043337822,0.01485336385667324,-0.04583360254764557,-0.021563200280070305,-0.003482660511508584,0.018820807337760925,0.04124584048986435,-0.0632648691534996,0.04739498719573021,-0.03561355546116829,-0.11753559857606888,0.015452473424375057,0.002071133814752102,0.03237356245517731,0.00560716213658452,0.00964703131467104,-0.03637264296412468,0.01209433376789093,-0.02525641955435276,0.053911272436380386,0.24233384430408478,-0.018804792314767838,-0.04519420862197876,0.019927144050598145,0.016451973468065262,-0.04973039776086807,0.02880314737558365,0.035657405853271484,0.02831413410604,-0.00856925081461668,-0.021561844274401665,0.05688760429620743,0.014278107322752476,0.011207439936697483,0.012240792624652386,-0.04246761277318001,-0.048774611204862595,-0.0048467000015079975,0.03640102222561836,-0.029982544481754303,0.027356522157788277,-0.011698450893163681,0.0016994450706988573,-0.018700795248150826,-0.036455150693655014,0.01125339511781931,-0.0007914085872471333,0.028644490987062454,-0.007911846041679382,0.038508955389261246,-0.05590422824025154,0.00016641488764435053,0.04265059530735016,0.016895178705453873,-0.03711463510990143,0.027369216084480286,-0.011662563309073448,0.010280127637088299,-0.006053641438484192,-0.00028844299959018826,-0.0016667310846969485,-0.006537084002047777,0.015068035572767258,-0.016464238986372948,0.009027454070746899,-0.020972780883312225,-0.009490543976426125,-0.005325396079570055,-0.05728384107351303,0.007781604304909706,0.017042089253664017,-0.0008993311785161495,-0.005590071436017752,0.0012681942898780107,-0.004888781346380711,-0.007813872769474983,-0.01609513722360134,0.0009966748766601086,0.020356837660074234,0.01933329924941063,0.04669497162103653,-0.014644593931734562,-0.045080818235874176,-0.0003294601629022509,-0.05088179558515549,-0.0337444469332695,0.0006589150871150196,-0.028345370665192604,0.019868450239300728,0.011747942306101322,0.048988550901412964,0.06583237648010254,0.0075282324105501175,0.026504656299948692,0.01672988012433052,-0.038477953523397446,0.0466790497303009,0.01695202849805355,-0.08457615226507187,-0.022426385432481766,-0.053485505282878876,-0.02368435263633728,-0.026200130581855774,0.029894351959228516,0.017178606241941452,0.011317050084471703,-0.03257506713271141,0.0714099183678627,-0.01453988254070282,0.02270626462996006,0.006924204528331757,-0.034043069928884506,-0.0039032825734466314,0.012430978007614613,0.015287477523088455,0.053091250360012054,-0.006595483049750328,-0.06332175433635712,-0.01572640985250473,0.02365933544933796,0.03900478780269623,-0.01569553278386593,-0.05491092801094055,-0.007172664161771536,0.021231167018413544,-0.020059140399098396,-0.0005760439089499414,0.012816794216632843,-0.00348081486299634,0.03419148921966553,-0.04774094372987747,0.02308971807360649,-0.00494089350104332,-0.049712885171175,0.002232172293588519,0.04575192183256149,0.02842549793422222,0.0323885940015316,0.051265403628349304,-0.017241034656763077,-0.03581579774618149,0.047486089169979095,0.004895931575447321,0.00806871335953474,0.00355204357765615,-0.05763556808233261,-0.026844631880521774,-0.0077097187750041485,-0.030153658241033554,0.09134301543235779,0.02219388075172901,-0.010650595650076866,0.029298866167664528,0.00352842197753489,-0.016010219231247902,-0.0009073253604583442,-0.04266921058297157,0.008553178049623966,0.030693452805280685,0.07551464438438416,-0.01854454167187214,0.0016411966644227505,-0.04539671912789345,0.028117692098021507,-0.014610638841986656,0.015473435632884502,-0.0017303228378295898,0.02977043204009533,-0.06041019409894943,0.014170369133353233,-0.022395877167582512,-0.024925272911787033,0.030385056510567665,-0.0072827995754778385,-0.006342468783259392,-0.02100037969648838,-0.03647373244166374,-0.00508482102304697,-0.028624584898352623,0.0028321424033492804,-0.008263044990599155,-0.02010793425142765,0.01558616477996111,0.035021472722291946,-0.002921363105997443,-0.004362399224191904,-0.0010326231131330132,-0.001507191569544375,-0.03285812586545944,-0.0065019261091947556,-0.005157198291271925,-0.041743554174900055,-0.042439430952072144,0.02763085812330246,0.01609397493302822,-0.015804829075932503,-0.057647451758384705,0.0006661112420260906,-0.002672354457899928,-0.0223854947835207,0.010575898922979832,-0.004338396247476339,-0.015407733619213104,-0.06384050846099854,0.013238887302577496,0.039862748235464096,-0.004203083459287882,-0.011660032905638218,0.03602880612015724,-0.006884826347231865,-0.0308703500777483,0.10476364940404892,-0.008927682414650917,-0.011870787478983402,0.048364970833063126,0.03108937479555607,-0.00818499457091093,0.010976997204124928,-0.008667892776429653,-0.003989984281361103,-0.017937317490577698,0.004271479789167643,0.034602753818035126,-0.009725706651806831,0.006896147504448891,0.0263996385037899,-0.020788446068763733,-0.030659329146146774,0.007846534252166748,0.017702756449580193,0.01712644472718239,0.022602085024118423,-0.05577421933412552,0.010881079360842705,0.019617712125182152,0.0001447839749744162,0.008796763606369495,0.037912096828222275,0.010392768308520317,-0.0723341852426529,0.04119250178337097,-0.0055495514534413815,0.02876208908855915,-0.06919652968645096,-0.010386424139142036,0.07419124245643616,-0.011390707455575466,-0.04210083186626434,-0.013867425732314587,-0.006266193464398384,-0.012929008342325687,-0.03592361509799957,0.03580814227461815,-0.01583452895283699,-0.01974537968635559,-0.003719496075063944,-0.0030910870991647243,0.003236109856516123,0.011752160266041756,0.002362635685130954,-0.03046700544655323,0.04367995634675026,0.04071724787354469,0.03904208540916443,0.02455914206802845,0.028236379846930504,-0.05686713755130768,-0.01887701265513897,-0.025552848353981972,-0.004748784005641937,-0.0003764502762351185,-0.0529928095638752,0.0368308499455452,-0.05800594389438629,0.034659311175346375,0.04209315404295921,-0.028801456093788147,-0.025426415726542473,-0.024858882650732994,-0.03712892532348633,-0.026752285659313202,0.004924658220261335,-0.005233210977166891,-0.020495610311627388,-0.05222119390964508,0.001979343593120575,-0.021419208496809006,0.01152248028665781,-0.04457707330584526,-0.02666461654007435,0.005514494609087706,-0.025051230564713478,-0.026213008910417557,-0.006282167509198189,-0.008101720362901688,-0.008619443513453007,-0.017037883400917053,0.022932739928364754,0.010893677361309528,0.02900036983191967,-0.04267464578151703,0.005574564449489117,0.01556929387152195,0.03320444002747536,-0.014435512945055962,-0.021041670814156532,0.015317852608859539,-0.027567002922296524,-0.018741870298981667,-0.02058899961411953,0.03409832715988159,0.03417954221367836,-0.04147040843963623,0.01434612087905407,-0.004398790188133717,-0.002531925681978464,-0.003996659070253372,0.061300262808799744,-0.02508721314370632,-0.010340345092117786,-0.018848994746804237,-0.007788599468767643,0.010376019403338432,0.0018641701899468899,-0.027181992307305336,0.013477906584739685,0.015326211228966713,-0.013404594734311104,0.038254912942647934,0.010840563103556633,-0.01239821594208479,-0.07132278382778168,0.051038362085819244,0.049306537955999374,-0.008342070505023003,0.004843453876674175,0.050810206681489944,-0.06364409625530243,0.03517615795135498,-0.02742939256131649,-0.01711413264274597,0.032440055161714554,-0.05655457079410553,0.0029056291095912457,-0.01651194877922535,-0.0027559888549149036,-0.04252616688609123,-0.013323591090738773,-0.015532170422375202,-0.015929624438285828,-0.03737572580575943,-0.01565363258123398,0.004010473378002644,-0.003713472280651331,0.02189965359866619,0.027377327904105186,0.02063942328095436,-0.03659756854176521,0.03232349082827568,-0.0011879124213010073,0.010660444386303425,-0.024053562432527542,0.06362616270780563,-0.015132944099605083,0.008335163816809654,-0.0635107085108757,0.028567064553499222,0.0050303321331739426,-0.00010676585952751338,-0.029281705617904663,-0.01830242946743965,-0.027899937704205513,-0.03706467151641846,-0.06562583148479462,-0.01632842607796192,-0.039763595908880234,-0.008405664004385471,0.015121906995773315,0.008442483842372894,0.003898559371009469,-0.02784010022878647,0.040368013083934784,0.004491762723773718,-0.010631578974425793,0.0012127957306802273,-0.017607184126973152,0.04906529560685158,0.011102727614343166,-0.013753320090472698,-0.0063816555775702,-0.004704375751316547,-0.002902037464082241,-0.03348134458065033,0.0492304302752018,-0.007270001340657473,0.03141513839364052,-0.0026355383452028036,-0.020243581384420395,0.016082873567938805,0.015632085502147675,-0.018361957743763924,-0.0026373593136668205,-0.03727545961737633,-0.02904629334807396,-0.020950324833393097,-0.011971531435847282,-0.05294891446828842,0.0423843190073967,0.015191738493740559,0.03105015680193901,0.01392336841672659,-0.015443036332726479,-0.039323657751083374,-0.016814082860946655,-0.12162661552429199,-0.0066861342638731,0.019081253558397293,0.004834567196667194,-0.029726125299930573,-0.02567269094288349,0.020326359197497368,-0.035626091063022614,-0.0272403322160244,-0.03209725022315979,-0.02385793998837471,-0.027690425515174866,0.04750093072652817,-0.028231626376509666,0.031119240447878838,0.022602740675210953,-0.03606182336807251,-0.030609047040343285,0.0016206760192289948,0.026134254410862923,-0.0023135608062148094,0.01782224141061306,0.0026420101057738066,0.031163061037659645,0.029814235866069794,-0.009055431932210922,0.004381096921861172,-0.036476098001003265,-0.010856229811906815,-0.04906441643834114,-0.02837623842060566,-0.00948924757540226,0.022272810339927673,0.019152672961354256,-0.01953161135315895,0.0009177933679893613,-0.0359787754714489,-0.014485322870314121,0.006887513212859631,-0.021695950999855995,-0.02414628677070141,0.016379784792661667,-0.01750989630818367,-0.007450897246599197,-0.004187980201095343,0.057194750756025314,-0.0065408567897975445,-0.028120530769228935,-0.0831058919429779,0.03363675996661186,-0.0012755021452903748,0.01463831402361393,-0.05002804473042488,0.010244340635836124,-0.002627474954351783,-0.014067688025534153,-0.04111764207482338,-0.02171442285180092,-0.02838880941271782,0.03842241317033768,-0.04581981524825096,0.035469792783260345,-0.01290479488670826,-0.03278573229908943,0.05670379102230072,0.0238804891705513,-0.02900247648358345,-0.0029636858962476254,-0.014633133076131344,0.00552076380699873,0.005241036415100098,-0.024402031674981117,-0.01988152600824833,-0.019744090735912323,-0.020559893921017647,0.001221963088028133,0.02104519121348858,0.017260724678635597,0.037742599844932556,-0.013804025016725063,-0.05436154082417488,-0.018842965364456177,-0.007563506253063679,0.0116497240960598,0.053420890122652054,-0.030700435861945152,0.011641494929790497,-0.024238551035523415,-0.01779613085091114,-0.06317735463380814,-0.00846220925450325,-0.07603133469820023,0.0046043721958994865,0.012591193430125713,-0.022745272144675255,0.03200573846697807,0.00938483327627182,0.007864022627472878,0.008134474977850914,0.015385307371616364,-0.002955579897388816,-0.014580048620700836,0.021535826846957207,0.00848464760929346,-0.015126118436455727,0.02822278067469597,0.016811124980449677,-0.0019859459716826677,-0.013047565706074238,0.01646699383854866,0.005389017518609762,0.021349893882870674,-0.0497293658554554,0.020122062414884567,-0.05972492694854736,-0.02361336350440979,0.05114813894033432,0.04166203364729881,-0.04707543924450874,-0.017247207462787628,0.028939928859472275,0.046161603182554245,0.0016691989731043577,-0.014904595911502838,0.012760138139128685,0.021711155772209167,0.025793001055717468,0.03508908301591873,-0.019805360585451126,-0.009518640115857124,-0.008805534802377224,-0.04049871116876602,-0.06579470634460449,0.02627025730907917,0.0635862648487091,-0.01815268211066723,-0.022472737357020378,0.034962911158800125,-0.024115659296512604,-0.04717927798628807,-0.021508730947971344,-0.024071719497442245,0.0143109280616045,-0.023422829806804657,0.051879558712244034,-0.049893464893102646,-0.012689594179391861,0.0034473733976483345,0.00653358269482851,-0.062191106379032135,-0.028922442346811295,0.012971754185855389,-0.002633483847603202,0.057550981640815735,-0.032614920288324356,0.024022765457630157,-0.01861855387687683,0.033958666026592255,-0.008157827891409397,0.0738954097032547,0.027309700846672058,-0.011119560338556767,-0.025428781285881996,-0.04333101212978363,-0.012312757782638073,-0.014680145308375359,-0.022670049220323563,-0.017704181373119354,-0.04882150888442993,0.0022628367878496647,0.016286605969071388,0.0037414792459458113,-0.03792945668101311,0.005897006019949913,0.03655532747507095,-0.011164841242134571,-0.0034933844581246376,-0.014007198624312878,0.016475247219204903,0.03333544731140137,0.03066711686551571,-0.0014862616080790758,0.06344673782587051,0.011103466153144836,0.0007346801576204598,0.03352018818259239,0.026787661015987396,0.03494974225759506,-0.01653374917805195,-0.03369830921292305,0.017408257350325584,0.003538837656378746,0.04363388195633888,-0.013101238757371902,0.05923755094408989,-0.014407575130462646,0.06918017566204071,0.0140348756685853,0.019300103187561035,0.06922101229429245,-0.044282034039497375,0.006736473646014929,0.0305950827896595,-0.003307738108560443,0.006439839955419302,0.009747764095664024,-0.015100578777492046,-0.025274701416492462,0.02904767356812954,-0.012159595265984535,0.03167405724525452,0.00708562508225441,0.004935965873301029,0.03415726497769356,-0.015847228467464447,-0.006928694434463978,0.007002578116953373,0.0006216317415237427,-0.00030300882644951344,-0.017760664224624634,0.034435342997312546,0.036845456808805466,0.024954263120889664,-0.003944349009543657,-0.04227298125624657,-0.021257080137729645,0.07346169650554657,-0.0019240602850914001,-0.0029538164380937815,0.05527548864483833,-0.02715875767171383,0.023998402059078217,-0.0008876885403878987,0.023429086431860924,-0.002788582583889365,-0.0214188601821661,-0.08698109537363052,0.04056968912482262,-0.010763430967926979,0.024907706305384636,0.019189678132534027,0.01890125684440136,0.023387258872389793,-0.015361117199063301"
https://help.ptsecurity.com/ru-RU/projects/mp10/27.4/help/641938187,https://help.ptsecurity.com/ru-RU/projects/mp10/27.4/help/641938187,Работа с событиями · MaxPatrol 10 · Справочный портал,"Ра­бо­та с со­бы­ти­я­ми
MaxPatrol 10 обес­пе­чи­ва­ет:
сбор со­бы­тий, про­изо­шед­ших на ак­ти­вах;
филь­тра­цию со­бы­тий;
со­зда­ние ин­ци­ден­тов по со­бы­ти­ям, свя­зан­ным с ин­фор­ма­ци­он­ной без­опас­но­стью;
раз­лич­ное пред­став­ле­ние дан­ных о со­бы­ти­ях;
при­вяз­ку со­бы­тий к ин­ци­ден­там.
Вы мо­же­те управ­лять со­бы­ти­я­ми на стра­ни­це
Со­бы­тия
. По умол­ча­нию на ней отоб­ра­жа­ют­ся все со­бы­тия, свя­зан­ные с группа­ми ак­ти­вов, к ко­то­рым вам предо­став­лен до­ступ.
Кро­ме того, поль­зо­ва­тель с ро­лью ад­ми­ни­стра­то­ра MaxPatrol 10 мо­жет на­стра­и­вать ав­то­ма­ти­че­скую от­прав­ку на ад­рес элек­трон­ной по­чты уве­дом­ле­ний о по­яв­ле­нии со­бы­тий и от­че­тов.
Расширение области сбора данных для задач с модулем Audit
Фильтрация и группировка событий",0,работа событиями maxpatrol10 обеспечивает сбор событий произошедших активах фильтрацию событий создание инцидентов событиям связанным информационной безопасностью различное представление данных событиях привязку событий инцидентам можете управлять событиями странице события умолчанию отображаются события связанные группами активов которым предоставлен доступ кроме пользователь ролью администратора maxpatrol10 настраивать автоматическую отправку адрес электронной почты уведомлений появлении событий отчетов расширение области сбора данных задач модулем audit фильтрация группировка событий,"0.01869160495698452,-0.038915153592824936,-0.03255296126008034,0.028735164552927017,-0.06033492833375931,-0.03401754051446915,-0.0015144532080739737,0.03006344847381115,0.028240876272320747,0.021893316879868507,-0.004132526461035013,0.002135599497705698,-0.0354134663939476,6.563626084243879e-05,0.044280216097831726,0.03324656933546066,0.03184066712856293,0.005396263208240271,0.014813829213380814,-0.021893106400966644,-0.006081884726881981,-0.019821440801024437,-0.04907327517867088,0.0037014672998338938,-0.02098824456334114,-0.021318895742297173,-0.03297220543026924,-0.01830482855439186,-0.01068534143269062,0.023896602913737297,0.012091442942619324,-0.01029250118881464,0.022298047319054604,0.005973671562969685,-0.053979095071554184,-0.01406865008175373,-0.05076800286769867,-0.01601283997297287,-0.035964060574769974,0.06074804067611694,-0.02418753318488598,0.013518636114895344,0.0018724050605669618,-0.02717597410082817,-0.017731601372361183,-0.032189689576625824,0.007386867888271809,-0.020310766994953156,-0.05159220099449158,-0.015635093674063683,-0.03496038168668747,0.00940130278468132,0.04574659839272499,-0.07860089093446732,0.01652105711400509,0.02183041349053383,-0.02049931325018406,0.03229716420173645,-0.00912916287779808,0.03439287841320038,-0.03596576303243637,-0.007827703841030598,0.007378392852842808,-0.025302568450570107,0.02782088704407215,0.05353793501853943,-0.022934410721063614,0.011976470239460468,-0.0014987423783168197,-0.020074866712093353,0.023878004401922226,-0.0036855500657111406,0.006669088266789913,-0.039819054305553436,-0.03507210314273834,-0.005463315639644861,0.0500904880464077,-0.02900656685233116,-0.001567069673910737,-0.01136727910488844,-0.04571136459708214,-0.014631949365139008,-0.01830662041902542,0.02973315492272377,-0.012828938663005829,-0.031040798872709274,-0.003685764968395233,0.031257789582014084,-0.005113568622618914,-0.003247394459322095,0.027029378339648247,-0.005893772002309561,0.03764829412102699,-0.020768923684954643,-0.03001260757446289,-0.03647428750991821,-0.01723983697593212,-0.014031664468348026,0.017216190695762634,0.007338302209973335,0.017110081389546394,0.010340012609958649,-0.012180233374238014,-0.03614341467618942,0.03274787589907646,-0.013328813947737217,0.07377498596906662,0.03307584673166275,0.023446977138519287,0.010155371390283108,0.008221950381994247,-0.02672763541340828,0.015973681584000587,0.0015795951476320624,0.01842152699828148,-0.028577474877238274,0.017388319596648216,0.03494291380047798,0.007603867445141077,-0.0450870543718338,0.021342989057302475,0.015254218131303787,0.0362149141728878,0.01892845705151558,-0.022766422480344772,-0.022920217365026474,-0.043966908007860184,0.009066887199878693,0.049138590693473816,0.00746965454891324,0.05524613708257675,0.04547968506813049,0.038018763065338135,-0.005383346229791641,-0.022853298112750053,-0.009089688770473003,0.01001707836985588,0.062655508518219,0.007144345436245203,-0.025646047666668892,0.04769115895032883,0.05965428054332733,-0.049492958933115005,-0.019331516698002815,-0.00019147564307786524,-0.06979747861623764,0.04042915254831314,0.0072321295738220215,-0.01504549104720354,-0.006447687745094299,0.001540093100629747,0.036856647580862045,-0.004667267203330994,0.011018095538020134,-0.002185195218771696,-0.016919294372200966,-0.01834690012037754,-0.030985776335000992,0.06695713847875595,0.01853196881711483,0.019073596224188805,-0.005248826928436756,-0.044842131435871124,0.03852406516671181,0.01323707029223442,-0.032350003719329834,-0.011503942310810089,0.023716876283288002,0.010926120914518833,-0.01202479936182499,0.03076583333313465,-0.0944165363907814,0.00662583252415061,0.002535110805183649,0.008313248865306377,-0.010360132902860641,0.07492593675851822,0.03255739435553551,-0.020709369331598282,-0.02521967701613903,0.026151927188038826,-0.010388544760644436,0.009607323445379734,0.0004924999666400254,-0.021686410531401634,0.03846648707985878,-0.003969855140894651,-0.026374485343694687,0.023236775770783424,0.05632554367184639,-0.022735731676220894,-0.045157141983509064,0.07339209318161011,-0.0217425636947155,0.0374099463224411,-0.01703256368637085,-0.010117844678461552,0.0510159432888031,0.018231922760605812,0.035092879086732864,-0.006806672550737858,0.04883992299437523,0.036258403211832047,-0.022399192675948143,-0.03190533444285393,0.00722168106585741,0.010121886618435383,-0.02150425873696804,-0.010806837119162083,-0.03268439322710037,0.014740078710019588,0.03504064306616783,0.004350121133029461,-0.02057051472365856,-0.05487018823623657,0.0012785476865246892,0.02628091350197792,0.017384232953190804,-0.0005651061655953526,-0.0610242635011673,-0.02972223423421383,0.06544873118400574,0.0066521381959319115,0.03174852207303047,-0.0058215307071805,-0.003604816272854805,-0.00860224012285471,0.02652708999812603,-0.02354123443365097,0.012211979366838932,-0.026168400421738625,0.010264297015964985,0.03284047544002533,-0.014861734583973885,0.002814497333019972,-0.034167367964982986,-0.01678617112338543,-0.017327342182397842,0.010422837920486927,0.010260642506182194,0.0009296452044509351,-0.04621922969818115,0.019408442080020905,-0.037622369825839996,-0.03518582135438919,0.025189390406012535,-0.010932994075119495,0.03311404958367348,0.006175743881613016,-0.02287144772708416,0.018452327698469162,0.028284640982747078,0.038571834564208984,-0.008594390004873276,0.028205014765262604,-0.0540165938436985,0.0227974746376276,0.01839769259095192,0.01800510473549366,0.010893657803535461,-0.017043812200427055,0.034189000725746155,-0.010184425860643387,-0.003610184183344245,0.012189862318336964,-0.03726641461253166,0.018470095470547676,-0.016507303342223167,0.0031010890379548073,0.016829319298267365,0.0020292438566684723,-0.023743746802210808,0.033490777015686035,-0.01656988449394703,0.005953801795840263,-0.012425050139427185,-0.04812520369887352,-0.03015798144042492,0.08639465272426605,0.031829267740249634,-0.01985429786145687,-0.02061251364648342,0.01965039223432541,0.022962329909205437,-0.00878132600337267,0.060709062963724136,-0.023137422278523445,0.005381313618272543,-0.029051125049591064,0.004331430420279503,-0.004903119057416916,-0.004104136489331722,0.06387907266616821,-0.03659690171480179,0.041986510157585144,0.021199718117713928,-0.03284979611635208,-0.1322055459022522,-0.0019263974390923977,-0.0037955252919346094,-0.0020359312184154987,0.005555596202611923,0.006156660616397858,-0.0069755190052092075,0.028857268393039703,-0.03929855301976204,0.06562131643295288,-0.05033867061138153,-0.05168402940034866,-0.013236657716333866,-0.0019039291655644774,0.011284474283456802,0.0026351383421570063,-0.018287450075149536,0.04129940643906593,-0.023329243063926697,-0.029776155948638916,-0.032320208847522736,-0.03134321793913841,-0.021738767623901367,0.03509238362312317,-0.07087264955043793,-0.02679217793047428,0.07575669884681702,-0.017973599955439568,-0.02404142916202545,0.024912642315030098,-0.0014582364819943905,-0.005628796759992838,0.008946910500526428,0.0061050113290548325,-0.015155644156038761,0.011282118037343025,0.02857314981520176,-0.020491741597652435,0.0009938108269125223,-0.03387129306793213,0.0455658845603466,0.046220745891332626,0.011761697940528393,0.018664216622710228,-0.03370123356580734,0.007855291478335857,0.01477604079991579,-0.010582144372165203,-0.044099435210227966,0.02019091695547104,-0.07413273304700851,-0.001808551955036819,0.011002007871866226,-0.028450630605220795,-0.03772323951125145,-0.023245155811309814,0.008255279622972012,0.03319921717047691,-0.001744323642924428,0.001039476366713643,0.012032239697873592,-0.0028776770923286676,0.0019694818183779716,-0.001963940914720297,0.024273907765746117,0.002633095718920231,0.05178230628371239,-0.019880294799804688,-0.008879323489964008,-0.03605075925588608,0.03188929706811905,-0.0943777933716774,-0.05354480445384979,0.043425366282463074,0.01964566670358181,0.006180213298648596,0.00046759509132243693,0.026239078491926193,-0.012601243332028389,-0.09260331094264984,-0.002068242523819208,0.0005426710704341531,0.025033775717020035,0.01226736418902874,-0.011887899599969387,-0.0645221397280693,0.023967789486050606,-0.024731166660785675,0.04189911484718323,0.22770459949970245,0.0015649863053113222,-0.008042787201702595,0.023807652294635773,0.04187610000371933,-0.037245627492666245,0.024199390783905983,0.08249063044786453,0.017173627391457558,-0.010490854270756245,0.01231690589338541,0.032241854816675186,-0.003952835686504841,0.0285281240940094,0.004974060691893101,-0.02643294632434845,-0.030908063054084778,-0.005912781227380037,0.03925934061408043,-0.003157960018143058,0.0007928747218102217,-0.03903958946466446,-0.014163642190396786,0.016817474737763405,-0.021422915160655975,-0.019416963681578636,0.0043207756243646145,0.0405876561999321,-0.014212134294211864,0.03123503364622593,-0.022046908736228943,0.03285915404558182,0.035131797194480896,0.019521815702319145,-0.009850414469838142,0.06080002337694168,0.01807953044772148,-0.013172675855457783,-0.003973368089646101,-0.022647831588983536,0.003212573705241084,-0.024497440084815025,0.0047671860083937645,-0.00014317619206849486,0.028355536982417107,-0.0078118774108588696,-0.00059528648853302,0.021625442430377007,-0.05656227469444275,-0.005934134591370821,0.0424686074256897,-0.01418081484735012,-0.00019827003416139632,-0.008712250739336014,-0.001514789997600019,-0.011160229332745075,-0.020751165226101875,0.00048261048505082726,0.01330406591296196,-0.010786004364490509,0.04136316850781441,-0.011131705716252327,-0.013508200645446777,-0.014110412448644638,-0.037467751652002335,-0.020987408235669136,-0.05703810974955559,-0.026730762794613838,0.021325232461094856,-0.00125274364836514,0.010331599041819572,0.036643143743276596,0.029607238247990608,0.02488904446363449,-0.011469385586678982,-0.04102266952395439,0.037874676287174225,0.04579763114452362,-0.08309683948755264,-0.042176928371191025,-0.04314548894762993,-0.0012153881834819913,-0.03219163790345192,0.02906712330877781,0.03565650433301926,0.029496317729353905,-0.00915963388979435,0.09202997386455536,0.006514944601804018,0.057329967617988586,0.016787035390734673,-0.023210644721984863,0.016004977747797966,0.01062337588518858,0.024942798539996147,0.07975863665342331,-0.037301111966371536,-0.03772864490747452,-0.011605419218540192,-0.00016141888045240194,-0.008441352285444736,-0.03805042430758476,-0.027968738228082657,-0.02455420233309269,0.012334449216723442,-0.008839936926960945,5.662976764142513e-05,0.0020478542428463697,0.0011465701973065734,0.042132094502449036,-0.05875300243496895,-0.004607491195201874,0.010252521373331547,-0.0652429386973381,0.0036528019700199366,0.02718508429825306,0.05667455866932869,0.03336111456155777,0.025482965633273125,-0.013812825083732605,-0.01935792714357376,0.03275087848305702,0.005695673171430826,0.033625535666942596,0.016318488866090775,-0.10040928423404694,0.0033546641934663057,-0.0032776619773358107,-0.022022297605872154,0.04979895055294037,0.0018825598526746035,-0.014603616669774055,0.03033558651804924,0.006430263165384531,0.013977770693600178,0.029691258445382118,-0.037548284977674484,0.02986748516559601,0.022196089848876,0.053305964916944504,-0.03397051990032196,0.019740303978323936,-0.016903407871723175,0.04716011509299278,-0.004076399840414524,0.03837135061621666,-0.037028562277555466,0.011855139397084713,-0.048732690513134,0.03050198219716549,-0.002927600173279643,0.0052141956984996796,0.012596738524734974,0.02433815598487854,0.006770945154130459,-0.02073897421360016,-0.03843033313751221,0.013515261933207512,0.005685690324753523,-0.006693643052130938,-0.0003910088271368295,-0.005317550618201494,0.024842211976647377,0.05964985862374306,-0.03203444182872772,-0.0009747876902110875,-0.005606402643024921,-0.014564414508640766,-0.03274045139551163,-0.009954707697033882,0.01959705539047718,-0.03293466940522194,-0.053647611290216446,0.00895719788968563,0.018360095098614693,0.003747479524463415,-0.012404195964336395,0.00481810700148344,-0.019441168755292892,-0.04638688266277313,-0.032407887279987335,-0.008471734821796417,0.00852450542151928,-0.0523051917552948,0.05761632323265076,-0.0001540295488666743,0.026880057528614998,-0.003859511110931635,-0.0016120524378493428,-0.03212352469563484,-0.017760779708623886,0.11536680907011032,0.021770041435956955,-0.018161261454224586,0.04485112056136131,0.03075120970606804,0.010863995179533958,0.03783957660198212,-0.0069902935065329075,0.011028916575014591,-0.027676695957779884,0.008715951815247536,-0.0074849436059594154,0.005650398321449757,0.014180933125317097,-0.01650160364806652,-0.04967310279607773,-0.04498948156833649,0.016059396788477898,0.011644351296126842,0.02562226541340351,-0.015721529722213745,-0.01666068285703659,0.0011120388517156243,0.006153604947030544,-0.00044270354555919766,0.026964958757162094,0.043795760720968246,-0.0007489985437132418,-0.07444266229867935,0.030710097402334213,0.005083975847810507,-0.009824894368648529,-0.04485432803630829,-0.02244250290095806,0.033455271273851395,0.026110947132110596,-0.019076665863394737,-0.04072122275829315,-0.019679808989167213,-0.013144243508577347,-0.031480081379413605,0.04326866567134857,-0.01738385669887066,-0.05348300561308861,-0.013132714666426182,0.00707998825237155,0.014022009447216988,0.01939680241048336,-0.021213099360466003,-0.04874119907617569,0.042540472000837326,0.05773962289094925,0.047533221542835236,0.01686437614262104,0.006862793583422899,-0.02489209920167923,0.0062347217462956905,-0.015410679392516613,0.03891182690858841,-0.03268852084875107,-0.051310814917087555,0.054532647132873535,-0.07474644482135773,0.004001437686383724,0.029932934790849686,-0.001427816110663116,-0.01684633456170559,-0.016159243881702423,-0.054696790874004364,-0.031111622229218483,0.009736430831253529,-0.0005406432901509106,-0.01164991594851017,-0.03327176347374916,-0.02634812518954277,-0.020412571728229523,-0.02860504388809204,-0.03689286485314369,-0.009833451360464096,0.0003679935762193054,-0.002927696332335472,0.023856209591031075,-0.005083760246634483,-0.022382793948054314,-0.0064683095552027225,-0.036376405507326126,0.03939799591898918,0.04010387510061264,-0.007792728021740913,-0.027692072093486786,-0.004738784395158291,-0.009125291369855404,0.030377157032489777,-0.009809996001422405,-0.03406307101249695,0.014180215075612068,-0.03890424221754074,-0.011311875656247139,-0.003880759933963418,0.00784591306000948,0.008865723386406898,-0.06287121027708054,0.014393613673746586,-0.019466690719127655,-0.008906835690140724,0.0031532179564237595,0.06987793743610382,0.018202688544988632,-0.0037638344801962376,0.006490329746156931,-0.012444533407688141,0.013970200903713703,0.016409145668148994,-0.03447911888360977,-0.031579408794641495,-0.005059549119323492,-0.04275152459740639,-0.002897184807807207,0.027917012572288513,-0.047191064804792404,-0.09739767014980316,0.022526279091835022,0.011065144091844559,-0.016797419637441635,-0.03173233941197395,0.04034016281366348,-0.06995897740125656,0.014740095473825932,-0.019227752462029457,-0.030186593532562256,0.016882585361599922,-0.031159736216068268,0.010487275198101997,-0.030032329261302948,0.005588857922703028,-0.04312235489487648,-0.04350791871547699,-0.013238023966550827,-0.014190923422574997,-0.039778221398591995,-0.02660607174038887,0.016424447298049927,-0.0013154499465599656,-0.014550551772117615,0.0025890476536005735,0.043890710920095444,-0.004914034623652697,0.009275137446820736,0.029246356338262558,-0.0017976837698370218,0.0001483447995269671,0.06354258954524994,-0.024307167157530785,0.026555778458714485,-0.012621349655091763,-0.015176104381680489,-0.007977280765771866,0.001726801390759647,-0.012582935392856598,-0.007198329549282789,0.01552341878414154,-0.022912461310625076,-0.06682974845170975,-0.014670704491436481,-0.021716734394431114,-0.052686866372823715,0.005570128560066223,0.0355285219848156,0.014228143729269505,-0.03457827866077423,0.05096108466386795,-0.004905215464532375,-0.02194611169397831,0.0029448051936924458,-0.025654690340161324,0.01726500503718853,0.041163329035043716,-0.0036345506086945534,-0.0035142775159329176,-0.004517130088061094,-0.009806339628994465,-0.051437027752399445,0.017754457890987396,-0.02175317518413067,0.02186836116015911,-0.01461849920451641,-0.04852597415447235,0.003944846801459789,0.004962889943271875,-0.03663964942097664,0.03643479198217392,-0.041270289570093155,-0.03075350634753704,0.006166055798530579,-0.06452416628599167,-0.0438544936478138,-0.004683569073677063,0.0077204834669828415,0.041775647550821304,0.0018152734264731407,-0.014157463796436787,-0.018398476764559746,0.011324230581521988,-0.12018268555402756,-0.0019377643475309014,-0.006310169585049152,-4.172488843323663e-05,-0.017781758680939674,0.006596921943128109,0.0008686295477673411,-0.011470410972833633,-0.046932823956012726,0.0031914685387164354,-0.01263459213078022,-0.07315104454755783,0.02015073038637638,-0.04660066217184067,0.019505726173520088,0.042141903191804886,-0.013703960925340652,-0.04833193123340607,-0.003272349713370204,0.03985384851694107,-0.025416409596800804,0.053104281425476074,-0.012997405603528023,0.0033002234995365143,-0.006644125562161207,0.008261085487902164,-0.001515346928499639,-0.007495511323213577,-0.032164499163627625,-0.02993323653936386,-0.01080502662807703,-0.0389266237616539,0.02891525812447071,0.033847130835056305,0.004520344082266092,0.03116506338119507,0.005522157531231642,0.007313103415071964,0.01814076118171215,0.007681908085942268,-0.017468402162194252,0.00461935717612505,-0.05407150462269783,-0.01052384078502655,0.028275251388549805,0.04094885289669037,-0.001994709251448512,-0.032937414944171906,-0.0442996546626091,0.03127579018473625,0.04401291161775589,0.014817406423389912,-0.001533147762529552,0.01297198049724102,-0.00565195782110095,0.0008642861503176391,-0.02237105928361416,-0.039583832025527954,-0.0180530808866024,0.07347868382930756,-0.038992296904325485,0.031082715839147568,-0.040524519979953766,-0.010028875432908535,0.016996780410408974,0.01257646456360817,-0.003567957552149892,0.030389150604605675,0.0022443353664129972,-0.007154656574130058,0.013911575078964233,-0.06336743384599686,-0.00800135638564825,0.00921530183404684,-0.020173748955130577,-0.019718922674655914,0.018775293603539467,-0.006787220481783152,-0.02679365873336792,0.006605714559555054,-0.06626606732606888,-0.035933997482061386,-0.04015808925032616,-0.0013469929108396173,0.01975255459547043,0.015987321734428406,0.01393615547567606,-0.025969235226511955,-0.05741770192980766,-0.08403528481721878,-0.016763105988502502,-0.05986763536930084,-0.010067496448755264,0.016991162672638893,-0.016058068722486496,0.03365585580468178,-0.005196654237806797,0.014109357260167599,0.018689431250095367,0.024398675188422203,-0.0016983140958473086,-0.018720723688602448,0.05609066039323807,-0.007162850815802813,-0.0006090124952606857,0.011060294695198536,0.01855674386024475,-0.005254455842077732,-0.016830820590257645,0.029173962771892548,0.0016892183339223266,0.02936711348593235,-0.02958853170275688,0.01463233307003975,-0.03996744751930237,-0.01887540891766548,0.019566912204027176,0.05118102952837944,0.0006112233968451619,0.023025784641504288,0.025891033932566643,-0.01072788704186678,0.015041560865938663,-0.02055530436336994,0.02227531373500824,0.02281341329216957,0.035264529287815094,0.04852927103638649,-0.02333223447203636,0.013313405215740204,0.007071048021316528,-0.038317471742630005,-0.017085593193769455,0.018023507669568062,0.03912626951932907,0.042361099272966385,-0.0223131962120533,0.029224954545497894,-0.033174481242895126,-0.021002909168601036,-0.013618378899991512,-0.004104721359908581,0.009333215653896332,-0.007967601530253887,0.029481958597898483,-0.038970425724983215,0.004972016904503107,0.021285725757479668,0.02171725034713745,-0.04646064713597298,-0.030563918873667717,0.03839217498898506,-0.004729623906314373,0.037587814033031464,-0.02313007228076458,0.024067537859082222,-0.04138208553195,0.04617835208773613,-0.007311043795198202,0.04906513914465904,-0.011818794533610344,-0.036186739802360535,-0.005188720766454935,-0.05686735361814499,-0.035858768969774246,-0.014331987127661705,-0.048374276608228683,-0.0008575072279199958,-0.04019575193524361,0.01592852734029293,-0.03617917001247406,0.02595863863825798,-0.040835585445165634,-0.006895648781210184,0.06502664089202881,0.003796563483774662,-0.00594458170235157,-0.0033154275733977556,0.033682212233543396,0.03719769045710564,0.017921986058354378,-0.015449454076588154,0.05875564366579056,0.012776533141732216,0.0034356708638370037,0.002758624032139778,0.025399984791874886,-0.018509911373257637,0.011435049585998058,-0.020895661786198616,-0.028601771220564842,-0.029325706884264946,0.05955994874238968,-0.026262400671839714,0.055318500846624374,0.033105529844760895,0.023409957066178322,0.023276712745428085,0.007541684899479151,0.07075875252485275,-0.05304216220974922,0.02273520641028881,0.02790520153939724,0.033117134124040604,-0.014574145898222923,-0.010150143876671791,0.025552896782755852,0.01143266074359417,0.04794301837682724,-0.00916837528347969,0.03846745565533638,-0.006255315616726875,0.0041366624645888805,0.026117119938135147,-0.01708141900599003,-0.02424287423491478,0.013474023900926113,0.024070490151643753,-0.023997081443667412,0.0005031639011576772,0.04305354133248329,-0.006602857727557421,0.02104548178613186,-0.0023103728890419006,-0.027334220707416534,-0.015084413811564445,0.02979394793510437,0.02919563092291355,0.013251055963337421,-0.003567985026165843,-0.014860858209431171,0.03862043842673302,0.02046230062842369,0.006799804512411356,-0.00392761779949069,0.00656918017193675,-0.07996644079685211,0.017993256449699402,-0.004219564143568277,0.003589238505810499,0.028627371415495872,0.03345584124326706,-0.004441304598003626,-0.018055347725749016"
https://help.ptsecurity.com/ru-RU/projects/mp10/27.4/help/1000825995,https://help.ptsecurity.com/ru-RU/projects/mp10/27.4/help/1000825995,Справочник по параметрам модулей · MaxPatrol 10 · Справочный портал,"Спра­воч­ник по па­ра­мет­рам мо­ду­лей
Спра­воч­ник со­дер­жит опи­са­ние па­ра­мет­ров ра­бо­ты мо­ду­лей MP 10 Collector для сбо­ра со­бы­тий с ис­точ­ни­ков и ска­ни­ро­ва­ния ак­ти­вов.
Команды, выполняемые при аудите активов
Рекомендации по использованию профилей",0,справочник параметрам модулей справочник содержит описание параметров работы модулей mp 10 collector сбора событий источников сканирования активов команды выполняемые аудите активов рекомендации использованию профилей,"-0.018480151891708374,-0.014208032749593258,-0.09279914200305939,0.04790637269616127,-0.016825053840875626,-0.07542163878679276,0.005964202340692282,-0.016957083716988564,0.004246600437909365,0.01350859459489584,-0.015147380530834198,-0.0029714000411331654,-0.014484195969998837,-0.004954139702022076,0.05851422995328903,0.05148707330226898,-0.00018982483015861362,-0.016835927963256836,0.006938587874174118,-0.018314644694328308,0.04075887054204941,0.02690565027296543,-0.014115871861577034,-0.0020832365844398737,-0.024514414370059967,-0.021508226171135902,-0.028372948989272118,-0.006865283939987421,-0.019038835540413857,0.039095085114240646,-0.021984701976180077,-0.028874970972537994,0.05749386176466942,0.01136400643736124,-0.05279870703816414,-0.03707896173000336,-0.003663502400740981,-0.009847906418144703,-0.023697644472122192,0.05487552657723427,-0.027642248198390007,-0.03158027306199074,-0.000755421700887382,-0.0559983067214489,-0.02539808861911297,0.0013317413395270705,-0.003642762079834938,-0.03986602649092674,-0.010832278057932854,-0.024850180372595787,0.0007618433446623385,0.0119534432888031,0.04896266758441925,-0.03397383168339729,-0.04514101892709732,0.033526111394166946,-0.05471288040280342,0.03699361905455589,-0.06085130572319031,0.0361766591668129,0.006143665406852961,0.016601070761680603,-0.03240154683589935,-0.040828805416822433,-0.004326100926846266,0.04780342057347298,-0.035200778394937515,0.011198880150914192,0.017823800444602966,0.0002082789142150432,0.047117482870817184,0.0348600298166275,-0.018436161801218987,-0.002985699102282524,-0.01142091304063797,0.03165176510810852,0.018267948180437088,-0.03240283951163292,-0.01221366599202156,-0.010434964671730995,-0.05570210516452789,0.02302878350019455,0.039530448615550995,-0.012245237827301025,-0.024489305913448334,0.00817021168768406,0.023511730134487152,0.010243717581033707,-0.00815199501812458,0.002964317100122571,-0.0018069808138534427,0.000600155908614397,0.011341589502990246,-0.00227992027066648,-0.08325120061635971,-0.03411541134119034,-0.014664378948509693,0.006844138260930777,0.01882057823240757,0.03951600566506386,0.013764503411948681,0.00992206297814846,0.013988612219691277,0.014499577693641186,0.03875036910176277,-0.021859895437955856,0.026038790121674538,0.015545696020126343,0.02294568344950676,-0.030475234612822533,-0.002214789856225252,-0.028521256521344185,0.04210551083087921,0.009215975180268288,-0.013376476243138313,0.0012882790761068463,-0.016236742958426476,0.03461083024740219,-0.0018496743869036436,-0.011827477253973484,-0.0072956569492816925,-0.00676980335265398,0.011963012628257275,-0.022683145478367805,-0.0526931956410408,-0.025599095970392227,-0.07307981699705124,0.011624819599092007,0.01581702195107937,-0.019866788759827614,-0.001684686983935535,0.04263528808951378,-0.011393175460398197,0.0019701465498656034,-0.052758388221263885,-0.012418762780725956,0.04531889036297798,0.04647333174943924,-0.04905733838677406,-0.000496009539347142,0.0450456477701664,0.0037459004670381546,-0.007398643996566534,0.00788569264113903,0.04403221234679222,-0.015185456722974777,0.02538103051483631,-0.013506531715393066,-0.04547988995909691,-0.009379741735756397,0.005334548652172089,0.018476147204637527,0.020325692370533943,0.02411213517189026,0.0400020033121109,0.027798743918538094,-0.015319732017815113,0.0044316574931144714,0.055889349430799484,0.017813686281442642,-0.012137051671743393,-0.003995890729129314,0.024481968954205513,0.03868085518479347,0.042625460773706436,-0.04071493074297905,0.015040656551718712,0.03788464888930321,-0.047294214367866516,-0.03976988047361374,0.024400729686021805,-0.02068914659321308,-0.025319788604974747,0.008543729782104492,0.026934325695037842,-0.014485524967312813,0.07229772210121155,-0.0004268799675628543,0.009955119341611862,-0.013760669156908989,0.0033317585475742817,0.004137692507356405,-0.006119155324995518,-0.029951002448797226,-0.040044527500867844,-0.02402402088046074,-0.02122602052986622,-0.07631587237119675,0.012091858312487602,0.0592443011701107,-0.011383960954844952,-0.012420485727488995,0.025614406913518906,-0.002429800806567073,0.044652003794908524,0.0007574606570415199,0.015031824819743633,0.03764767199754715,-0.02095872350037098,0.038381125777959824,-0.003217483637854457,0.0003142475616186857,-0.008369405753910542,-0.00745466398075223,-0.030376341193914413,-0.027653919532895088,-0.008774001151323318,-0.031422294676303864,-0.009600366465747356,-0.08525952696800232,-0.005031277891248465,0.01387566328048706,-0.05282927677035332,0.012651241384446621,-0.009554787538945675,0.0018513330724090338,-0.00785501953214407,0.016568602994084358,0.037004224956035614,-0.029598811641335487,-0.01060620229691267,0.07118001580238342,0.02067628502845764,0.01138457003980875,-0.04303205758333206,-0.04879490286111832,-0.014844359830021858,0.03196271136403084,0.013157365843653679,-0.013379483483731747,0.003967268858104944,0.02872323803603649,0.009099826216697693,-0.02986184135079384,0.010166843421757221,-0.01496987696737051,-0.026228567585349083,0.015977896749973297,-0.0010871948907151818,0.017305545508861542,-0.0471116378903389,-0.04198768734931946,-0.020574111491441727,-0.019394055008888245,-0.050618719309568405,0.016986513510346413,0.020086944103240967,0.03323829174041748,0.003995414823293686,-0.04744963347911835,0.008454248309135437,0.000893866119440645,0.012508912943303585,-0.012399821542203426,0.018436921760439873,-0.00415633013471961,0.023610709235072136,-0.0023211119696497917,-0.028374427929520607,-0.01613800972700119,0.02895607054233551,0.04337732121348381,-0.0028618271462619305,0.005817572586238384,0.014978047460317612,-0.0019759994465857744,0.03522359952330589,-0.009737481363117695,0.014170143753290176,0.043480511754751205,0.003428436117246747,-0.04415618255734444,0.04829872399568558,0.00711184972897172,-0.012205781415104866,0.038955528289079666,-0.029716772958636284,-0.01831134967505932,0.08011119067668915,-0.02389948070049286,-0.009288961067795753,0.04115048050880432,0.00873691774904728,0.00213030562736094,0.012750786729156971,0.03240281715989113,-0.05008269473910332,0.014089683070778847,-0.0156803410500288,-0.009194095619022846,-0.009826196357607841,0.01650128699839115,0.061395976692438126,-0.0015536907594650984,0.012620796449482441,-0.0009819264523684978,-0.011680583469569683,-0.12540693581104279,0.012271493673324585,-0.04816988855600357,-0.009795882739126682,0.035564836114645004,0.02010279893875122,-0.023495711386203766,0.051623422652482986,-0.051447898149490356,0.06445540487766266,-0.04376630857586861,-0.05445413291454315,0.014374586753547192,0.027991577982902527,-0.010439741425216198,-0.03277584910392761,-0.00971181783825159,0.05499664321541786,-0.01261849980801344,-0.012292279861867428,-0.0053223008289933205,-0.07917375862598419,-0.032254401594400406,0.011693065986037254,-0.06574226915836334,-0.028865763917565346,0.11022862046957016,0.02895289659500122,-0.037729986011981964,0.04623934626579285,0.002084414241835475,0.026784779503941536,0.011099575087428093,0.03709680214524269,0.013347100466489792,-0.011462018825113773,0.004518673289567232,-0.02822152152657509,-0.0030084745958447456,-0.0022309862542897463,0.04134321212768555,0.04409373551607132,0.007010877598077059,0.02433662675321102,-0.025454025715589523,-0.04495176300406456,-0.00350584601983428,0.001917261048220098,-0.024246878921985626,-0.022950492799282074,-0.03788946941494942,-0.008111139759421349,-0.005861548241227865,-0.01709781587123871,-0.06192944943904877,0.009948503226041794,-0.01069474034011364,-0.007665765471756458,0.009499487467110157,-0.011086664162576199,-0.014539632014930248,-0.008538485504686832,-0.009614469483494759,-0.033297281712293625,-0.04736415296792984,-0.015000132843852043,0.058260925114154816,-0.04675818607211113,0.0027195855509489775,-0.02521694079041481,-0.01098282914608717,-0.024239979684352875,-0.015592222101986408,0.013042129576206207,-0.00354882818646729,0.011714108288288116,-0.03320208564400673,0.036664921790361404,0.013858964666724205,-0.0878831222653389,-0.05039651319384575,-0.03573096916079521,0.04465070739388466,-0.030713051557540894,-0.024289477616548538,-0.07637065649032593,0.02246537059545517,-0.024676701053977013,-0.0154441362246871,0.21534571051597595,-0.027543412521481514,-0.04924515634775162,-0.002250771736726165,0.055672820657491684,-0.003796102711930871,-0.04580964893102646,0.032454971224069595,0.019018055871129036,-0.0259684007614851,0.016626492142677307,0.045940835028886795,0.001278310315683484,-0.006734021008014679,0.04686305299401283,-0.013527951203286648,-0.0344502255320549,0.012877133674919605,0.05016401410102844,-0.011123303323984146,0.03749098256230354,0.024348588660359383,0.026797952130436897,-0.00649626599624753,-0.04458583518862724,-0.020568236708641052,0.003950248472392559,-0.017812827602028847,-0.029020968824625015,0.03351306542754173,-0.02399333007633686,0.06705255061388016,0.05831439420580864,-0.05317408964037895,-0.04827951639890671,0.0010311213554814458,0.030214762315154076,0.026019854471087456,0.018657555803656578,0.042443156242370605,-0.014663180336356163,-0.060707226395606995,-0.04790244624018669,0.017592329531908035,0.006129855290055275,-0.060521502047777176,0.010052574798464775,0.012580073438584805,0.009965603239834309,-0.020402157679200172,0.028300123289227486,-0.04031705483794212,-0.004869362339377403,-0.04597561061382294,-0.043856456875801086,0.010989743284881115,-0.014592298306524754,0.0402638278901577,0.03970756009221077,-0.007076611742377281,0.034655794501304626,-0.04184604436159134,0.004893483128398657,0.01930314116179943,-0.06147581711411476,-0.001436222461052239,-0.02349395863711834,-0.03775101527571678,0.015203173272311687,-0.0026612593792378902,0.010658643208444118,0.026117948815226555,0.04420118033885956,0.016469476744532585,-0.003248918801546097,-0.06702864915132523,0.03127831965684891,0.041489098221063614,-0.0830690935254097,-0.005550567526370287,-0.059957828372716904,0.018659699708223343,0.0049464101903140545,-0.010401839390397072,-0.0034479047171771526,-0.0027671523857861757,-0.036121491342782974,0.014148424379527569,-0.025678133592009544,0.02156084030866623,-0.009676419198513031,-0.017302239313721657,0.03778731822967529,0.006910425145179033,0.038931798189878464,0.0319792777299881,-0.03717496246099472,-0.017726590856909752,-0.030911723151803017,0.006055261939764023,-0.023224003612995148,-0.04685277119278908,-0.04274044930934906,-0.03984453156590462,-0.008381946943700314,-0.008992725051939487,-0.005176495295017958,-0.001124336151406169,-0.020929867401719093,0.04392915219068527,-0.061439674347639084,0.03863794356584549,0.014835811220109463,-0.02020915038883686,0.019694633781909943,0.021387631073594093,0.05414902791380882,0.059170130640268326,-0.018795035779476166,-0.051808472722768784,-0.011031335219740868,0.04628850519657135,0.02090117335319519,0.016985967755317688,-0.002925868146121502,-0.03813277184963226,-0.000434366607805714,-0.00043661470408551395,-0.02979307249188423,0.025527089834213257,0.02142244204878807,-0.03386373445391655,-0.021156877279281616,0.002974075498059392,0.022612499073147774,-0.01851196587085724,-0.004590870812535286,0.022688964381814003,0.004651729948818684,0.022849416360259056,-0.023345157504081726,-0.009807735681533813,-0.011829490773379803,-0.00522953737527132,-0.023838074877858162,0.045699868351221085,0.013967299833893776,-0.005201286636292934,-0.02278795838356018,0.01244339719414711,0.0051587424241006374,0.03293508663773537,0.037494122982025146,-0.006166777107864618,0.034157734364271164,-0.02608850598335266,-0.02757486328482628,-0.014779196120798588,-0.018797006458044052,0.00012794746726285666,-0.040345534682273865,0.04796576127409935,0.02994755282998085,0.020519616082310677,0.008910709992051125,0.0005864879349246621,0.031202666461467743,-0.0015390296466648579,-0.030233509838581085,-0.0363445021212101,0.04637529328465462,-0.0474030040204525,-0.054021984338760376,0.009637330658733845,0.01076886709779501,0.034004367887973785,-0.04381132498383522,-0.024840407073497772,-0.0197604950517416,-0.015596246346831322,-0.0013725191820412874,-0.007996022701263428,-0.021536698564887047,-0.007570824585855007,0.04411107674241066,0.001520952908322215,0.023862740024924278,-0.009847842156887054,0.03694932162761688,0.008394535630941391,-0.015330983325839043,0.07252075523138046,-0.0018274905160069466,-0.024890124797821045,0.005847565364092588,0.006626536604017019,0.04865116626024246,0.03201679512858391,-0.008642924949526787,-0.01533725019544363,0.001079853973351419,-0.019176431000232697,0.029005063697695732,-0.014895190484821796,0.01632402092218399,0.006395296193659306,-0.03533421456813812,0.008850712329149246,0.013841229490935802,0.022132432088255882,0.020353924483060837,-0.056761354207992554,0.004494469612836838,0.0369301401078701,0.009493112564086914,0.0007490675779990852,0.029440781101584435,0.057470470666885376,0.012035708874464035,-0.04508627951145172,-0.008176329545676708,0.025328190997242928,0.028940265998244286,0.006762829143553972,-0.009549473412334919,0.00015916515258140862,0.01779405027627945,0.0035771592520177364,0.004860721528530121,0.010952784679830074,-0.007902007550001144,0.015946662053465843,0.02484980598092079,-0.02635730803012848,-0.05139971151947975,-0.016320418566465378,0.009724950417876244,0.02773050032556057,-0.021319054067134857,-0.04549301415681839,0.03798952326178551,0.04768458008766174,-0.016559485346078873,0.03577094152569771,0.0030159996822476387,0.022904222831130028,0.006803334224969149,-0.006956102792173624,-0.016084372997283936,0.0038566451985388994,-0.022653724998235703,-0.034196458756923676,0.0410749688744545,-0.010496836155653,-0.009800110012292862,0.020169222727417946,-0.02053511142730713,0.00614582747220993,0.032369744032621384,-0.046521060168743134,-0.007542791310697794,0.003675443585962057,0.024424327537417412,-0.018801266327500343,0.008546309545636177,-0.013409966602921486,-0.021349485963582993,-0.01816863752901554,-0.043957728892564774,-0.01691574789583683,-0.03263818100094795,-0.0006017262930981815,0.0029890977311879396,-0.01424148678779602,0.02004474215209484,-0.0082207340747118,-0.03188524767756462,0.03194601461291313,0.02020241506397724,-0.0018580753821879625,-0.058159712702035904,-0.0010017410386353731,0.05798349156975746,-0.009061738848686218,-0.012497339397668839,-0.029591821134090424,-0.012830866500735283,-0.024341877549886703,0.00014966464368626475,0.004331531934440136,0.035434722900390625,0.013059491291642189,-0.02683328278362751,-0.038141705095767975,-0.016268841922283173,-0.002772355219349265,-0.03366994112730026,0.02999713085591793,-0.019999973475933075,-0.009969783946871758,0.009753118269145489,0.010030645877122879,-0.00020312950073275715,-0.012066485360264778,0.023350901901721954,0.011855518445372581,0.04339822009205818,-0.07158013433218002,0.004917940124869347,0.06574767082929611,0.018071070313453674,-0.05257605016231537,0.016032245010137558,0.060568902641534805,0.02710864320397377,0.006252412684261799,0.0951039046049118,-0.01611061953008175,0.0005000417586416006,-0.0011400989023968577,-0.07258862257003784,0.025374015793204308,-0.04093673825263977,0.015619884245097637,-0.055353958159685135,-0.01942654326558113,-0.009446079842746258,-0.058337390422821045,-0.008414136245846748,-0.0014050387544557452,-0.008425397798418999,-0.05201733857393265,-0.012698047794401646,0.0005963356234133244,0.004542735405266285,0.04630613327026367,0.0642983466386795,-0.003946744836866856,0.055064067244529724,0.010793536901473999,-0.017000233754515648,-0.03821238875389099,0.05363781377673149,-0.03216692432761192,0.05137881636619568,-0.001920945942401886,0.01329449750483036,-0.013389063999056816,-0.014154873788356781,-0.041873130947351456,-0.019885370507836342,0.006262148264795542,-0.03325756639242172,-0.028566397726535797,-0.014577429741621017,0.010130624286830425,0.007522357627749443,0.05315212160348892,-0.013488666154444218,0.010197723284363747,-0.05047156661748886,0.047735199332237244,0.030307941138744354,0.01783503219485283,0.01616581156849861,-0.022292664274573326,0.05710526555776596,0.04756360873579979,0.016430217772722244,-0.007920610718429089,-0.016954969614744186,0.02513076923787594,-0.012818586081266403,0.04761190339922905,0.014906319789588451,0.05938040837645531,-0.009605906903743744,0.019431307911872864,0.012013680301606655,-0.021880339831113815,-0.008734161034226418,-0.013717574998736382,-0.016247808933258057,-0.02521470934152603,-0.031147150322794914,-0.01202060841023922,0.004858961328864098,0.01943216659128666,-0.002916921628639102,0.03491561487317085,0.000744289078284055,-0.03945095092058182,0.021591169759631157,-0.025947878137230873,-0.0987664982676506,0.005794677417725325,0.0012719957157969475,-0.03715931624174118,-0.014212104491889477,-0.011963964439928532,-0.033069007098674774,0.0020498386584222317,-0.03809948265552521,-0.04307008534669876,-0.0037489666137844324,-0.0311448872089386,0.04592473432421684,-0.04461916536092758,0.0015289835864678025,0.013867933303117752,-0.012211734429001808,-0.014476395212113857,0.030213776975870132,0.05474059283733368,0.004652827512472868,0.030422121286392212,-0.007243304047733545,0.015910521149635315,0.028009086847305298,-0.01462262962013483,0.019323473796248436,-0.041176654398441315,-0.025568224489688873,0.004596077837049961,0.03622566536068916,0.006340844091027975,-0.010027322918176651,0.06969510018825531,-0.009194562211632729,-0.004789226222783327,-0.011173990555107594,-0.0035842875950038433,0.02518199197947979,0.03323160484433174,0.022000495344400406,-0.005623845849186182,-0.013439827598631382,-0.00044737986172549427,0.02249986119568348,0.036733780056238174,0.046786628663539886,0.00443314528092742,-0.06314248591661453,0.036791715770959854,0.05514435097575188,0.015038993209600449,0.0007420592592097819,0.006709408946335316,-0.03447088971734047,-0.045930273830890656,-0.012132232077419758,0.013393979519605637,-0.02420903369784355,0.08632175624370575,-0.03796876221895218,0.057846710085868835,-0.05595409497618675,-0.019037095829844475,0.040021758526563644,0.028893189504742622,-0.045768607407808304,0.02411540038883686,0.014175541698932648,-0.03143885359168053,0.007259365636855364,0.017290957272052765,-0.0011779298074543476,0.0012534043053165078,-0.046634070575237274,0.015566710382699966,0.023631282150745392,0.03763479366898537,0.02360433340072632,0.021174535155296326,-0.07092464715242386,-0.05303463712334633,-0.03886352479457855,0.057387128472328186,0.019155671820044518,-0.030445605516433716,0.004802608862519264,0.0003895545669365674,-0.07582908123731613,-0.013596233911812305,-0.03685767948627472,-0.030062362551689148,-0.010165867395699024,0.0034402525052428246,0.011137082241475582,0.0445667989552021,-0.0338716097176075,-0.01072958018630743,0.02654942125082016,0.014440499246120453,0.007124217227101326,-0.03357571363449097,0.01814378798007965,-0.003839238081127405,-0.006310832686722279,0.05897729843854904,0.019684232771396637,0.0054435343481600285,0.002874577883630991,0.019921505823731422,-0.01501599233597517,0.03835395351052284,-0.005126438103616238,-0.0034038524609059095,-0.05584331229329109,-0.005411203484982252,0.053535595536231995,-0.0005981316789984703,0.01017360482364893,0.013843229971826077,0.01405397616326809,0.021418852731585503,-0.04280509054660797,-0.019655950367450714,-0.0019358311546966434,0.03216399624943733,0.0035965077113360167,0.027958447113633156,-0.053414616733789444,0.012677011080086231,0.0068071261048316956,-0.014713220298290253,-0.025742672383785248,0.0159307811409235,0.04048969969153404,0.016436124220490456,-0.060907311737537384,0.04236610606312752,-0.04650748521089554,-0.01477835327386856,0.01845197007060051,0.004382873419672251,0.0070771886967122555,-0.005391555372625589,0.06452351808547974,-0.01579967327415943,-0.0145728113129735,0.01597622223198414,0.005434747785329819,-0.023607909679412842,0.016588710248470306,-0.021849792450666428,-0.012927230447530746,0.049483634531497955,-0.019301887601614,0.00809516105800867,-0.00892210565507412,0.02227669209241867,-0.037051912397146225,0.002657758304849267,-0.021305227652192116,-0.023315956816077232,-0.019122108817100525,-0.046970829367637634,-0.02143518440425396,-0.00175242661498487,-0.013503709807991982,0.026338959112763405,-0.02133512683212757,0.015152408741414547,0.010661859065294266,0.015065456740558147,-0.020242534577846527,-0.01983429118990898,0.04408438131213188,0.02152814343571663,0.05307447537779808,-0.015181115828454494,-0.012771225534379482,0.02479107864201069,0.011395419016480446,0.01745867356657982,0.0597650408744812,0.04291585460305214,-0.009532890282571316,0.008345194160938263,-0.028422608971595764,-0.05438993498682976,-0.008153488859534264,-0.02134803868830204,-0.025975342839956284,-0.028455793857574463,0.018662966787815094,0.0032805809751152992,0.04187333956360817,-0.00037342903669923544,0.010048829019069672,0.04072649031877518,-0.04485639929771423,0.06844644993543625,-0.07632153481245041,0.02301071584224701,0.0021555516868829727,-0.006709224544465542,0.00933564268052578,0.0032423671800643206,0.02387394942343235,-0.008869766257703304,0.009439839981496334,-0.026143750175833702,0.019335949793457985,-0.019022738561034203,-0.022866107523441315,0.029983075335621834,-0.010758128017187119,0.007923055440187454,-0.021239224821329117,0.008084082044661045,-0.03584374487400055,-0.006138350814580917,0.02609102427959442,0.0005102729192003608,0.05293909087777138,-0.017965776845812798,-0.06140585616230965,-0.002812877530232072,0.04895981773734093,-0.01510617509484291,0.020676307380199432,-0.016389165073633194,-0.039055369794368744,-0.020141150802373886,0.0065505532547831535,-0.003599348245188594,0.001032619853504002,0.003816796699538827,0.0014023232506588101,-0.011571964249014854,-0.052222661674022675,0.008732954040169716,0.052413780242204666,-0.01350882276892662,-0.006625829264521599,-0.007689771242439747"
https://help.ptsecurity.com/ru-RU/projects/mp10/27.4/help/2189382283,https://help.ptsecurity.com/ru-RU/projects/mp10/27.4/help/2189382283,Алгоритм работы MaxPatrol 10 и схема взаимодействия компонентов · MaxPatrol 10 · Справочный портал,"О MaxPatrol 10
Ал­го­ритм ра­бо­ты MaxPatrol 10 и схе­ма вза­и­мо­дей­ствия ком­по­нен­тов
Ал­го­ритм ра­бо­ты MaxPatrol 10:
Кол­лек­то­ры со­би­ра­ют дан­ные об IT-ин­фра­струк­ту­ре пред­при­я­тия:
— мо­ду­ли ком­по­нен­та MP 10 Collector ска­ни­ру­ют IT-ин­фра­струк­ту­ру, со­би­ра­ют све­де­ния о се­те­вых уз­лах и со­бы­тия с ис­точ­ни­ков;
— ком­по­нент MP NAD Sensor со­би­ра­ет све­де­ния о се­те­вых со­еди­не­ни­ях.
Со­бран­ные дан­ные кол­лек­то­ры пе­ре­да­ют в MP SIEM Server и MP 10 Core. Пе­ре­дан­ные со­бы­тия ис­поль­зу­ют­ся в MP SIEM Server для нор­ма­ли­за­ции, аг­ре­га­ции, обо­га­ще­ния и кор­ре­ля­ции.
Ком­по­нент MP 10 Core об­ра­ба­ты­ва­ет и хра­нит ре­зуль­та­ты ска­ни­ро­ва­ния с по­дроб­ной ин­фор­ма­ци­ей об об­на­ру­жен­ных ОС, ПО, служ­бах, пор­тах и про­чи­ми све­де­ни­я­ми об уз­лах и свя­зях меж­ду ними. Та­к­же ком­по­нент хра­нит па­ра­мет­ры за­дач на сбор дан­ных, про­фи­лей ска­ни­ро­ва­ния и транс­пор­тов, дан­ные и сце­на­рии спра­воч­ни­ков и осу­ществ­ля­ет кон­троль до­сту­па к этим дан­ным, свя­зы­ва­ясь с осталь­ны­ми ком­по­нен­та­ми си­сте­мы для вы­пол­не­ния поль­зо­ва­тель­ских за­про­сов.
Ком­по­нент MP SIEM Server об­ра­ба­ты­ва­ет вхо­дя­щий по­ток со­бы­тий, при­во­дит их к еди­но­му фор­ма­ту в со­от­вет­ствии с пра­ви­ла­ми нор­ма­ли­за­ции и группи­ру­ет их со­глас­но пра­ви­лам аг­ре­га­ции. Он та­к­же свя­зы­ва­ет со­бы­тия с ак­ти­ва­ми и, при необ­хо­ди­мо­сти, со­зда­ет но­вые ак­ти­вы на ос­но­ве со­бы­тий. За­тем до­пол­ня­ет дан­ные о со­бы­ти­ях, ис­поль­зуя пра­ви­ла обо­га­ще­ния или таб­лич­ные спис­ки, и ана­ли­зи­ру­ет по­ток нор­ма­ли­зо­ван­ных со­бы­тий по пра­ви­лам кор­ре­ля­ции для вы­яв­ле­ния и ре­ги­стра­ции со­бы­тий ин­фор­ма­ци­он­ной без­опас­но­сти. MP SIEM Server пе­ре­да­ет ком­по­нен­ту MP SIEM Events Storage по­сту­пив­шие со­бы­тия в ис­ход­ном (необ­ра­бо­тан­ном) и в нор­ма­ли­зо­ван­ном виде для хра­не­ния.
Нор­ма­ли­за­ция со­бы­тий мо­жет вы­пол­нять­ся на сер­ве­ре MP 10 Collector. Для это­го необ­хо­ди­мо уста­но­вить на сер­вер MP 10 Collector об­лег­чен­ную вер­сию MP SIEM Server — «SIEM на кол­лек­то­ре». Со­бы­тия, нор­ма­ли­зо­ван­ные на та­ком сер­ве­ре MP 10 Collector, пе­ре­да­ют­ся для аг­ре­га­ции, обо­га­ще­ния и кор­ре­ля­ции на ос­нов­ной MP SIEM Server.
Ком­по­нент Knowledge Base со­дер­жит базу зна­ний, необ­хо­ди­мых MaxPatrol 10 для струк­ту­ри­ро­ва­ния све­де­ний, со­бран­ных от ис­точ­ни­ков со­бы­тий и объ­ек­тов ин­фра­струк­ту­ры.
Ком­по­нент PT MC обес­пе­чи­ва­ет до­ступ к си­сте­ме че­рез сер­вис еди­но­го вхо­да и жур­на­ли­ру­ет дей­ствия поль­зо­ва­те­лей.
Для управ­ле­ния си­сте­мой, про­смот­ра дан­ных, по­стро­е­ния от­че­тов и мо­ни­то­рин­га поль­зо­ва­тель под­клю­ча­ет­ся к ком­по­нен­ту MP 10 Core че­рез веб-ин­тер­фейс в со­от­вет­ствии с пра­ва­ми, ко­то­рые на­зна­че­ны в PT MC.
Ком­по­нент PT Feeds до­став­ля­ет дан­ные об угро­зах ин­фор­ма­ци­он­ной без­опас­но­сти и ин­ди­ка­то­рах ком­про­ме­та­ции.
Ком­по­нент PT RC обес­пе­чи­ва­ет воз­мож­ность ре­тро­спек­тив­ной про­вер­ки по­лу­чен­ных ра­нее со­бы­тий, ис­поль­зуя но­вые пра­ви­ла кор­ре­ля­ции и дан­ные из таб­лич­ных спис­ков.
Ком­по­нент PT UCS обес­пе­чи­ва­ет об­нов­ле­ние мо­ду­ля Pentest для кол­лек­то­ров и дан­ных для ком­по­нен­та PT Feeds, а та­к­же за­гру­жа­ет дис­три­бу­ти­вы с но­вы­ми вер­си­я­ми ком­по­нен­тов.
Ком­по­нент BAD обес­пе­чи­ва­ет об­на­ру­же­ние ано­маль­но­го по­ве­де­ния поль­зо­ва­те­лей или сущ­но­стей в IT-ин­фра­струк­ту­ре ор­га­ни­за­ции и оцен­ку сте­пе­ни рис­ка со­бы­тий с по­мо­щью мо­де­лей ма­шин­но­го обу­че­ния.
Ло­каль­ный сер­вер об­нов­ле­ний обес­пе­чи­ва­ет за­груз­ку и пе­ре­да­чу об­нов­ле­ний с гло­баль­но­го сер­ве­ра об­нов­ле­ний Positive Technologies при от­сут­ствии пря­мо­го до­сту­па к ин­тер­не­ту.
Ло­каль­ные аген­ты OTEL со­би­ра­ют све­де­ния со всех ком­по­нен­тов си­сте­мы и от­прав­ля­ют дан­ные в кол­лек­тор OTEL. Кол­лек­тор со­би­ра­ет дан­ные и за­пи­сы­ва­ет их в хра­ни­ли­ще. По­лу­чен­ные мет­ри­ки на­прав­ля­ют­ся в сер­вис VictoriaMetrics, ко­то­рый яв­ля­ет­ся ча­стью роли Observability в при­ло­же­нии PT MC.
80
443
4505
4506
9035
443
443
3334
8013
443
3334
5671
5672
8721
443
443
3334
8091
8190
5671
8013
8123
9000
9009
9200
9300
Knowledge
Base
PT MC
MP 10 Collector
MP SIEM Events
Storage
MP SIEM Server
MP 10 Core
PT Feeds
PT UCS
443
2080
2443
PT RC
5671
8013
443
3334
5671
8091
4505
4506
9035
8553
8743
Ло­каль­ный
сер­вер
об­нов­ле­ний
443
8003
8004
8521
5671
5672
BAD
8013
Уве­дом­ле­ния
во внеш­ние
си­сте­мы
8123
9200
3334
5671
8091
8521
MaxPatrol EDR
MP NAD Sensor
Вза­и­мо­дей­ствие ком­по­нен­тов MaxPatrol 10
Для по­лу­че­ния об­нов­ле­ний меж­се­те­вой экран сер­ве­ра ком­по­нен­та PT UCS не дол­жен бло­ки­ро­вать ад­ре­са гло­баль­ных сер­ве­ров об­нов­ле­ний Positive Technologies — update.ptsecurity.ru и update.ptsecurity.com. Для обес­пе­че­ния се­те­во­го вза­и­мо­дей­ствия ком­по­нен­тов MaxPatrol 10 долж­ны быть до­ступ­ны для вхо­дя­щих со­еди­не­ний пе­ре­чис­лен­ные ниже пор­ты.
Ком­по­нен­ты и пор­ты вза­и­мо­дей­ствия
Ис­точ­ник
По­лу­ча­тель
TCP-порт
Ра­бо­чая стан­ция поль­зо­ва­те­ля, ПО для за­груз­ки дан­ных уве­дом­ле­ний
MP 10 Core
443
MP SIEM Server
MP 10 Core
443, 3334, 5671, 5672, 8721
PT UCS
MP 10 Core
443, 3334
PT RC
MP 10 Core
443, 5671
MaxPatrol EDR
MP 10 Core
5671, 8521
MaxPatrol EDR
PT MC
3334
MaxPatrol EDR
Knowledge Base
8091
BAD
MP 10 Core
8521
Ра­бо­чая стан­ция поль­зо­ва­те­ля
Knowledge Base
8091, 8190
PT RC
Knowledge Base
8091
Ра­бо­чая стан­ция поль­зо­ва­те­ля, ком­по­нент PT RC
PT MC
3334
MP 10 Core
MP SIEM Server
8013
MP 10 Collector, MP NAD Sensor
MP SIEM Server
5671, 8013
Knowledge Base, BAD
MP SIEM Server
8013
PT RC
MP SIEM Server
8013, 5671
MP 10 Core
MP SIEM Events Storage
8123
,
9200
MP SIEM Server
MP SIEM Events Storage
8123
, 9000, 9009,
9200
, 9300
Ра­бо­чая стан­ция поль­зо­ва­те­ля
MP NAD Sensor
80, 443
MP 10 Core, MP SIEM Server, MP SIEM Events Storage, MP 10 Collector
PT UCS
4505, 4506, 9035
PT UCS, ло­каль­ный сер­вер об­нов­ле­ний
Гло­баль­ный сер­вер об­нов­ле­ний
443
MP 10 Core
PT Feeds
2080, 2443
PT Feeds
Ре­пу­та­ци­он­ный сер­вис, предо­став­ля­ю­щий дан­ные об угро­зах ИБ и ин­ди­ка­то­рах ком­про­ме­та­ции
443
MP 10 Core
BAD
8003
MP SIEM Server
BAD
5671, 5672
PT MC
Ло­каль­ный сер­вер об­нов­ле­ний
8553, 8743
Ло­каль­ные аген­ты OTEL
Кол­лек­тор OTEL
4318
На сер­ве­ре, на ко­то­рый необ­хо­ди­мо уста­но­вить роль Deployer, пор­ты 4505/TCP, 4506/TCP, 5000/TCP долж­ны быть до­ступ­ны для вхо­дя­щих со­еди­не­ний.
Для сред­не­на­гру­жен­ных и вы­со­ко­на­гру­жен­ных си­стем на сер­ве­рах, на ко­то­рые уста­нав­ли­ва­ют­ся ком­по­нен­ты MP SIEM Server, MP SIEM Events Storage, MP 10 Core, MP 10 Collector, PT RC, порт 22/TCP дол­жен быть от­крыт для вхо­дя­щих со­еди­не­ний.
Для ис­хо­дя­щих со­еди­не­ний не тре­бу­ет­ся со­зда­вать пра­ви­ла меж­се­те­во­го экра­на. Для уда­лен­но­го до­сту­па к сер­ве­рам ком­по­нен­тов ре­ко­мен­ду­ет­ся раз­ре­шить со­еди­не­ния от ра­бо­чих стан­ций ад­ми­ни­стра­то­ра че­рез порт 3389/TCP к сер­ве­рам на Microsoft Windows, че­рез порт 22/TCP — к сер­ве­рам на Linux.
Для воз­мож­но­сти ре­пли­ка­ции со­бы­тий необ­хо­ди­мо обес­пе­чить се­те­вое вза­и­мо­дей­ствие че­рез TCP-пор­ты 5671 и 5672 меж­ду сер­ве­ра­ми MP 10 Core свя­зы­ва­е­мых при­ло­же­ний, а та­к­же меж­ду сер­ве­ра­ми MP SIEM Server свя­зы­ва­е­мых при­ло­же­ний.
По умол­ча­нию ло­каль­ный сер­вер об­нов­ле­ний ис­поль­зу­ет для под­клю­че­ния по про­то­ко­лам HTTP и HTTPS пор­ты 8553 и 8743 со­от­вет­ствен­но. Вы мо­же­те из­ме­нить эти зна­че­ния в па­ра­мет­рах сер­ви­са по­лу­че­ния об­нов­ле­ний.
Архитектура MaxPatrol 10
Что нового в версии 27.4",0,maxpatrol10 алгоритм работы maxpatrol 10 схема взаимодействия компонентов алгоритм работы maxpatrol10 коллекторы собирают данные it инфраструктуре предприятия модули компонента mp 10 collector сканируют it инфраструктуру собирают сведения сетевых узлах события источников компонент mpnad sensor собирает сведения сетевых соединениях собранные данные коллекторы передают mpsiemserver mp10 core переданные события используются mpsiemserver нормализации агрегации обогащения корреляции компонент mp10 core обрабатывает хранит результаты сканирования подробной информацией обнаруженных ос службах портах прочими сведениями узлах связях ними также компонент хранит параметры задач сбор данных профилей сканирования транспортов данные сценарии справочников осуществляет контроль доступа этим данным связываясь остальными компонентами системы выполнения пользовательских запросов компонент mpsiemserver обрабатывает входящий поток событий приводит единому формату соответствии правилами нормализации,"-0.014276552945375443,-0.03121054545044899,-0.05288999155163765,0.022054273635149002,-0.020424067974090576,-0.0458206906914711,-0.02645045705139637,-0.022630246356129646,0.0379701592028141,0.03427733853459358,-0.014240475371479988,-0.028582215309143066,-0.0353165902197361,0.009963410906493664,0.014341236092150211,0.02666693553328514,0.024088654667139053,-0.006626160815358162,0.015700291842222214,-0.04419713094830513,0.01038517989218235,-0.015442795120179653,-0.017064709216356277,0.0385267436504364,-0.015352469868957996,0.004291126038879156,-0.021212438121438026,-0.027494849637150764,-0.010130989365279675,0.08281934261322021,-0.023562634363770485,-0.0312722884118557,0.051345035433769226,0.012293889187276363,-0.06142992153763771,-0.017947997897863388,-0.012586803175508976,-0.005392040591686964,-0.03458772972226143,0.018636109307408333,-0.019031642004847527,0.010456432588398457,-0.014416731894016266,-0.048778802156448364,-0.04130108281970024,-0.03340650722384453,0.03415561467409134,-0.03877197578549385,-0.019134456291794777,-0.003961564507335424,-0.02964162267744541,0.010151306167244911,0.00034148129634559155,-0.04660647362470627,-0.012247826904058456,0.03327098861336708,-0.035583361983299255,0.03779501095414162,-0.0028820778243243694,0.04870789870619774,-0.01086715329438448,0.010548201389610767,-0.009072002954781055,-0.04088923707604408,0.034719306975603104,0.056238774210214615,-0.02202925831079483,0.05353432148694992,-0.007615047041326761,-0.02636321820318699,0.02712005004286766,0.012255759909749031,0.0069915177300572395,-0.027356568723917007,-0.04003997519612312,0.029313575476408005,0.04779147356748581,-0.023192336782813072,-0.06208521127700806,0.007653912995010614,-0.02350342832505703,0.0003187309775967151,-0.027995582669973373,0.007013091817498207,0.0019663849379867315,-0.0005525015876628458,-0.027165714651346207,0.03228025510907173,-0.007608112413436174,-0.012070371769368649,0.02797229029238224,-0.007364647928625345,0.004923227243125439,-0.05547022446990013,-0.06857535988092422,-0.034202106297016144,0.005043627694249153,0.019430970773100853,0.04054476320743561,0.036645177751779556,0.032218728214502335,-0.014143766835331917,-0.025722477585077286,-0.03548813611268997,0.058242205530405045,-0.033864207565784454,0.05899052321910858,0.020112738013267517,-0.012063025496900082,-0.01234609168022871,0.01099055353552103,-0.018720269203186035,0.015983475372195244,-0.003973596729338169,-0.010175851173698902,-0.011291473172605038,0.030405698344111443,0.02029780112206936,-0.005537268705666065,-0.0344851091504097,0.020111778751015663,0.0014512460911646485,0.034769345074892044,-0.0005728845717385411,-0.04355942830443382,-0.05387021228671074,-0.06992441415786743,0.0228628758341074,0.03397810459136963,-0.010339785367250443,0.0004925589310005307,0.03256766498088837,0.05193796008825302,0.006844170391559601,-0.016924813389778137,-0.03651450574398041,0.019197741523385048,0.027396302670240402,-0.010291673243045807,-0.054000433534383774,0.06233840435743332,-0.010935600847005844,-0.05356615036725998,0.0040885997004806995,0.012081362307071686,-0.02242661826312542,0.011310513131320477,0.012377948500216007,-0.017582295462489128,-0.0063538141548633575,0.00945231318473816,0.023532789200544357,-0.006376239005476236,0.021040139719843864,0.012623663060367107,-0.0004021329805254936,-0.04356937110424042,0.016501154750585556,0.015078118070960045,0.05373544618487358,0.013416931964457035,-0.0044311764650046825,0.003096931613981724,0.03185376524925232,0.03740564361214638,-0.053320545703172684,0.0424625463783741,0.007057291455566883,-0.010637126863002777,-0.05531784147024155,0.040080852806568146,-0.06582552194595337,-0.010260366834700108,0.010756745003163815,0.02251545898616314,-0.0022796685807406902,0.06860242038965225,0.014217562973499298,-0.02299383282661438,-0.0034850253723561764,0.02660120651125908,-0.0030870051123201847,0.011148229241371155,-0.002581779146566987,-0.011750048026442528,0.02615552954375744,0.017729101702570915,-0.037003155797719955,0.01094469428062439,0.06111079826951027,-0.030166372656822205,-0.010588162578642368,0.08329007029533386,-4.990210072719492e-05,-0.00974162109196186,0.023013778030872345,0.024435652419924736,0.010029385797679424,-0.011831311509013176,0.03683170676231384,0.00887058861553669,0.02539796195924282,0.016684789210557938,-0.008695834316313267,-0.04504403471946716,0.0141338175162673,-0.009943188168108463,-0.023426933214068413,-0.046386078000068665,-0.0704898089170456,0.03640737012028694,0.021092664450407028,0.012253953143954277,0.010802612639963627,-0.02867068536579609,0.017241667956113815,0.012598685920238495,-0.020218608900904655,0.04253759980201721,-0.04913714900612831,-0.04685793071985245,0.03853486105799675,0.007464062422513962,0.019622622057795525,-0.011487098410725594,-0.036556124687194824,0.06237354129552841,0.009112854488193989,0.02560904435813427,-0.00015579632599838078,0.0066400859504938126,0.020688457414507866,-0.0003290936292614788,-0.012646500952541828,0.03146202862262726,-0.023069141432642937,-0.048680756241083145,-0.024032870307564735,-0.010255591943860054,0.012913226149976254,-0.013173109851777554,-0.015134934335947037,-0.0067494818940758705,-0.04599082097411156,-0.031558189541101456,-0.002620785031467676,-0.0164365042001009,0.007204624358564615,0.03405698016285896,-0.02404715307056904,0.010595154017210007,-0.019493557512760162,-0.01156593207269907,0.005224448163062334,0.01993519812822342,-0.006124880630522966,0.03291215002536774,5.7277818996226415e-05,0.034836165606975555,-0.0009183466900140047,0.016863077878952026,0.04524456709623337,0.0048758829943835735,0.008745238184928894,0.022018656134605408,0.01825615018606186,0.034905217587947845,-0.05213482677936554,0.010377001017332077,0.02735110931098461,-0.012824935838580132,-0.02531222626566887,0.027629714459180832,-0.03553130477666855,-0.00683439290151,0.036339033395051956,-0.07315794378519058,-0.034308984875679016,0.08104178309440613,0.03608754277229309,-0.025834180414676666,0.0013462129281833768,-0.00101899029687047,-0.0020608147606253624,-0.003589736530557275,0.029635418206453323,-0.029917657375335693,0.005625845864415169,-0.025816287845373154,0.033464428037405014,-0.04430469870567322,0.031815968453884125,0.07267191261053085,-0.02838001400232315,-0.0009312424808740616,0.06766726821660995,-0.029573138803243637,-0.13688401877880096,0.01472353283315897,0.00046420306898653507,-0.03964369371533394,0.005791842471808195,-0.014821658842265606,-0.018894199281930923,0.03548961505293846,-0.05659084767103195,0.06833087652921677,-0.019716789945960045,-0.059381574392318726,-0.037076305598020554,-0.005337656941264868,-0.03780468553304672,-0.022019069641828537,-0.02087259106338024,0.021804561838507652,-0.0022506064269691706,-0.02894025854766369,-0.030239282175898552,-0.034026339650154114,-0.004232021514326334,0.017199033871293068,-0.0619230754673481,-0.034910064190626144,0.07306770980358124,0.01832231879234314,-0.04102718085050583,0.004784665070474148,-0.013690508902072906,0.017902405932545662,0.0018638824112713337,0.004578419495373964,-0.006717108190059662,0.01226697489619255,0.024243324995040894,9.427357872482389e-05,-0.02861352451145649,-0.01897302083671093,0.03335981443524361,0.057943928986787796,0.036573123186826706,0.024194441735744476,0.0056633176282048225,-0.024426858872175217,0.022140704095363617,-0.009042398072779179,-0.061783257871866226,0.015927866101264954,-0.030358092859387398,0.017237942665815353,-0.0076778344810009,-0.021688947454094887,-0.05695231631398201,-0.02721637301146984,-0.013016332872211933,0.025224605575203896,-0.025150248780846596,0.013711947947740555,-0.00631139799952507,0.025800101459026337,-0.012611955404281616,-0.029524048790335655,-0.016895834356546402,-0.02738136053085327,0.04858071357011795,-0.0035417855251580477,-0.02652927115559578,-0.0036426465958356857,-0.004260847810655832,-0.019219771027565002,-0.028318209573626518,0.032398708164691925,0.034522201865911484,0.05203695967793465,-0.025527412071824074,0.018352998420596123,-0.014774948358535767,-0.09512225538492203,-0.03363053500652313,-0.012295198626816273,0.03601020947098732,0.012842720374464989,-0.009466947056353092,-0.046237897127866745,0.002179343719035387,-0.02939189225435257,0.04524548351764679,0.21893879771232605,-0.045107513666152954,-0.04984631761908531,-0.008787322789430618,0.015757223591208458,-0.03102511540055275,-0.015124760568141937,0.020293598994612694,0.013150198385119438,-0.017991269007325172,0.010981329716742039,0.052426524460315704,0.01976732909679413,0.013892111368477345,-0.003068026388064027,0.006023856811225414,-0.0576353445649147,-0.004463159944862127,0.05276672914624214,-0.0426500141620636,0.022794919088482857,0.011446109972894192,-0.019864162430167198,-0.016519738361239433,-0.03833436965942383,-0.0009149693651124835,0.009454157203435898,0.014615739695727825,-0.022421497851610184,0.023976780474185944,-0.03193797543644905,0.03278699517250061,0.016292482614517212,0.04896387830376625,-0.013653608970344067,0.018949642777442932,-0.009031466208398342,0.05029188469052315,0.04988584294915199,-0.005287023261189461,-0.00373534532263875,-0.016733307391405106,-0.02806020900607109,0.0134624894708395,0.01552924420684576,-0.05778641626238823,0.012376438826322556,0.03148266300559044,-0.03947879374027252,-0.015443174168467522,-0.005891686771064997,-0.029418999329209328,-0.0005943585420027375,0.004378702491521835,9.950465755537152e-05,-0.0121274683624506,-0.021441951394081116,0.01857341080904007,0.02275094762444496,0.04343219846487045,0.034182436764240265,-0.005774432793259621,-0.011347556486725807,-0.01853742077946663,-0.030407676473259926,-0.05030364915728569,-0.01104770414531231,-0.05525897443294525,0.023231519386172295,-0.011249062605202198,0.030298497527837753,0.024624615907669067,0.011650214903056622,-0.010769303888082504,0.015942825004458427,-0.021726110950112343,0.05148059129714966,0.039114076644182205,-0.11302655190229416,-0.004421233665198088,-0.04992087557911873,-0.010121832601726055,-0.022405246272683144,-0.00017355334421154112,0.020017949864268303,0.004433790687471628,-0.0462934635579586,0.04170957952737808,-0.029372811317443848,0.0028005102649331093,-0.010518855415284634,-0.04572846740484238,0.027843879535794258,-0.009651486761868,0.046268608421087265,0.03687306120991707,-0.007156830746680498,-0.039860621094703674,-0.02485615760087967,0.024042081087827682,-0.019450806081295013,-0.056587595492601395,-0.014610543847084045,-0.008663348853588104,-0.016269732266664505,-0.0138856777921319,-0.002864926354959607,0.006660866551101208,0.007409180048853159,0.03906485438346863,-0.05524338781833649,0.018029900267720222,-0.005535849370062351,-0.03673794865608215,0.005665973294526339,0.025474319234490395,0.007427587639540434,0.04392155259847641,0.015468984842300415,0.017588051036000252,-0.04993000999093056,0.043971508741378784,0.02406499907374382,0.03466342017054558,0.018899602815508842,-0.030426276847720146,-0.02052163891494274,-0.04803398996591568,-0.026528434827923775,0.0946098268032074,0.024310916662216187,-0.014651757664978504,0.0012364513240754604,-0.051774077117443085,0.002387342741712928,-0.008723410777747631,-0.040984008461236954,0.009259583428502083,0.0005243156338110566,0.009917913004755974,-0.005352400243282318,-0.029144780710339546,-0.024568656459450722,0.0522204227745533,-0.005862541496753693,0.025343798100948334,0.029634671285748482,-0.00273118051700294,-0.06054754927754402,0.005137714557349682,-0.04467276111245155,0.018011409789323807,-0.010822642594575882,0.008108380250632763,-0.01081925630569458,-0.03733339533209801,-0.019623175263404846,-0.04007880017161369,-0.0008594368118792772,0.00581451877951622,0.003958238288760185,0.022515244781970978,0.06185142323374748,0.015858978033065796,0.019852859899401665,0.002319311024621129,-0.01480657234787941,0.02363790012896061,0.011331497691571712,-0.05376959219574928,0.009990652091801167,0.0032097117509692907,-0.04089498519897461,0.052186451852321625,-0.037319380789995193,0.004826468415558338,-0.055114999413490295,0.0034428739454597235,-0.010472691617906094,-0.06611676514148712,-0.01037786528468132,-0.0005447233561426401,-0.02910020388662815,-0.027704712003469467,0.02247021347284317,0.042455434799194336,0.01244362723082304,-0.016777440905570984,0.004255194682627916,-0.02550603076815605,-0.06429971754550934,0.1075877994298935,-0.03949533402919769,-0.011600485071539879,0.04532172158360481,0.0037313916254788637,-0.012968352995812893,0.0003182301879860461,8.174830873031169e-05,-0.0034507394302636385,0.03422964736819267,0.005301379598677158,-0.001691825338639319,0.0191281046718359,-0.006061054766178131,-0.013465018942952156,-0.0069177341647446156,-0.06904187053442001,0.011334551498293877,0.02666594833135605,-0.009491744451224804,0.008109631016850471,0.000270432501565665,0.001440549734979868,0.054104529321193695,-0.017215944826602936,0.01902449131011963,0.02353266440331936,-0.008851164020597935,-0.05753902345895767,0.017085526138544083,0.024392839521169662,0.058107197284698486,-0.042590826749801636,-0.04965287819504738,0.017143571749329567,-0.0015996365109458566,-0.031130287796258926,0.009595777839422226,-0.014891386032104492,-0.004279938992112875,0.00954863429069519,-0.00638869171962142,-0.010503189638257027,-0.020417727530002594,-0.024925561621785164,-0.02497187815606594,0.0323958620429039,0.03358865901827812,-0.006516528315842152,-0.02428862266242504,0.022236468270421028,0.03403478488326073,0.06839659065008163,0.02126666158437729,0.010143501684069633,-0.0476672500371933,0.04145149886608124,-0.016375049948692322,0.03707076236605644,-0.019008493050932884,-0.03233839571475983,0.04743226245045662,-0.03599415719509125,0.007712547667324543,0.016704382374882698,-0.028850046917796135,0.0006522226030938327,0.010931448079645634,-0.00917356088757515,-0.02978200651705265,-0.009881039150059223,-0.008251948282122612,0.0033419339451938868,-0.01597895473241806,-0.008629543706774712,0.002589296316727996,-0.011357653886079788,-0.030599448829889297,-0.0483662448823452,-0.010268785990774632,-0.02480701170861721,-0.007945558987557888,-0.02880842424929142,0.03915181756019592,-0.005666943732649088,0.012138660065829754,0.0237110648304224,0.010762899182736874,0.04160503298044205,-0.06037827953696251,0.024193134158849716,0.03760358691215515,0.043758366256952286,-0.0013828728115186095,-0.04412728548049927,0.009578428231179714,-0.020279360935091972,5.2635125030064955e-05,-0.008370527066290379,0.05773742124438286,0.034005261957645416,-0.0200754776597023,-0.008649421855807304,-0.0378885492682457,-0.015024575404822826,-0.0037489512469619513,0.012911438010632992,-0.0036728691775351763,-0.0029253612738102674,-0.008944125846028328,-0.009024429135024548,-0.01335191074758768,-0.01626945473253727,-0.026254992932081223,0.008039433509111404,0.020016998052597046,-0.06131640449166298,0.03466935083270073,0.03327496722340584,0.0067392620258033276,-0.06607392430305481,0.026331283152103424,0.009008047170937061,0.030435780063271523,-0.006085904315114021,0.03641313314437866,-0.034748584032058716,0.012242671102285385,0.007348518818616867,-0.03460659086704254,0.030695034191012383,-0.047501642256975174,0.0018654873128980398,-0.030103644356131554,-0.007702834438532591,-0.027765771374106407,0.024526800960302353,-0.03545354679226875,-0.009015753865242004,-0.01717379316687584,-0.030841102823615074,0.0020065116696059704,0.03843699023127556,0.006114406976848841,0.03177403286099434,0.044875722378492355,-0.03711232542991638,0.04788580909371376,-0.0146601228043437,-0.04159236326813698,-0.01396895106881857,0.03377598524093628,-0.027575453743338585,0.035955533385276794,-0.05143231526017189,0.019725481048226357,0.0006486629717983305,0.012324350886046886,-0.02440154179930687,-0.006380096543580294,0.007621529512107372,-0.03636700287461281,-0.09041640162467957,-0.026214974001049995,-0.03141767531633377,-0.005205672699958086,0.008443810045719147,0.03078470192849636,-0.027843093499541283,-0.026545101776719093,0.037634942680597305,-0.00675897765904665,0.016559189185500145,0.011062141507863998,-0.0060457331128418446,0.04953506588935852,0.008069481700658798,0.06261841952800751,-0.03614043444395065,-0.00726083992049098,-0.030260585248470306,-0.026003438979387283,0.03740040212869644,-0.02454475313425064,0.03007623180747032,-0.008213981054723263,-0.007561081554740667,0.019878733903169632,-0.019272776320576668,-0.0409545861184597,0.023766174912452698,-0.02077547460794449,-0.02761334925889969,-0.013472653925418854,-0.009062457829713821,-0.02458672784268856,0.012858396396040916,0.014667426235973835,0.05537687987089157,-0.006967851426452398,-0.03824889287352562,-0.018467776477336884,0.009576612152159214,-0.10920564085245132,-0.004567262250930071,0.029244819656014442,-0.0028962085489183664,-0.03870686516165733,-0.013401107862591743,0.029907774180173874,-0.018730903044342995,-0.03868585079908371,-0.04883519560098648,0.007147375028580427,-0.05287168174982071,0.08187652379274368,-0.036022067070007324,0.019022943452000618,0.004857772961258888,-0.0003942277980968356,-0.029957802966237068,0.019436946138739586,0.07591703534126282,-0.01764586754143238,0.02542753517627716,-0.03160223737359047,0.01454997155815363,0.029016144573688507,-0.015955369919538498,0.0009203893132507801,-0.04034285619854927,-0.02242523990571499,-0.01673121750354767,0.010573020204901695,-0.046925388276576996,0.01714199036359787,0.05193446949124336,-0.035479385405778885,0.0024189352989196777,-0.016256412491202354,-0.028951110318303108,0.024091480299830437,0.02829139493405819,-0.0018936323467642069,0.014343714341521263,-0.015298948623239994,-0.02420523762702942,-0.013787905685603619,0.06878116726875305,-0.012495551258325577,-0.02505435049533844,-0.0753774419426918,0.027725381776690483,0.03500271588563919,0.011991642415523529,0.0037528190296143293,0.015043667517602444,0.008200795389711857,-0.035838812589645386,-0.0588143914937973,0.013582696206867695,-0.020194161683321,0.06017092242836952,-0.0551094152033329,0.034776169806718826,-0.032758381217718124,-0.023420318961143494,0.02706099860370159,0.004584763664752245,-0.015875503420829773,0.014188647270202637,0.02849867008626461,0.009653216227889061,0.039947520941495895,-0.004331330303102732,-0.0005515683442354202,-0.016682187095284462,-0.02024693414568901,-0.021920735016465187,0.004993234761059284,0.01980372704565525,0.05021168291568756,0.017440229654312134,-0.06730655580759048,-0.043400272727012634,-0.030484747141599655,0.042027972638607025,0.05420441925525665,-0.019942663609981537,0.02510044164955616,-0.03535512834787369,-0.007177854888141155,-0.05318821966648102,-0.023891834542155266,-0.03774794563651085,-0.004984421189874411,-0.011998950503766537,0.002825293457135558,0.008789765648543835,-0.002757462440058589,0.01294450182467699,0.04352133721113205,0.023227034136652946,-0.033885177224874496,0.0009433478699065745,0.018313731998205185,0.007152867969125509,-0.005756514612585306,-0.017948374152183533,0.011350447311997414,-0.03411006182432175,0.011995458044111729,0.029016532003879547,0.02797417901456356,0.05568564310669899,-0.007089183200150728,-0.018024824559688568,-0.032819781452417374,-0.01551501452922821,0.05662119761109352,0.00744059169664979,-0.012059798464179039,-0.008710317313671112,0.023390328511595726,0.0041507333517074585,-0.033781930804252625,-0.017795702442526817,0.02530309185385704,0.041023291647434235,0.05767093226313591,0.03746149688959122,0.005177230108529329,0.01223087590187788,0.016392406076192856,-0.037864506244659424,-0.05071870610117912,0.015270045027136803,0.070567786693573,0.04753759503364563,-0.006386278197169304,0.04559151455760002,0.025994187220931053,-0.009828738868236542,0.009405996650457382,-0.024965334683656693,0.037222057580947876,-0.008888970129191875,0.01893720030784607,-0.03558061644434929,-0.017446503043174744,-0.003823918057605624,-0.02516421303153038,-0.010496909730136395,-0.008782381191849709,0.025038830935955048,0.0238092802464962,0.042798686772584915,-0.023353300988674164,0.013831038028001785,-0.029470959678292274,0.02165260724723339,-0.013197802007198334,0.04124988615512848,0.01922142133116722,-0.04577641561627388,-0.01278524100780487,-0.030542660504579544,-0.0304219052195549,0.007392664905637503,0.0010105074616149068,0.023337367922067642,-0.029846608638763428,0.0048148552887141705,-0.01566733606159687,0.047605112195014954,-0.03584669530391693,0.03492674231529236,0.030639205127954483,0.004468719940632582,0.018884161487221718,-0.0069862245582044125,0.021088924258947372,0.04375750571489334,0.03173450753092766,-0.022464444860816002,0.05434231460094452,0.01577381044626236,0.01139194518327713,0.03112032823264599,0.03859855979681015,-0.00993255153298378,0.015480407513678074,-0.02083217166364193,0.0027498917188495398,-0.0173106100410223,0.02814314141869545,-0.015143651515245438,0.040173739194869995,-0.02431170456111431,0.0370483435690403,0.00987639743834734,-0.011358775198459625,0.07648146152496338,-0.03697039186954498,0.005801084451377392,0.035424403846263885,-0.019410548731684685,0.014840973541140556,0.0121122095733881,-0.0013527005212381482,-0.004245830699801445,-0.0011127293109893799,-0.014033178798854351,0.021416980773210526,0.006852001417428255,-0.018031533807516098,0.033716440200805664,-0.02615078166127205,-0.0012632550206035376,0.01546143926680088,0.005826584994792938,-0.0251296553760767,-0.015953537076711655,0.0093498220667243,0.024640550836920738,0.03831002116203308,-0.003899267176166177,-0.0071869888342916965,-0.02500123158097267,0.04485620930790901,-0.007088191341608763,-0.0059624831192195415,0.038272734731435776,-0.03865240141749382,0.030168231576681137,0.015443761833012104,-0.0016706382157281041,0.01864703930914402,-0.010465536266565323,-0.05231066420674324,0.03623250871896744,-0.023407695814967155,0.023826533928513527,0.022174695506691933,0.008583064191043377,-0.003762763924896717,0.026971766725182533"
https://help.ptsecurity.com/ru-RU/projects/mp10/27.4/help/2189382283,https://help.ptsecurity.com/ru-RU/projects/mp10/27.4/help/2189382283,Алгоритм работы MaxPatrol 10 и схема взаимодействия компонентов · MaxPatrol 10 · Справочный портал,"О MaxPatrol 10
Ал­го­ритм ра­бо­ты MaxPatrol 10 и схе­ма вза­и­мо­дей­ствия ком­по­нен­тов
Ал­го­ритм ра­бо­ты MaxPatrol 10:
Кол­лек­то­ры со­би­ра­ют дан­ные об IT-ин­фра­струк­ту­ре пред­при­я­тия:
— мо­ду­ли ком­по­нен­та MP 10 Collector ска­ни­ру­ют IT-ин­фра­струк­ту­ру, со­би­ра­ют све­де­ния о се­те­вых уз­лах и со­бы­тия с ис­точ­ни­ков;
— ком­по­нент MP NAD Sensor со­би­ра­ет све­де­ния о се­те­вых со­еди­не­ни­ях.
Со­бран­ные дан­ные кол­лек­то­ры пе­ре­да­ют в MP SIEM Server и MP 10 Core. Пе­ре­дан­ные со­бы­тия ис­поль­зу­ют­ся в MP SIEM Server для нор­ма­ли­за­ции, аг­ре­га­ции, обо­га­ще­ния и кор­ре­ля­ции.
Ком­по­нент MP 10 Core об­ра­ба­ты­ва­ет и хра­нит ре­зуль­та­ты ска­ни­ро­ва­ния с по­дроб­ной ин­фор­ма­ци­ей об об­на­ру­жен­ных ОС, ПО, служ­бах, пор­тах и про­чи­ми све­де­ни­я­ми об уз­лах и свя­зях меж­ду ними. Та­к­же ком­по­нент хра­нит па­ра­мет­ры за­дач на сбор дан­ных, про­фи­лей ска­ни­ро­ва­ния и транс­пор­тов, дан­ные и сце­на­рии спра­воч­ни­ков и осу­ществ­ля­ет кон­троль до­сту­па к этим дан­ным, свя­зы­ва­ясь с осталь­ны­ми ком­по­нен­та­ми си­сте­мы для вы­пол­не­ния поль­зо­ва­тель­ских за­про­сов.
Ком­по­нент MP SIEM Server об­ра­ба­ты­ва­ет вхо­дя­щий по­ток со­бы­тий, при­во­дит их к еди­но­му фор­ма­ту в со­от­вет­ствии с пра­ви­ла­ми нор­ма­ли­за­ции и группи­ру­ет их со­глас­но пра­ви­лам аг­ре­га­ции. Он та­к­же свя­зы­ва­ет со­бы­тия с ак­ти­ва­ми и, при необ­хо­ди­мо­сти, со­зда­ет но­вые ак­ти­вы на ос­но­ве со­бы­тий. За­тем до­пол­ня­ет дан­ные о со­бы­ти­ях, ис­поль­зуя пра­ви­ла обо­га­ще­ния или таб­лич­ные спис­ки, и ана­ли­зи­ру­ет по­ток нор­ма­ли­зо­ван­ных со­бы­тий по пра­ви­лам кор­ре­ля­ции для вы­яв­ле­ния и ре­ги­стра­ции со­бы­тий ин­фор­ма­ци­он­ной без­опас­но­сти. MP SIEM Server пе­ре­да­ет ком­по­нен­ту MP SIEM Events Storage по­сту­пив­шие со­бы­тия в ис­ход­ном (необ­ра­бо­тан­ном) и в нор­ма­ли­зо­ван­ном виде для хра­не­ния.
Нор­ма­ли­за­ция со­бы­тий мо­жет вы­пол­нять­ся на сер­ве­ре MP 10 Collector. Для это­го необ­хо­ди­мо уста­но­вить на сер­вер MP 10 Collector об­лег­чен­ную вер­сию MP SIEM Server — «SIEM на кол­лек­то­ре». Со­бы­тия, нор­ма­ли­зо­ван­ные на та­ком сер­ве­ре MP 10 Collector, пе­ре­да­ют­ся для аг­ре­га­ции, обо­га­ще­ния и кор­ре­ля­ции на ос­нов­ной MP SIEM Server.
Ком­по­нент Knowledge Base со­дер­жит базу зна­ний, необ­хо­ди­мых MaxPatrol 10 для струк­ту­ри­ро­ва­ния све­де­ний, со­бран­ных от ис­точ­ни­ков со­бы­тий и объ­ек­тов ин­фра­струк­ту­ры.
Ком­по­нент PT MC обес­пе­чи­ва­ет до­ступ к си­сте­ме че­рез сер­вис еди­но­го вхо­да и жур­на­ли­ру­ет дей­ствия поль­зо­ва­те­лей.
Для управ­ле­ния си­сте­мой, про­смот­ра дан­ных, по­стро­е­ния от­че­тов и мо­ни­то­рин­га поль­зо­ва­тель под­клю­ча­ет­ся к ком­по­нен­ту MP 10 Core че­рез веб-ин­тер­фейс в со­от­вет­ствии с пра­ва­ми, ко­то­рые на­зна­че­ны в PT MC.
Ком­по­нент PT Feeds до­став­ля­ет дан­ные об угро­зах ин­фор­ма­ци­он­ной без­опас­но­сти и ин­ди­ка­то­рах ком­про­ме­та­ции.
Ком­по­нент PT RC обес­пе­чи­ва­ет воз­мож­ность ре­тро­спек­тив­ной про­вер­ки по­лу­чен­ных ра­нее со­бы­тий, ис­поль­зуя но­вые пра­ви­ла кор­ре­ля­ции и дан­ные из таб­лич­ных спис­ков.
Ком­по­нент PT UCS обес­пе­чи­ва­ет об­нов­ле­ние мо­ду­ля Pentest для кол­лек­то­ров и дан­ных для ком­по­нен­та PT Feeds, а та­к­же за­гру­жа­ет дис­три­бу­ти­вы с но­вы­ми вер­си­я­ми ком­по­нен­тов.
Ком­по­нент BAD обес­пе­чи­ва­ет об­на­ру­же­ние ано­маль­но­го по­ве­де­ния поль­зо­ва­те­лей или сущ­но­стей в IT-ин­фра­струк­ту­ре ор­га­ни­за­ции и оцен­ку сте­пе­ни рис­ка со­бы­тий с по­мо­щью мо­де­лей ма­шин­но­го обу­че­ния.
Ло­каль­ный сер­вер об­нов­ле­ний обес­пе­чи­ва­ет за­груз­ку и пе­ре­да­чу об­нов­ле­ний с гло­баль­но­го сер­ве­ра об­нов­ле­ний Positive Technologies при от­сут­ствии пря­мо­го до­сту­па к ин­тер­не­ту.
Ло­каль­ные аген­ты OTEL со­би­ра­ют све­де­ния со всех ком­по­нен­тов си­сте­мы и от­прав­ля­ют дан­ные в кол­лек­тор OTEL. Кол­лек­тор со­би­ра­ет дан­ные и за­пи­сы­ва­ет их в хра­ни­ли­ще. По­лу­чен­ные мет­ри­ки на­прав­ля­ют­ся в сер­вис VictoriaMetrics, ко­то­рый яв­ля­ет­ся ча­стью роли Observability в при­ло­же­нии PT MC.
80
443
4505
4506
9035
443
443
3334
8013
443
3334
5671
5672
8721
443
443
3334
8091
8190
5671
8013
8123
9000
9009
9200
9300
Knowledge
Base
PT MC
MP 10 Collector
MP SIEM Events
Storage
MP SIEM Server
MP 10 Core
PT Feeds
PT UCS
443
2080
2443
PT RC
5671
8013
443
3334
5671
8091
4505
4506
9035
8553
8743
Ло­каль­ный
сер­вер
об­нов­ле­ний
443
8003
8004
8521
5671
5672
BAD
8013
Уве­дом­ле­ния
во внеш­ние
си­сте­мы
8123
9200
3334
5671
8091
8521
MaxPatrol EDR
MP NAD Sensor
Вза­и­мо­дей­ствие ком­по­нен­тов MaxPatrol 10
Для по­лу­че­ния об­нов­ле­ний меж­се­те­вой экран сер­ве­ра ком­по­нен­та PT UCS не дол­жен бло­ки­ро­вать ад­ре­са гло­баль­ных сер­ве­ров об­нов­ле­ний Positive Technologies — update.ptsecurity.ru и update.ptsecurity.com. Для обес­пе­че­ния се­те­во­го вза­и­мо­дей­ствия ком­по­нен­тов MaxPatrol 10 долж­ны быть до­ступ­ны для вхо­дя­щих со­еди­не­ний пе­ре­чис­лен­ные ниже пор­ты.
Ком­по­нен­ты и пор­ты вза­и­мо­дей­ствия
Ис­точ­ник
По­лу­ча­тель
TCP-порт
Ра­бо­чая стан­ция поль­зо­ва­те­ля, ПО для за­груз­ки дан­ных уве­дом­ле­ний
MP 10 Core
443
MP SIEM Server
MP 10 Core
443, 3334, 5671, 5672, 8721
PT UCS
MP 10 Core
443, 3334
PT RC
MP 10 Core
443, 5671
MaxPatrol EDR
MP 10 Core
5671, 8521
MaxPatrol EDR
PT MC
3334
MaxPatrol EDR
Knowledge Base
8091
BAD
MP 10 Core
8521
Ра­бо­чая стан­ция поль­зо­ва­те­ля
Knowledge Base
8091, 8190
PT RC
Knowledge Base
8091
Ра­бо­чая стан­ция поль­зо­ва­те­ля, ком­по­нент PT RC
PT MC
3334
MP 10 Core
MP SIEM Server
8013
MP 10 Collector, MP NAD Sensor
MP SIEM Server
5671, 8013
Knowledge Base, BAD
MP SIEM Server
8013
PT RC
MP SIEM Server
8013, 5671
MP 10 Core
MP SIEM Events Storage
8123
,
9200
MP SIEM Server
MP SIEM Events Storage
8123
, 9000, 9009,
9200
, 9300
Ра­бо­чая стан­ция поль­зо­ва­те­ля
MP NAD Sensor
80, 443
MP 10 Core, MP SIEM Server, MP SIEM Events Storage, MP 10 Collector
PT UCS
4505, 4506, 9035
PT UCS, ло­каль­ный сер­вер об­нов­ле­ний
Гло­баль­ный сер­вер об­нов­ле­ний
443
MP 10 Core
PT Feeds
2080, 2443
PT Feeds
Ре­пу­та­ци­он­ный сер­вис, предо­став­ля­ю­щий дан­ные об угро­зах ИБ и ин­ди­ка­то­рах ком­про­ме­та­ции
443
MP 10 Core
BAD
8003
MP SIEM Server
BAD
5671, 5672
PT MC
Ло­каль­ный сер­вер об­нов­ле­ний
8553, 8743
Ло­каль­ные аген­ты OTEL
Кол­лек­тор OTEL
4318
На сер­ве­ре, на ко­то­рый необ­хо­ди­мо уста­но­вить роль Deployer, пор­ты 4505/TCP, 4506/TCP, 5000/TCP долж­ны быть до­ступ­ны для вхо­дя­щих со­еди­не­ний.
Для сред­не­на­гру­жен­ных и вы­со­ко­на­гру­жен­ных си­стем на сер­ве­рах, на ко­то­рые уста­нав­ли­ва­ют­ся ком­по­нен­ты MP SIEM Server, MP SIEM Events Storage, MP 10 Core, MP 10 Collector, PT RC, порт 22/TCP дол­жен быть от­крыт для вхо­дя­щих со­еди­не­ний.
Для ис­хо­дя­щих со­еди­не­ний не тре­бу­ет­ся со­зда­вать пра­ви­ла меж­се­те­во­го экра­на. Для уда­лен­но­го до­сту­па к сер­ве­рам ком­по­нен­тов ре­ко­мен­ду­ет­ся раз­ре­шить со­еди­не­ния от ра­бо­чих стан­ций ад­ми­ни­стра­то­ра че­рез порт 3389/TCP к сер­ве­рам на Microsoft Windows, че­рез порт 22/TCP — к сер­ве­рам на Linux.
Для воз­мож­но­сти ре­пли­ка­ции со­бы­тий необ­хо­ди­мо обес­пе­чить се­те­вое вза­и­мо­дей­ствие че­рез TCP-пор­ты 5671 и 5672 меж­ду сер­ве­ра­ми MP 10 Core свя­зы­ва­е­мых при­ло­же­ний, а та­к­же меж­ду сер­ве­ра­ми MP SIEM Server свя­зы­ва­е­мых при­ло­же­ний.
По умол­ча­нию ло­каль­ный сер­вер об­нов­ле­ний ис­поль­зу­ет для под­клю­че­ния по про­то­ко­лам HTTP и HTTPS пор­ты 8553 и 8743 со­от­вет­ствен­но. Вы мо­же­те из­ме­нить эти зна­че­ния в па­ра­мет­рах сер­ви­са по­лу­че­ния об­нов­ле­ний.
Архитектура MaxPatrol 10
Что нового в версии 27.4",1,связываясь остальными компонентами системы выполнения пользовательских запросов компонент mpsiemserver обрабатывает входящий поток событий приводит единому формату соответствии правилами нормализации группирует согласно правилам агрегации также связывает события активами необходимости создает новые активы основе событий затем дополняет данные событиях используя правила обогащения табличные списки анализирует поток нормализованных событий правилам корреляции выявления регистрации событий информационной безопасности mpsiemserver передает компоненту mpsiemevents storage поступившие события исходном необработанном нормализованном виде хранения нормализация событий выполняться сервере mp 10 collector необходимо установить сервер mp 10 collector облегченную версию mpsiemserver siem коллекторе события нормализованные таком сервере mp 10 collector передаются агрегации обогащения корреляции основной mpsiemserver компонент knowledgebase содержит базу знаний необходимых maxpatrol10,"0.022551894187927246,-0.021330198273062706,-0.0435396246612072,0.031114542856812477,-0.025385761633515358,-0.053059715777635574,-0.03496933728456497,0.005008997395634651,0.02495388686656952,0.0123927416279912,-0.0032042956445366144,-0.02132779359817505,-0.008580188266932964,0.018933361396193504,0.05218522995710373,0.029669184237718582,0.02422921359539032,-0.008742526173591614,-0.005708529148250818,-0.03031751699745655,0.010670696385204792,0.01742308959364891,-0.027305947616696358,-0.011767995543777943,0.02061644196510315,-0.015597340650856495,-0.03385692834854126,-0.02687658928334713,-0.014431433752179146,0.01802990213036537,0.00859866663813591,-0.024100232869386673,0.023759348317980766,0.003075771266594529,-0.05382571741938591,-0.003400390734896064,-0.012153606861829758,-0.022016890347003937,-0.03482420742511749,0.005026254337280989,0.033434730023145676,0.0006259990041144192,-0.008868643082678318,0.015755804255604744,-0.008610745891928673,-0.017035026103258133,0.024075761437416077,-0.029061315581202507,-0.012482680380344391,-0.00433516688644886,-0.03977302089333534,0.023374507203698158,0.023252153769135475,-0.03235897794365883,-0.005127344746142626,0.03286419063806534,-0.03307289257645607,0.0219271220266819,-0.027504561468958855,0.036332808434963226,-0.053559888154268265,0.019061651080846786,-0.058239538222551346,-0.02315559983253479,0.01506293285638094,0.03199511766433716,0.003535662079229951,0.02695521153509617,-0.019755655899643898,-0.01795429363846779,1.8574770365376025e-05,0.04237140342593193,0.008394639007747173,-0.02189994603395462,-0.052668679505586624,0.015257508493959904,0.041826941072940826,-0.004449065309017897,-0.013235606253147125,-0.018486453220248222,-0.06823139637708664,-0.012380614876747131,-0.014394608326256275,0.015222142450511456,-0.014909747056663036,-0.007182607427239418,-0.0012156427837908268,0.026157144457101822,-0.00016943975060712546,-0.011026836931705475,0.024469049647450447,-0.03176765516400337,0.03876994922757149,-0.05959474295377731,-0.06357234716415405,-0.04524815082550049,0.05045785754919052,0.001850412110798061,0.04990386962890625,0.014724142849445343,0.026176132261753082,-0.027362694963812828,-0.012967518530786037,-0.035244666039943695,0.047142595052719116,0.01123987790197134,0.052887726575136185,0.014300215058028698,-0.013733341358602047,0.002742093289270997,0.002202673116698861,-0.021517395973205566,0.0503682978451252,-0.0073507060296833515,0.011403113603591919,-0.04129420965909958,0.03622666001319885,3.393178849364631e-05,-0.011109767481684685,-0.021985232830047607,-0.01291839312762022,-0.03090052120387554,0.01880444400012493,-0.006360494531691074,-0.029562901705503464,-0.011154498904943466,-0.08314748853445053,0.04695877805352211,0.02328653447329998,0.04482000693678856,0.0115122739225626,0.01590484008193016,0.020968221127986908,0.018004009500145912,-0.03732648491859436,-0.013367749750614166,0.012986269779503345,0.05394366383552551,0.009279831312596798,-0.018570898100733757,0.02664656937122345,0.03526613116264343,-0.03448942303657532,-0.016089145094156265,0.003658888628706336,-0.04212665185332298,0.023401007056236267,0.035998377948999405,-0.03962662070989609,-0.01621771790087223,-0.05318763852119446,0.012648798525333405,0.022600622847676277,-0.012864706106483936,0.02129948139190674,-0.01065407320857048,-0.021314959973096848,-0.029827740043401718,0.05767169967293739,0.006536749191582203,-0.011412999592721462,0.01818183623254299,0.009456675499677658,0.05444280803203583,0.04128706082701683,-0.04924779385328293,0.0072795371524989605,-0.0069629424251616,-0.021675515919923782,-0.007114700973033905,0.006836653221398592,-0.058910492807626724,0.05716420337557793,0.012216192670166492,0.020230406895279884,0.00033212354173883796,0.061616238206624985,0.027498144656419754,-0.004316474311053753,-0.009992675855755806,0.006816011853516102,-0.003323318436741829,-0.002534979023039341,-0.019037727266550064,-0.018902933225035667,0.014704310335218906,-0.020006971433758736,-0.026373155415058136,-0.0004350932140368968,0.06367501616477966,-0.02966393157839775,-0.024632887914776802,0.05906889960169792,-0.019174057990312576,0.02356795407831669,0.036197762936353683,0.01552163902670145,0.013659401796758175,0.007859514094889164,0.03314358741044998,0.01852159947156906,0.036857206374406815,0.009135698899626732,0.03634962439537048,-0.021213438361883163,0.00515995966270566,-0.011909106746315956,-0.024050842970609665,-0.019414033740758896,-0.049161966890096664,-0.01919371448457241,0.026621023193001747,-0.017219578847289085,0.032702572643756866,-0.04245486855506897,0.005843457765877247,-0.0027954899705946445,-0.0035801692865788937,0.02315272018313408,-0.0033026873134076595,-0.029805371537804604,0.041442014276981354,-0.0020789536647498608,0.01755867525935173,-0.012907507829368114,-0.03585239499807358,0.041475966572761536,0.0021990484092384577,0.002525193616747856,0.017131298780441284,0.007376412861049175,0.030571386218070984,0.023397156968712807,0.0035465892869979143,0.014447098597884178,-0.03429055213928223,-0.02665017358958721,-0.0171321053057909,0.0155330216512084,0.024784721434116364,-0.013583260588347912,-0.036915864795446396,-0.011698132380843163,-0.03965435549616814,-0.029122326523065567,0.002181431045755744,0.007820145227015018,0.009272180497646332,-0.0008637427818030119,-0.04828336089849472,-0.009137541987001896,0.017137208953499794,-0.028093501925468445,-0.01589912362396717,0.015485158190131187,0.0021527546923607588,0.03161504492163658,0.006164634134620428,0.039104193449020386,-0.013560176827013493,-0.0008737019379623234,0.06501734256744385,0.026157010346651077,0.013709708116948605,0.004521382041275501,-0.008145582862198353,0.02263854630291462,-0.005363574251532555,0.012392307631671429,0.0034966228995472193,-0.015390739776194096,-0.029234079644083977,0.026202548295259476,-0.019296584650874138,-0.010286512784659863,0.02838195487856865,-0.02473192662000656,-0.02080651745200157,0.07142382115125656,0.06424390524625778,-0.061449263244867325,-0.014134585857391357,0.002955880481749773,0.0036189991515129805,0.007435851730406284,0.03548954799771309,-0.02645368129014969,-0.0028061000630259514,-0.026795029640197754,0.024731101468205452,-0.004282529465854168,0.06657173484563828,0.07743324339389801,-0.01458049938082695,0.009464355185627937,0.06290853768587112,-0.019975002855062485,-0.1393125206232071,0.011636161245405674,0.004704785067588091,-0.034012097865343094,-0.011770332232117653,-0.012434636242687702,-0.01118719857186079,0.06312402337789536,-0.0035435636527836323,0.06366244703531265,-0.013581519946455956,-0.05190091207623482,-0.012887999415397644,-0.017549728974699974,-0.02241850458085537,-0.007964320480823517,0.005849453154951334,0.03918341174721718,0.02766030840575695,-0.026659900322556496,-0.036035068333148956,-0.03546752780675888,0.006145950872451067,0.0409143902361393,-0.042301055043935776,-0.036650341004133224,0.07345657795667648,0.025149717926979065,-0.048809509724378586,-0.013228672556579113,-0.054278213530778885,0.006176617927849293,0.0038349712267518044,-0.013872921466827393,0.014313804917037487,-0.04914303123950958,0.020623352378606796,-0.015698330476880074,0.000745797180570662,-0.02541208267211914,0.02587094157934189,0.07602731883525848,0.03399842977523804,0.019581299275159836,0.004245683550834656,-0.02659950777888298,-0.020659424364566803,0.0017227609641849995,-0.03277376666665077,0.021214354783296585,-0.013830984011292458,-0.002873325487598777,-0.02221834659576416,-0.02603120729327202,-0.049714867025613785,-0.0385458767414093,-0.027753498405218124,-0.022955182939767838,-0.009336131624877453,-0.006324849557131529,0.002200837479904294,0.023818854242563248,-0.025714129209518433,-0.013731541112065315,-0.01339282188564539,-0.010163135826587677,0.06405697017908096,-0.011789585463702679,0.011607254855334759,-0.012338520959019661,0.023383352905511856,-0.011889010667800903,0.005078527610749006,0.043082475662231445,0.012935522943735123,0.027294494211673737,-0.016175242140889168,0.028905948624014854,-0.004461975768208504,-0.07580148428678513,-0.046370912343263626,-0.01238637138158083,0.018295397982001305,0.04737524315714836,-0.017963465303182602,-0.03431510180234909,-0.0007459501503035426,-0.026025114580988884,0.023612866178154945,0.2266199290752411,-0.02112615294754505,-0.01945752091705799,0.016886867582798004,0.013733957894146442,-0.01817893236875534,0.008617370389401913,0.03164584934711456,0.01968633569777012,-0.010169477201998234,-0.013283047825098038,0.02132205106317997,0.031297337263822556,0.0008195111295208335,-0.009482144378125668,0.012794890441000462,-0.07899576425552368,0.0013637494994327426,0.05685604736208916,-0.02457617036998272,0.020932892337441444,-0.03327922150492668,-0.04750758409500122,0.032520540058612823,-0.0354774184525013,-0.03784798085689545,0.029927711933851242,0.015221183188259602,-0.03245501220226288,-0.002259599743410945,-0.0462372861802578,0.0643489882349968,0.04409332573413849,0.021537957713007927,-0.032761551439762115,0.03157251700758934,0.01606079936027527,0.030362224206328392,0.010266552679240704,0.015920273959636688,0.048924561589956284,-0.00905543752014637,0.014413844794034958,0.027769071981310844,0.025494622066617012,-0.007100987248122692,0.005612695124000311,0.04292047768831253,-0.02033362165093422,-0.012655748054385185,-0.019384127110242844,-0.055848393589258194,0.0017597489058971405,0.007365957833826542,-0.017832815647125244,-0.02030102349817753,-0.014525561593472958,-0.02573617361485958,-0.014994112774729729,0.02727852389216423,0.032685186713933945,0.0016871686093509197,0.001674501458182931,-0.034602731466293335,-0.0015121076721698046,-0.013100607320666313,-0.0046116807498037815,-0.04497687891125679,0.06585510075092316,-0.009770961478352547,-0.003921206574887037,0.02742031030356884,0.03067314624786377,-0.034329913556575775,-0.005154049955308437,-0.014219253323972225,0.03567473590373993,0.007405060809105635,-0.07534375041723251,-0.007401262875646353,-0.04184865206480026,-0.013033734634518623,-0.02307901717722416,0.015703532844781876,0.013924336060881615,0.023795124143362045,-0.027417948469519615,0.029968386515975,-0.005288935266435146,-0.004902989603579044,0.00505038071423769,-0.03455789014697075,0.02449149452149868,0.009595314040780067,0.052100203931331635,0.05311013013124466,0.013019340112805367,-0.010561767965555191,-0.026937881484627724,0.035534001886844635,-0.05691247805953026,-0.038164813071489334,-0.01862328127026558,-0.03861140087246895,-0.012090761214494705,-0.011638395488262177,0.021946383640170097,-0.010672163218259811,-0.0013559587532654405,0.008920811116695404,-0.049924518913030624,0.022128576412796974,0.004096869844943285,-0.04372183978557587,0.014020105823874474,0.01769040711224079,0.009116040542721748,0.043315328657627106,0.05129736289381981,-0.01045649591833353,-0.031634170562028885,0.06023092195391655,0.015637323260307312,0.04481697455048561,0.016655519604682922,-0.04577464982867241,-0.0190011914819479,-0.03845007345080376,-0.005421928130090237,0.06788542866706848,0.03633900359272957,-0.028426332399249077,0.046028949320316315,0.006620710715651512,0.03363087400794029,-0.02605234645307064,-0.005696649197489023,-0.007203075103461742,0.012340010143816471,1.3939323252998292e-05,-0.0027245141100138426,-0.0473204031586647,-0.04721755534410477,0.04615379869937897,-0.01965603232383728,0.007324992213398218,0.03800596669316292,-0.015093572437763214,-0.07466082274913788,-0.003885087091475725,-0.015893150120973587,0.04397903010249138,-0.021914083510637283,0.01721504144370556,-0.049235858023166656,-0.005220525898039341,-0.009876170195639133,-0.06721558421850204,0.007896799594163895,0.0016587197314947844,-0.01888059638440609,0.03864189237356186,0.04204358905553818,0.030702726915478706,0.02786165289580822,0.016794487833976746,-0.014947223477065563,0.01232922449707985,-0.018773065879940987,-0.03514040634036064,0.06020893529057503,-0.0014931149780750275,-0.046683818101882935,0.004238061606884003,-0.03132972866296768,-0.006808442063629627,-0.056934770196676254,0.027921117842197418,-0.00677477614954114,-0.03542473912239075,-0.0010852556442841887,-0.017565732821822166,-0.022347014397382736,-0.04415316507220268,0.047330159693956375,0.058174483478069305,0.03748645260930061,-0.009432988241314888,0.022232821211218834,-0.041199129074811935,-0.0727037861943245,0.11608926206827164,-0.027146905660629272,-0.01385587640106678,0.024941150099039078,0.04785211384296417,0.015447128564119339,0.03223016485571861,0.010268914513289928,0.0023455822374671698,0.000803828879725188,-0.06866194307804108,-0.005812798626720905,0.00593465706333518,0.010631890967488289,-0.00621348712593317,-0.025465527549386024,-0.051175206899642944,-0.010300437919795513,0.038338128477334976,0.005850255023688078,-0.013254490680992603,-0.015980860218405724,-0.017187586054205894,0.05257157236337662,-0.01945367082953453,0.06006672605872154,0.04185434430837631,0.01612906903028488,0.0024293269962072372,0.00862895604223013,0.010074734687805176,0.03791724517941475,-0.03361591324210167,-0.0509803332388401,0.026410412043333054,-0.0008529220358468592,-0.0071120308712124825,-0.003634018823504448,0.011862772516906261,-0.007691314443945885,0.0012892073718830943,-0.015089502558112144,-0.0367097482085228,-0.009415201842784882,-0.016908885911107063,0.004960027523338795,0.033099863678216934,0.0030628559179604053,-0.016954364255070686,-0.016455860808491707,0.004379800986498594,0.015771768987178802,0.04964622110128403,0.02156626619398594,0.008773872628808022,-0.02507462166249752,-0.0024948075879365206,-0.016929320991039276,0.010875238105654716,0.014953890815377235,-0.07215557247400284,0.003943968564271927,-0.04109623655676842,-0.020700989291071892,0.00936208851635456,-0.03387988731265068,-0.008255187422037125,0.013224869966506958,-0.04880630224943161,-0.037003662437200546,0.028159473091363907,-0.017651543021202087,-0.011641748249530792,-0.00634295679628849,-0.005143751390278339,0.02032347023487091,-0.02399575524032116,-0.013761702924966812,-0.04365767911076546,0.014948596246540546,-0.017177749425172806,0.011375324800610542,-0.03248365968465805,0.006730938795953989,-0.027080727741122246,0.0038495687767863274,0.013064991682767868,-0.005023787263780832,0.013618887402117252,-0.07732217013835907,-0.02387327142059803,0.052587252110242844,0.026813048869371414,-0.016765406355261803,-0.03809071332216263,0.013859552331268787,-0.03592631593346596,-0.022837620228528976,-0.023627186194062233,0.03791726008057594,0.019279787316918373,-0.007676249369978905,-0.009494571015238762,-0.043628714978694916,-0.01802632212638855,-0.013382957316935062,0.016833269968628883,0.003127815667539835,-0.004261713474988937,-0.03371620923280716,0.029805980622768402,-0.007198412902653217,-0.00925469771027565,-0.06236911937594414,0.03752738982439041,0.016837535426020622,-0.05417395755648613,0.045156627893447876,0.06497825682163239,-0.027826357632875443,-0.05506809800863266,0.03535587713122368,0.010317058302462101,0.020674770697951317,0.01179514080286026,0.03293684870004654,-0.06805329024791718,0.020695151761174202,-0.0010047979885712266,-0.050984788686037064,0.01246392261236906,-0.07532894611358643,-0.010440894402563572,0.019474852830171585,-0.008117016404867172,0.0166846364736557,0.011919115670025349,-0.03756057098507881,0.01884927786886692,-0.007997646927833557,-0.054001398384571075,-0.004386295564472675,0.008583574555814266,-0.007053982000797987,0.012910949997603893,0.06628503650426865,-0.008235372602939606,0.04483925178647041,0.012673582881689072,0.011199915781617165,-0.02387131005525589,0.040257662534713745,-0.04499168321490288,0.02624686248600483,0.005872145760804415,-0.0009068477666005492,-0.013120653107762337,-0.027082694694399834,-0.03782382607460022,-0.013424880802631378,0.03670691326260567,-0.03620271757245064,-0.05333898589015007,-0.007276208605617285,-0.038774535059928894,-0.011907893233001232,0.03150881826877594,0.06164585426449776,-0.0040263705886900425,-0.028358975425362587,0.04654386267066002,-0.03289187327027321,0.006364837288856506,0.00699531938880682,0.0010104432003572583,0.06773852556943893,0.006804314441978931,0.02068062126636505,-0.02873820997774601,0.0015706393169239163,-0.03179490938782692,-0.06574336439371109,0.048968397080898285,-0.017485329881310463,0.04651050269603729,-0.03834293410181999,0.006390084512531757,0.007740322966128588,-0.02373158186674118,-0.06270881742238998,0.012163723818957806,-0.041372090578079224,-0.029934169724583626,-0.0009032555972225964,0.00022765834000892937,-0.06600594520568848,-0.011059501208364964,-0.013572003692388535,0.05818096548318863,0.0003430042997933924,-0.06378751248121262,0.0037151428405195475,0.02221616916358471,-0.12237144261598587,0.0014329234836623073,0.012710971757769585,0.007703328039497137,-0.020352279767394066,-0.0281397495418787,0.0021945389453321695,-0.04514462500810623,-0.017410054802894592,-0.03010999783873558,-0.007800078950822353,-0.05351901426911354,0.06858845800161362,-0.044724322855472565,0.013866295106709003,-0.02464147098362446,-0.0010283372830599546,-0.027223195880651474,0.02240133099257946,0.04507219418883324,-0.027803655713796616,0.0319853238761425,-0.027159426361322403,0.0009729031007736921,0.0007835569558665156,0.010591810569167137,-0.0014985305024310946,-0.019289713352918625,-0.023853302001953125,-0.014280784875154495,0.021098490804433823,-0.006646458525210619,0.018883299082517624,0.04044809564948082,0.007638771552592516,0.004070108290761709,-0.01791716180741787,-0.0313531719148159,-0.04961035028100014,0.020515626296401024,0.009421487338840961,0.026592852547764778,-0.03901400417089462,0.007999692112207413,0.0018068873323500156,0.03990841656923294,-0.03127840533852577,-0.025031637400388718,-0.07880737632513046,0.011209164746105671,0.030670061707496643,0.03825405240058899,0.03610862419009209,0.01333281397819519,0.00896485336124897,-0.017199553549289703,-0.06121691316366196,-0.005140407010912895,-0.010045587085187435,0.06458456069231033,-0.029667863622307777,0.023620177060365677,-0.011366232298314571,-0.05069677531719208,0.0004568298754747957,-0.000501712434925139,-0.029297154396772385,0.016608314588665962,0.030119268223643303,0.008745030499994755,0.02473350055515766,-0.04965371638536453,-0.009992544539272785,-0.014891481027007103,0.0032069701701402664,0.023000042885541916,-0.02626584656536579,0.013547406531870365,0.019287269562482834,0.018644724041223526,-0.047261640429496765,-0.04050242900848389,-0.03923143073916435,0.024924447759985924,0.05557992309331894,-0.017423957586288452,0.006793740205466747,-0.030823707580566406,-0.002472121035680175,-0.0325339138507843,-0.035414326936006546,-0.04168268293142319,-0.0017619837308302522,-0.002190703060477972,-0.010780148208141327,0.028907228261232376,-0.01606280542910099,0.003844288643449545,0.04640878364443779,0.0301496721804142,-0.0028820389416068792,-0.02645093947649002,0.03308425098657608,0.03652643412351608,-0.015520873479545116,-0.010525893419981003,-2.4236629542429e-05,-0.03649760037660599,-0.005473372060805559,0.03999822586774826,-0.0040040030144155025,0.032707590609788895,-0.04361572861671448,-4.4541920942720026e-05,-0.05168050900101662,0.01631351187825203,0.025811390951275826,0.048285916447639465,-0.013930640183389187,0.0054987040348351,0.0046546971425414085,-0.040595583617687225,-0.030239330604672432,-0.03672570735216141,0.03012821450829506,0.05095032975077629,0.038640525192022324,0.01038315612822771,0.0018524056067690253,0.006503328215330839,-0.015160022303462029,-0.053080275654792786,-0.04743023216724396,0.026159927248954773,0.02068900130689144,0.019236359745264053,0.010440141893923283,0.04261914640665054,0.029320189729332924,-0.0007120751542970538,0.009277531877160072,-0.02455286495387554,-0.005061420612037182,0.006371263414621353,0.005220318678766489,-0.010567688383162022,-0.010448040440678596,0.008015358820557594,-0.03535136580467224,-0.026328926905989647,-0.005403481423854828,0.02771681733429432,-0.007653592620044947,0.005754897370934486,-0.028568798676133156,0.02586049772799015,-0.013686145655810833,0.022994056344032288,-0.04268836975097656,0.010505731217563152,0.025010377168655396,-0.022203633561730385,-0.03381093218922615,-0.023167584091424942,-0.03758297860622406,0.02875513955950737,-0.02580118179321289,0.023706356063485146,-0.02392704412341118,0.012345846742391586,-0.009370141662657261,0.058569662272930145,-0.028928562998771667,0.006771196145564318,0.05868127569556236,0.007653753273189068,0.0005811474984511733,-0.06798665970563889,0.020137738436460495,0.03903024643659592,0.01084077823907137,0.00290883076377213,0.06754373013973236,0.03224930912256241,0.050234515219926834,0.029300862923264503,0.015422593802213669,0.01490882970392704,0.012889891862869263,-0.017864910885691643,0.0036922243889421225,-0.03496015444397926,0.05256126448512077,0.02594257891178131,-0.01396662462502718,0.005871596280485392,0.03474053367972374,-0.0184438806027174,-0.040126901119947433,0.08649341762065887,-0.05073248967528343,-0.007288733497262001,0.023588363081216812,0.013150770217180252,0.0215207077562809,0.013897780328989029,-0.01822979561984539,-0.03197868913412094,0.04007896035909653,0.026562096551060677,0.010942130349576473,-0.004102249629795551,-0.037516504526138306,0.02346023917198181,0.0019994485192000866,0.016213642433285713,0.03673480078577995,-0.005864238366484642,-0.039044659584760666,-0.024460330605506897,0.0034940349869430065,0.01571567915380001,0.04084654152393341,-0.0005220068851485848,-0.040413204580545425,-0.017857158556580544,0.024918101727962494,0.010663208551704884,0.007651936262845993,0.0019470229744911194,-0.00976526364684105,-0.019200751557946205,0.0256359800696373,-0.01739136129617691,0.014668429270386696,-0.026849625632166862,-0.02954297699034214,0.03553229942917824,0.016616452485322952,0.04459833353757858,0.041247546672821045,0.013490498997271061,-0.03180629014968872,0.016618184745311737"
https://help.ptsecurity.com/ru-RU/projects/mp10/27.4/help/2189382283,https://help.ptsecurity.com/ru-RU/projects/mp10/27.4/help/2189382283,Алгоритм работы MaxPatrol 10 и схема взаимодействия компонентов · MaxPatrol 10 · Справочный портал,"О MaxPatrol 10
Ал­го­ритм ра­бо­ты MaxPatrol 10 и схе­ма вза­и­мо­дей­ствия ком­по­нен­тов
Ал­го­ритм ра­бо­ты MaxPatrol 10:
Кол­лек­то­ры со­би­ра­ют дан­ные об IT-ин­фра­струк­ту­ре пред­при­я­тия:
— мо­ду­ли ком­по­нен­та MP 10 Collector ска­ни­ру­ют IT-ин­фра­струк­ту­ру, со­би­ра­ют све­де­ния о се­те­вых уз­лах и со­бы­тия с ис­точ­ни­ков;
— ком­по­нент MP NAD Sensor со­би­ра­ет све­де­ния о се­те­вых со­еди­не­ни­ях.
Со­бран­ные дан­ные кол­лек­то­ры пе­ре­да­ют в MP SIEM Server и MP 10 Core. Пе­ре­дан­ные со­бы­тия ис­поль­зу­ют­ся в MP SIEM Server для нор­ма­ли­за­ции, аг­ре­га­ции, обо­га­ще­ния и кор­ре­ля­ции.
Ком­по­нент MP 10 Core об­ра­ба­ты­ва­ет и хра­нит ре­зуль­та­ты ска­ни­ро­ва­ния с по­дроб­ной ин­фор­ма­ци­ей об об­на­ру­жен­ных ОС, ПО, служ­бах, пор­тах и про­чи­ми све­де­ни­я­ми об уз­лах и свя­зях меж­ду ними. Та­к­же ком­по­нент хра­нит па­ра­мет­ры за­дач на сбор дан­ных, про­фи­лей ска­ни­ро­ва­ния и транс­пор­тов, дан­ные и сце­на­рии спра­воч­ни­ков и осу­ществ­ля­ет кон­троль до­сту­па к этим дан­ным, свя­зы­ва­ясь с осталь­ны­ми ком­по­нен­та­ми си­сте­мы для вы­пол­не­ния поль­зо­ва­тель­ских за­про­сов.
Ком­по­нент MP SIEM Server об­ра­ба­ты­ва­ет вхо­дя­щий по­ток со­бы­тий, при­во­дит их к еди­но­му фор­ма­ту в со­от­вет­ствии с пра­ви­ла­ми нор­ма­ли­за­ции и группи­ру­ет их со­глас­но пра­ви­лам аг­ре­га­ции. Он та­к­же свя­зы­ва­ет со­бы­тия с ак­ти­ва­ми и, при необ­хо­ди­мо­сти, со­зда­ет но­вые ак­ти­вы на ос­но­ве со­бы­тий. За­тем до­пол­ня­ет дан­ные о со­бы­ти­ях, ис­поль­зуя пра­ви­ла обо­га­ще­ния или таб­лич­ные спис­ки, и ана­ли­зи­ру­ет по­ток нор­ма­ли­зо­ван­ных со­бы­тий по пра­ви­лам кор­ре­ля­ции для вы­яв­ле­ния и ре­ги­стра­ции со­бы­тий ин­фор­ма­ци­он­ной без­опас­но­сти. MP SIEM Server пе­ре­да­ет ком­по­нен­ту MP SIEM Events Storage по­сту­пив­шие со­бы­тия в ис­ход­ном (необ­ра­бо­тан­ном) и в нор­ма­ли­зо­ван­ном виде для хра­не­ния.
Нор­ма­ли­за­ция со­бы­тий мо­жет вы­пол­нять­ся на сер­ве­ре MP 10 Collector. Для это­го необ­хо­ди­мо уста­но­вить на сер­вер MP 10 Collector об­лег­чен­ную вер­сию MP SIEM Server — «SIEM на кол­лек­то­ре». Со­бы­тия, нор­ма­ли­зо­ван­ные на та­ком сер­ве­ре MP 10 Collector, пе­ре­да­ют­ся для аг­ре­га­ции, обо­га­ще­ния и кор­ре­ля­ции на ос­нов­ной MP SIEM Server.
Ком­по­нент Knowledge Base со­дер­жит базу зна­ний, необ­хо­ди­мых MaxPatrol 10 для струк­ту­ри­ро­ва­ния све­де­ний, со­бран­ных от ис­точ­ни­ков со­бы­тий и объ­ек­тов ин­фра­струк­ту­ры.
Ком­по­нент PT MC обес­пе­чи­ва­ет до­ступ к си­сте­ме че­рез сер­вис еди­но­го вхо­да и жур­на­ли­ру­ет дей­ствия поль­зо­ва­те­лей.
Для управ­ле­ния си­сте­мой, про­смот­ра дан­ных, по­стро­е­ния от­че­тов и мо­ни­то­рин­га поль­зо­ва­тель под­клю­ча­ет­ся к ком­по­нен­ту MP 10 Core че­рез веб-ин­тер­фейс в со­от­вет­ствии с пра­ва­ми, ко­то­рые на­зна­че­ны в PT MC.
Ком­по­нент PT Feeds до­став­ля­ет дан­ные об угро­зах ин­фор­ма­ци­он­ной без­опас­но­сти и ин­ди­ка­то­рах ком­про­ме­та­ции.
Ком­по­нент PT RC обес­пе­чи­ва­ет воз­мож­ность ре­тро­спек­тив­ной про­вер­ки по­лу­чен­ных ра­нее со­бы­тий, ис­поль­зуя но­вые пра­ви­ла кор­ре­ля­ции и дан­ные из таб­лич­ных спис­ков.
Ком­по­нент PT UCS обес­пе­чи­ва­ет об­нов­ле­ние мо­ду­ля Pentest для кол­лек­то­ров и дан­ных для ком­по­нен­та PT Feeds, а та­к­же за­гру­жа­ет дис­три­бу­ти­вы с но­вы­ми вер­си­я­ми ком­по­нен­тов.
Ком­по­нент BAD обес­пе­чи­ва­ет об­на­ру­же­ние ано­маль­но­го по­ве­де­ния поль­зо­ва­те­лей или сущ­но­стей в IT-ин­фра­струк­ту­ре ор­га­ни­за­ции и оцен­ку сте­пе­ни рис­ка со­бы­тий с по­мо­щью мо­де­лей ма­шин­но­го обу­че­ния.
Ло­каль­ный сер­вер об­нов­ле­ний обес­пе­чи­ва­ет за­груз­ку и пе­ре­да­чу об­нов­ле­ний с гло­баль­но­го сер­ве­ра об­нов­ле­ний Positive Technologies при от­сут­ствии пря­мо­го до­сту­па к ин­тер­не­ту.
Ло­каль­ные аген­ты OTEL со­би­ра­ют све­де­ния со всех ком­по­нен­тов си­сте­мы и от­прав­ля­ют дан­ные в кол­лек­тор OTEL. Кол­лек­тор со­би­ра­ет дан­ные и за­пи­сы­ва­ет их в хра­ни­ли­ще. По­лу­чен­ные мет­ри­ки на­прав­ля­ют­ся в сер­вис VictoriaMetrics, ко­то­рый яв­ля­ет­ся ча­стью роли Observability в при­ло­же­нии PT MC.
80
443
4505
4506
9035
443
443
3334
8013
443
3334
5671
5672
8721
443
443
3334
8091
8190
5671
8013
8123
9000
9009
9200
9300
Knowledge
Base
PT MC
MP 10 Collector
MP SIEM Events
Storage
MP SIEM Server
MP 10 Core
PT Feeds
PT UCS
443
2080
2443
PT RC
5671
8013
443
3334
5671
8091
4505
4506
9035
8553
8743
Ло­каль­ный
сер­вер
об­нов­ле­ний
443
8003
8004
8521
5671
5672
BAD
8013
Уве­дом­ле­ния
во внеш­ние
си­сте­мы
8123
9200
3334
5671
8091
8521
MaxPatrol EDR
MP NAD Sensor
Вза­и­мо­дей­ствие ком­по­нен­тов MaxPatrol 10
Для по­лу­че­ния об­нов­ле­ний меж­се­те­вой экран сер­ве­ра ком­по­нен­та PT UCS не дол­жен бло­ки­ро­вать ад­ре­са гло­баль­ных сер­ве­ров об­нов­ле­ний Positive Technologies — update.ptsecurity.ru и update.ptsecurity.com. Для обес­пе­че­ния се­те­во­го вза­и­мо­дей­ствия ком­по­нен­тов MaxPatrol 10 долж­ны быть до­ступ­ны для вхо­дя­щих со­еди­не­ний пе­ре­чис­лен­ные ниже пор­ты.
Ком­по­нен­ты и пор­ты вза­и­мо­дей­ствия
Ис­точ­ник
По­лу­ча­тель
TCP-порт
Ра­бо­чая стан­ция поль­зо­ва­те­ля, ПО для за­груз­ки дан­ных уве­дом­ле­ний
MP 10 Core
443
MP SIEM Server
MP 10 Core
443, 3334, 5671, 5672, 8721
PT UCS
MP 10 Core
443, 3334
PT RC
MP 10 Core
443, 5671
MaxPatrol EDR
MP 10 Core
5671, 8521
MaxPatrol EDR
PT MC
3334
MaxPatrol EDR
Knowledge Base
8091
BAD
MP 10 Core
8521
Ра­бо­чая стан­ция поль­зо­ва­те­ля
Knowledge Base
8091, 8190
PT RC
Knowledge Base
8091
Ра­бо­чая стан­ция поль­зо­ва­те­ля, ком­по­нент PT RC
PT MC
3334
MP 10 Core
MP SIEM Server
8013
MP 10 Collector, MP NAD Sensor
MP SIEM Server
5671, 8013
Knowledge Base, BAD
MP SIEM Server
8013
PT RC
MP SIEM Server
8013, 5671
MP 10 Core
MP SIEM Events Storage
8123
,
9200
MP SIEM Server
MP SIEM Events Storage
8123
, 9000, 9009,
9200
, 9300
Ра­бо­чая стан­ция поль­зо­ва­те­ля
MP NAD Sensor
80, 443
MP 10 Core, MP SIEM Server, MP SIEM Events Storage, MP 10 Collector
PT UCS
4505, 4506, 9035
PT UCS, ло­каль­ный сер­вер об­нов­ле­ний
Гло­баль­ный сер­вер об­нов­ле­ний
443
MP 10 Core
PT Feeds
2080, 2443
PT Feeds
Ре­пу­та­ци­он­ный сер­вис, предо­став­ля­ю­щий дан­ные об угро­зах ИБ и ин­ди­ка­то­рах ком­про­ме­та­ции
443
MP 10 Core
BAD
8003
MP SIEM Server
BAD
5671, 5672
PT MC
Ло­каль­ный сер­вер об­нов­ле­ний
8553, 8743
Ло­каль­ные аген­ты OTEL
Кол­лек­тор OTEL
4318
На сер­ве­ре, на ко­то­рый необ­хо­ди­мо уста­но­вить роль Deployer, пор­ты 4505/TCP, 4506/TCP, 5000/TCP долж­ны быть до­ступ­ны для вхо­дя­щих со­еди­не­ний.
Для сред­не­на­гру­жен­ных и вы­со­ко­на­гру­жен­ных си­стем на сер­ве­рах, на ко­то­рые уста­нав­ли­ва­ют­ся ком­по­нен­ты MP SIEM Server, MP SIEM Events Storage, MP 10 Core, MP 10 Collector, PT RC, порт 22/TCP дол­жен быть от­крыт для вхо­дя­щих со­еди­не­ний.
Для ис­хо­дя­щих со­еди­не­ний не тре­бу­ет­ся со­зда­вать пра­ви­ла меж­се­те­во­го экра­на. Для уда­лен­но­го до­сту­па к сер­ве­рам ком­по­нен­тов ре­ко­мен­ду­ет­ся раз­ре­шить со­еди­не­ния от ра­бо­чих стан­ций ад­ми­ни­стра­то­ра че­рез порт 3389/TCP к сер­ве­рам на Microsoft Windows, че­рез порт 22/TCP — к сер­ве­рам на Linux.
Для воз­мож­но­сти ре­пли­ка­ции со­бы­тий необ­хо­ди­мо обес­пе­чить се­те­вое вза­и­мо­дей­ствие че­рез TCP-пор­ты 5671 и 5672 меж­ду сер­ве­ра­ми MP 10 Core свя­зы­ва­е­мых при­ло­же­ний, а та­к­же меж­ду сер­ве­ра­ми MP SIEM Server свя­зы­ва­е­мых при­ло­же­ний.
По умол­ча­нию ло­каль­ный сер­вер об­нов­ле­ний ис­поль­зу­ет для под­клю­че­ния по про­то­ко­лам HTTP и HTTPS пор­ты 8553 и 8743 со­от­вет­ствен­но. Вы мо­же­те из­ме­нить эти зна­че­ния в па­ра­мет­рах сер­ви­са по­лу­че­ния об­нов­ле­ний.
Архитектура MaxPatrol 10
Что нового в версии 27.4",2,коллекторе события нормализованные таком сервере mp 10 collector передаются агрегации обогащения корреляции основной mpsiemserver компонент knowledgebase содержит базу знаний необходимых maxpatrol10 структурирования сведений собранных источников событий объектов инфраструктуры компонент ptmc обеспечивает доступ системе сервис единого входа журналирует действия пользователей управления системой просмотра данных построения отчетов мониторинга пользователь подключается компоненту mp10 core веб интерфейс соответствии правами которые назначены ptmc компонент pt feeds доставляет данные угрозах информационной безопасности индикаторах компрометации компонент ptrc обеспечивает возможность ретроспективной проверки полученных ранее событий используя новые правила корреляции данные табличных списков компонент ptucs обеспечивает обновление модуля pentest коллекторов данных компонента pt feeds также загружает дистрибутивы новыми версиями компонентов компонент bad обеспечивает обнаружение,"-0.010632491670548916,-0.02221105620265007,-0.054139550775289536,0.020556218922138214,-0.01400334294885397,-0.07859011739492416,-0.005459494423121214,-0.004669069312512875,0.0060924626886844635,0.03370707854628563,-0.011437352746725082,-0.03306485339999199,-0.04183854162693024,0.02477102167904377,0.025462999939918518,0.028944779187440872,-0.001860675634816289,-0.018503637984395027,0.02218508906662464,-0.04420480132102966,-0.01119235996156931,0.014420723542571068,-0.03668686002492905,0.01687408797442913,-0.01736336201429367,0.01805526576936245,-0.055959466844797134,-0.014311087317764759,-0.024231409654021263,0.060614749789237976,-0.004082662984728813,-0.03334498777985573,0.06495986133813858,0.006416055839508772,-0.0663338452577591,-0.03382749855518341,0.003145363414660096,-0.016671493649482727,-0.03965471312403679,0.006312938407063484,0.008954601362347603,-0.010174758732318878,-0.007992444559931755,-0.053642332553863525,-0.005373443476855755,-0.02711530402302742,0.05192901939153671,-0.03190821036696434,-0.004156347829848528,0.010943162254989147,-0.018388532102108,0.013280641287565231,0.025838781148195267,-0.035370856523513794,-0.0061178058385849,0.02572632022202015,-0.054494600743055344,0.01634661667048931,-0.012271496467292309,0.023418959230184555,-0.03564015403389931,0.00291190342977643,-0.015239598229527473,-0.00989094004034996,0.01828862354159355,0.058242522180080414,-0.029277455061674118,0.038227926939725876,-3.221842780476436e-05,-0.02700236812233925,0.005171518307179213,0.027149096131324768,0.006011588964611292,-0.028026685118675232,-0.046654410660266876,0.02333967760205269,0.03999130427837372,-0.012981689535081387,-0.005410917568951845,-0.0070348940789699554,-0.030400916934013367,-0.01878063566982746,0.0003191328141838312,-0.0013531750300899148,0.009755105711519718,-0.002712824149057269,-0.006805819924920797,-0.010465946048498154,-0.020238086581230164,-0.008198567666113377,0.025228621438145638,-0.03204202279448509,0.028912249952554703,-0.041167739778757095,-0.07669351994991302,-0.03394588083028793,0.026471396908164024,0.012712056748569012,0.028002697974443436,0.021138068288564682,0.02279111184179783,-0.02711573988199234,-0.008724857121706009,-0.007914911024272442,0.06083078309893608,-0.014805037528276443,0.042200759053230286,-0.0007016010349616408,-0.001574719906784594,-0.0017950073815882206,-0.004061293788254261,-0.0037669208832085133,0.02455303445458412,-0.0102656539529562,-0.0010500582866370678,-0.02532164938747883,0.03232022002339363,0.00551608158275485,0.008092372678220272,-0.022402014583349228,0.016666512936353683,-0.008099722675979137,0.025899391621351242,0.002373246243223548,-0.00198539812117815,-0.018889445811510086,-0.06243899092078209,0.04655534029006958,0.05349631980061531,0.019562384113669395,0.006873216014355421,0.014293043874204159,0.021956924349069595,0.018578900024294853,-0.029421353712677956,-0.010545847937464714,-0.002194070490077138,0.05590279400348663,0.01039328332990408,-0.020234104245901108,0.027211183682084084,0.03960668295621872,-0.045858949422836304,-0.02035851776599884,0.004783589392900467,-0.026999911293387413,0.011195092462003231,0.005416620522737503,-0.05346012860536575,-0.03428257629275322,0.0022170415613800287,0.003672874066978693,0.0038694858085364103,-0.01975666917860508,0.005132782272994518,-0.023179395124316216,-0.01577061600983143,0.002562080742791295,0.06608027964830399,0.01958194188773632,-0.002277091611176729,-0.021696195006370544,0.019077923148870468,0.01777011714875698,0.04393335431814194,-0.02519434317946434,0.014714639633893967,-0.00738406740128994,-0.031418513506650925,-0.021611465141177177,0.022213315591216087,-0.05302934721112251,0.00619645556434989,0.01756422221660614,0.033790286630392075,-0.008554143831133842,0.04266895726323128,0.028860095888376236,-0.0005366419209167361,-0.007313583046197891,0.03910636901855469,-0.0012641622452065349,0.006723485887050629,-0.00433998741209507,-0.032044485211372375,0.03598354384303093,-0.017004935070872307,-0.03804458677768707,-0.00649612070992589,0.06122434884309769,-0.03126540780067444,-0.010534310713410378,0.0669669359922409,-0.020818496122956276,0.005163910798728466,0.0329120047390461,0.0027344708796590567,7.426816409861203e-06,0.007382787298411131,0.044564712792634964,0.005931515712291002,0.017591282725334167,0.00986409094184637,0.012689738534390926,-0.00877317413687706,-0.007270831614732742,-0.012948664836585522,-0.021002983674407005,-0.027056803926825523,-0.06025504320859909,0.008610974997282028,0.025688238441944122,0.01086617261171341,0.025545604526996613,-0.017742237076163292,-0.010333215817809105,-0.004045215900987387,0.00957738421857357,0.03400472179055214,-0.019369274377822876,-0.0411967895925045,0.05954494699835777,0.008144279941916466,0.024122199043631554,0.001191745395772159,-0.011746453121304512,0.03878357633948326,0.04764305800199509,0.0038435624446719885,-0.00882452167570591,0.005307054612785578,0.022284148260951042,0.022257409989833832,-0.006240115500986576,0.01541660912334919,0.006312971003353596,-0.024616967886686325,-0.008417865261435509,0.010988683439791203,0.026261813938617706,-0.005643035750836134,-0.04836186021566391,-0.02589392103254795,-0.039787065237760544,-0.02800676040351391,-0.02093503624200821,-0.01840808428823948,0.030513836070895195,0.021963482722640038,-0.039702314883470535,-0.010961662977933884,-0.008260036818683147,-0.02497311308979988,-0.010113977827131748,0.01941164769232273,-0.0009296845528297126,0.045786019414663315,-0.002614834578707814,0.04463454335927963,0.0067930868826806545,0.015127895399928093,0.06635668128728867,0.04054010659456253,0.021407540887594223,0.018184829503297806,0.003445786889642477,0.0341985709965229,-0.04122237116098404,0.02555830217897892,0.023637136444449425,-0.007606751751154661,-0.04073232412338257,0.023150073364377022,-0.03366059809923172,-0.023173470050096512,0.044772304594516754,-0.034253355115652084,-0.021739253774285316,0.07262437790632248,0.031698014587163925,-0.03233709931373596,0.017964443191885948,0.005282354075461626,0.02546110562980175,0.0060448977164924145,0.05325102433562279,-0.02298918180167675,-0.003981020767241716,-0.027550676837563515,0.015127680264413357,-0.01560035441070795,0.05183718726038933,0.08203369379043579,-0.02756253071129322,-0.007398196030408144,0.057478681206703186,0.002409942913800478,-0.15324334800243378,-0.01929400861263275,-0.011429731734097004,-0.04745117202401161,0.008221440948545933,-0.02061571180820465,-0.013788818381726742,0.045718420296907425,-0.028938928619027138,0.05950811505317688,-0.004766274243593216,-0.05955204367637634,-0.012194464914500713,-0.017825424671173096,-0.04735110327601433,-0.022258015349507332,0.00591337401419878,0.039356596767902374,0.0036962355952709913,-0.030071236193180084,-0.02517913468182087,-0.04576241970062256,0.009839661419391632,0.03821537643671036,-0.04358212649822235,-0.03423565626144409,0.100174181163311,0.020036911591887474,-0.05595153570175171,0.015781713649630547,-0.04164892062544823,0.0021106689237058163,0.0032204673625528812,-0.012522230856120586,0.02672315575182438,-0.024028420448303223,0.014311972074210644,0.011635495349764824,-0.016060061752796173,-0.040615592151880264,0.009496424347162247,0.04703202843666077,0.031037133187055588,-0.010770762339234352,0.015324902720749378,-0.04112378507852554,0.011364508420228958,0.01565605029463768,-0.03510446473956108,0.024105342105031013,-0.035135284066200256,-0.000985379214398563,-0.025597017258405685,-0.0018736354541033506,-0.055464114993810654,-0.028451167047023773,-0.01983930729329586,-0.003665541298687458,-0.002162689808756113,-0.0041487799026072025,-0.007341936230659485,0.005463535897433758,0.0024517325218766928,-0.012130239978432655,-0.01280293520539999,-0.011110727675259113,0.05875791609287262,-0.013445738703012466,-0.014386783353984356,-0.004314593505114317,0.028281914070248604,-0.038018740713596344,-0.02481122501194477,-0.01848679780960083,0.02788018248975277,0.030102167278528214,-0.021491756662726402,0.04772024601697922,-0.028813863173127174,-0.08996319770812988,-0.030467189848423004,-0.011334258131682873,0.03186338022351265,0.02999882958829403,-0.015786556527018547,-0.03939099609851837,0.006396584678441286,0.0038049493450671434,0.05307154729962349,0.2364037185907364,-0.03280091658234596,-0.06840286403894424,-0.0021594592835754156,0.008178560994565487,-0.017064249143004417,-0.008887740783393383,0.034267693758010864,0.018875643610954285,-0.02800043486058712,-0.014997166581451893,0.07970814406871796,0.026897864416241646,-0.005300033371895552,0.00833144411444664,0.02252556011080742,-0.07291543483734131,-0.0033316367771476507,0.04910309612751007,-0.01808435283601284,0.022937236353754997,-0.007777125108987093,-0.028462449088692665,0.028375716879963875,-0.0342223159968853,-0.013140011578798294,0.03481600061058998,0.003577395109459758,-0.015659809112548828,0.0337684340775013,-0.039520032703876495,0.03934731334447861,-0.0014339141780510545,0.020082632079720497,-0.026855582371354103,0.007363750133663416,-0.03065558150410652,0.0447089709341526,0.02442750707268715,-0.005473419092595577,0.03150070831179619,-0.021601369604468346,-0.005140227265655994,0.030948583036661148,0.01134247425943613,-0.03968482092022896,0.009897338226437569,0.023320529609918594,-0.018186399713158607,-0.01962774619460106,-0.015385807491838932,-0.03143412992358208,0.004433587193489075,0.003698966233059764,0.006617015227675438,-0.03946473449468613,-0.03077091835439205,-0.0016559577779844403,0.015585866756737232,0.05716712772846222,0.05132906883955002,-0.003553848946467042,-0.0243728868663311,-0.015423450618982315,-0.025815919041633606,0.0026919860392808914,-0.003286142833530903,-0.0653676763176918,0.04611748084425926,0.0009578398894518614,0.009824320673942566,0.032621290534734726,0.01789931021630764,-0.020786773413419724,0.023030802607536316,-0.036536525934934616,0.03278655931353569,0.03684672340750694,-0.09615981578826904,-0.004872099496424198,-0.049487754702568054,-0.025741463527083397,-0.032592929899692535,0.0299051683396101,0.019844738766551018,-0.00808244850486517,-0.025189146399497986,0.027067698538303375,-0.01432181615382433,-0.013927433639764786,0.0070440275594592094,-0.03408873826265335,0.024557771161198616,-0.006457319017499685,0.05785859748721123,0.015804750844836235,0.020527780055999756,-0.02294328436255455,-0.01023877877742052,0.004834338091313839,-0.001280748168937862,-0.0269793514162302,-0.020835621282458305,-0.04111171141266823,-0.016496332362294197,0.018837083131074905,-0.011757919564843178,-0.00031275107176043093,-0.02917550690472126,0.015698667615652084,-0.06728323549032211,0.022519221529364586,-0.001543986378237605,-0.01822357252240181,0.010593297891318798,0.023054519668221474,0.0237873625010252,0.05500756949186325,0.025948161259293556,-0.01763286255300045,-0.01947784051299095,0.05265289172530174,0.025231027975678444,0.04087423160672188,0.00397187564522028,-0.008877460844814777,-0.046557988971471786,-0.039601150900125504,-0.030566642060875893,0.0750792995095253,0.050404515117406845,-0.005788251757621765,0.029618870466947556,-0.021912649273872375,0.03121335431933403,-0.031881023198366165,-0.024553628638386726,-0.0038602298591285944,-0.008835038170218468,0.023466985672712326,0.000983408303000033,-0.025853101164102554,-0.02655876986682415,0.022997179999947548,-0.026271630078554153,0.013458454981446266,0.0005816967459395528,0.0006377156241796911,-0.0639512687921524,0.005915926769375801,-0.023443179205060005,0.04117346554994583,-0.006249067839235067,0.009908999316394329,-0.022694185376167297,0.005530265159904957,-0.03290538117289543,-0.0170599278062582,-0.014080590568482876,0.021638749167323112,-0.02605171874165535,0.03134028613567352,0.06251521408557892,0.03274712711572647,0.04309595748782158,0.028262902051210403,-0.012815646827220917,-0.0016881972551345825,0.00038674758980050683,-0.02231961116194725,0.016036173328757286,0.007031474728137255,-0.04059778153896332,0.027607614174485207,-0.016532830893993378,-0.003932718653231859,-0.06614401936531067,0.009298806078732014,0.007326011545956135,-0.030835866928100586,0.017464082688093185,-0.0024229958653450012,-0.03235970810055733,-0.04071090742945671,0.04007784649729729,0.03822468966245651,0.01073223352432251,-0.016467658802866936,0.025269431993365288,-0.02122635394334793,-0.08615410327911377,0.12208721786737442,-0.031724460422992706,-0.0004788870282936841,0.02018815465271473,0.03571641072630882,0.020870046690106392,0.015360617078840733,0.025701094418764114,-0.020138368010520935,0.0022889887914061546,-0.030831314623355865,-0.0066795432940125465,0.009115127846598625,0.008317544125020504,0.0028203949332237244,-0.04624869301915169,-0.05850627273321152,0.005995583720505238,0.008031531237065792,0.008786490187048912,-0.016132887452840805,0.010892348363995552,0.007053701672703028,0.044890549033880234,-0.01663331501185894,0.048123158514499664,0.028714433312416077,-0.00322400638833642,-0.017559316009283066,0.018095655366778374,0.01253635436296463,0.05443017929792404,-0.07176094502210617,-0.04381341114640236,0.0293282400816679,0.006629231385886669,-0.022691821679472923,0.01871418207883835,0.007396146189421415,-0.0057234251871705055,-0.0019786402117460966,0.008379106409847736,-0.020697548985481262,-0.026155367493629456,-0.013477999716997147,0.005230411421507597,0.016603531315922737,0.0080104423686862,-0.0205445047467947,-0.015144693665206432,0.00946816336363554,-0.0011308197863399982,0.05723746120929718,0.023622727021574974,0.029255636036396027,-0.006828818935900927,0.0013879676116630435,-0.017693672329187393,0.012476315721869469,-0.0066530536860227585,-0.025694310665130615,0.024529529735445976,-0.0322561115026474,0.001514236442744732,0.0007700263522565365,-0.037025753408670425,0.001021204050630331,-0.0064682490192353725,-0.056766360998153687,-0.021020881831645966,-0.0051511116325855255,0.00282791955396533,-0.010980666615068913,-0.0021841819398105145,0.00625265296548605,0.008540063165128231,-0.027979569509625435,-0.03505223989486694,-0.02767639234662056,0.02217574417591095,-0.00959611963480711,-0.014016406610608101,-0.004574758466333151,0.022741854190826416,-0.022685082629323006,-0.024051545187830925,0.024000134319067,-0.008114690892398357,0.009902221150696278,-0.08704788237810135,-0.013716967776417732,0.0407886877655983,0.0341310016810894,-0.025621384382247925,-0.020582081750035286,0.016363272443413734,-0.02854708582162857,-0.0028419685550034046,-0.01766578108072281,0.04927731677889824,0.023777848109602928,-0.026004157960414886,-0.025467555969953537,-0.03577273339033127,0.004446567036211491,-0.003656569868326187,0.03644828870892525,-0.029054047539830208,-0.001569760381244123,-0.017391076311469078,-0.001991568598896265,-0.00850024726241827,-0.01611480489373207,-0.03387501835823059,0.006403015926480293,0.02089080587029457,-0.04044142737984657,0.0504491850733757,0.0571017824113369,-0.020101454108953476,-0.03478292375802994,0.05923951044678688,0.02210528962314129,0.03381454199552536,0.00415461789816618,0.028589555993676186,-0.06759076565504074,0.00786635372787714,0.009485989809036255,-0.02551518753170967,0.01170447189360857,-0.0196644626557827,0.013643039390444756,-0.0008803371456451714,-0.033748842775821686,-0.024335991591215134,0.008162030018866062,-0.019015079364180565,0.009013387374579906,-0.0282918568700552,-0.06131467595696449,0.0075468383729457855,0.005326251965016127,0.02294793166220188,0.039185598492622375,0.05505184084177017,-0.03616292402148247,0.034855373203754425,0.018133698031306267,0.005479371175169945,-0.027661912143230438,0.039308853447437286,-0.036885492503643036,0.016945166513323784,-0.00469893729314208,0.0006914213881827891,-0.023341888561844826,-0.010436677373945713,-0.018098389729857445,0.00023483230324927717,0.025071153417229652,-0.027786483988165855,-0.0732491984963417,-0.02561851777136326,-0.02473584935069084,0.001649403478950262,0.027995770797133446,0.019293610006570816,-0.02163943648338318,-0.04078157618641853,0.054814163595438004,-0.020988333970308304,0.03142993897199631,0.029661759734153748,-0.011438347399234772,0.05604103207588196,-0.008916251361370087,0.0283208005130291,-0.015035239048302174,-0.0010271818609908223,-0.026588333770632744,-0.09058865159749985,0.060184117406606674,-0.019850509241223335,0.05815062299370766,-0.02535613439977169,0.005886567756533623,0.03663725405931473,-0.026462670415639877,-0.05429952219128609,0.0011983375297859311,-0.03630705922842026,-0.03221001848578453,0.003985441289842129,-0.0050231581553816795,-0.0435195192694664,-0.0009242620435543358,-0.013009087182581425,0.0725044459104538,-0.0013161373790353537,-0.031627438962459564,0.002699983073398471,-0.02204856649041176,-0.11930027604103088,-0.01452377624809742,0.009489483200013638,-0.018898654729127884,-0.04476466029882431,-0.030723052099347115,0.004817264154553413,-0.026213552802801132,-0.04097643867135048,-0.0448416993021965,-0.03817366436123848,-0.06966182589530945,0.10206257551908493,-0.02830488048493862,0.03204535320401192,-0.016792528331279755,0.005133531987667084,-0.025877464562654495,0.037267182022333145,0.058851443231105804,-0.02184164710342884,0.04046632722020149,-0.03060992807149887,-0.015490733087062836,0.007215964142233133,0.004083812702447176,-0.0031107289250940084,-0.0388650968670845,-0.01031094416975975,0.005611898377537727,0.03890151157975197,-0.03293268382549286,0.021641822531819344,0.040007296949625015,0.006489538121968508,0.0024404649157077074,-0.025241341441869736,-0.021863019093871117,0.0021990188397467136,0.019319919869303703,0.01749608851969242,0.023006025701761246,-0.03157636895775795,0.026592722162604332,-0.01366818230599165,0.04979614540934563,0.021263059228658676,-0.02409529872238636,-0.10460606962442398,0.005519303493201733,0.03963112086057663,0.03895551338791847,0.011889846995472908,0.011261440813541412,0.021370746195316315,-0.02440554089844227,-0.06404770910739899,-0.003098020562902093,-0.024956632405519485,0.0641430914402008,-0.03295831009745598,0.026641661301255226,-0.04544245824217796,-0.03924941271543503,0.004919273313134909,0.015911458060145378,-0.02455116994678974,0.002585864393040538,0.018585896119475365,0.023112256079912186,0.007417305838316679,-0.030580151826143265,0.007178669795393944,0.010654731653630733,-0.023116569966077805,-0.003976339008659124,-0.015963124111294746,0.0036928977351635695,0.013880795799195766,0.00041767561924643815,-0.06877020746469498,-0.028308477252721786,-0.037772513926029205,0.03455714136362076,0.045057956129312515,-0.022038448601961136,0.025307657197117805,-0.025270631536841393,-0.0023667835630476475,-0.03497784957289696,-0.029318951070308685,-0.04467020928859711,0.016003264114260674,-0.02917012944817543,-0.020498543977737427,2.971190224343445e-05,-0.003525227541103959,0.027085259556770325,0.05077260732650757,0.04019055515527725,-0.01468700636178255,-0.015645522624254227,0.030339587479829788,0.014496867544949055,-0.025784609839320183,0.0063994568772614,-0.0031515031587332487,-0.02606876939535141,-0.0035630979109555483,0.018963513895869255,-0.010488124564290047,0.06036782264709473,-0.014959191903471947,0.005760841071605682,-0.01712034083902836,-0.0025256716180592775,0.03490472212433815,0.0288105271756649,-0.029049372300505638,0.011606902815401554,0.025165950879454613,0.01013573631644249,-0.021173719316720963,-0.033203840255737305,0.01754629984498024,0.060049328953027725,0.03929215297102928,0.017049146816134453,-0.031174276024103165,-0.030723191797733307,0.013599539175629616,-0.058470211923122406,-0.04418601095676422,0.026518044993281364,0.03693459928035736,0.04420959949493408,-0.0014073655474931002,0.04354657605290413,0.014878862537443638,-0.038660284131765366,-0.020272741094231606,-0.01130062248557806,0.0018390158656984568,-0.007184751331806183,0.017858637496829033,-0.007986403070390224,-0.0031495103612542152,-0.009549244306981564,-0.030256355181336403,-0.011133690364658833,-0.007031580898910761,0.03200298920273781,0.0023109186440706253,0.00035530838067643344,-0.021414633840322495,0.008093015290796757,-0.025938356295228004,0.017594657838344574,-0.026548374444246292,0.026155613362789154,-0.003223746083676815,-0.020602313801646233,-0.038083866238594055,-0.05370459333062172,-0.03050975687801838,0.007883138954639435,-0.016451258212327957,0.02843054011464119,-0.043171871453523636,-0.0073397113010287285,-0.033555157482624054,0.04298672825098038,-0.03718160465359688,0.03799592703580856,0.045880965888500214,0.00046418909914791584,-0.0010894290171563625,-0.03903381898999214,0.0012186046224087477,0.034625981003046036,0.015041273087263107,0.0003101560869254172,0.07541397213935852,0.02854299172759056,0.06705189496278763,0.008588693104684353,0.017059899866580963,0.009422124363481998,0.010934890247881413,-0.02293018251657486,-0.02555994503200054,-0.026324763894081116,0.035520490258932114,0.009491274133324623,-0.0011964937439188361,0.005185205023735762,0.04258986562490463,0.014542189426720142,-0.022007981315255165,0.09845800697803497,-0.023952541872859,-0.0005907034501433372,0.010569189675152302,-0.008264431729912758,0.011884822510182858,0.008604862727224827,-0.012317650020122528,-0.024807853624224663,0.027404462918639183,0.0017179856076836586,0.014433171600103378,-0.0048472085036337376,-0.0252976156771183,0.03627821430563927,0.008068360388278961,0.01319486740976572,0.017489146441221237,0.01973392814397812,-0.034813571721315384,-0.014917637221515179,0.011781234294176102,0.0013967740815132856,0.03315795212984085,-0.0145640317350626,-0.03037886880338192,-0.0024813031777739525,0.031503017991781235,-0.0031995975878089666,0.011296219192445278,0.028971552848815918,-0.023685047402977943,-0.0007999803056009114,0.02088945172727108,-0.02437104657292366,0.03278591111302376,-0.03588729351758957,-0.05255397409200668,0.012043786235153675,-0.0016071698628365993,0.03775320574641228,0.048480115830898285,0.012297267094254494,-0.0393829345703125,0.002318514510989189"
https://help.ptsecurity.com/ru-RU/projects/mp10/27.4/help/2189382283,https://help.ptsecurity.com/ru-RU/projects/mp10/27.4/help/2189382283,Алгоритм работы MaxPatrol 10 и схема взаимодействия компонентов · MaxPatrol 10 · Справочный портал,"О MaxPatrol 10
Ал­го­ритм ра­бо­ты MaxPatrol 10 и схе­ма вза­и­мо­дей­ствия ком­по­нен­тов
Ал­го­ритм ра­бо­ты MaxPatrol 10:
Кол­лек­то­ры со­би­ра­ют дан­ные об IT-ин­фра­струк­ту­ре пред­при­я­тия:
— мо­ду­ли ком­по­нен­та MP 10 Collector ска­ни­ру­ют IT-ин­фра­струк­ту­ру, со­би­ра­ют све­де­ния о се­те­вых уз­лах и со­бы­тия с ис­точ­ни­ков;
— ком­по­нент MP NAD Sensor со­би­ра­ет све­де­ния о се­те­вых со­еди­не­ни­ях.
Со­бран­ные дан­ные кол­лек­то­ры пе­ре­да­ют в MP SIEM Server и MP 10 Core. Пе­ре­дан­ные со­бы­тия ис­поль­зу­ют­ся в MP SIEM Server для нор­ма­ли­за­ции, аг­ре­га­ции, обо­га­ще­ния и кор­ре­ля­ции.
Ком­по­нент MP 10 Core об­ра­ба­ты­ва­ет и хра­нит ре­зуль­та­ты ска­ни­ро­ва­ния с по­дроб­ной ин­фор­ма­ци­ей об об­на­ру­жен­ных ОС, ПО, служ­бах, пор­тах и про­чи­ми све­де­ни­я­ми об уз­лах и свя­зях меж­ду ними. Та­к­же ком­по­нент хра­нит па­ра­мет­ры за­дач на сбор дан­ных, про­фи­лей ска­ни­ро­ва­ния и транс­пор­тов, дан­ные и сце­на­рии спра­воч­ни­ков и осу­ществ­ля­ет кон­троль до­сту­па к этим дан­ным, свя­зы­ва­ясь с осталь­ны­ми ком­по­нен­та­ми си­сте­мы для вы­пол­не­ния поль­зо­ва­тель­ских за­про­сов.
Ком­по­нент MP SIEM Server об­ра­ба­ты­ва­ет вхо­дя­щий по­ток со­бы­тий, при­во­дит их к еди­но­му фор­ма­ту в со­от­вет­ствии с пра­ви­ла­ми нор­ма­ли­за­ции и группи­ру­ет их со­глас­но пра­ви­лам аг­ре­га­ции. Он та­к­же свя­зы­ва­ет со­бы­тия с ак­ти­ва­ми и, при необ­хо­ди­мо­сти, со­зда­ет но­вые ак­ти­вы на ос­но­ве со­бы­тий. За­тем до­пол­ня­ет дан­ные о со­бы­ти­ях, ис­поль­зуя пра­ви­ла обо­га­ще­ния или таб­лич­ные спис­ки, и ана­ли­зи­ру­ет по­ток нор­ма­ли­зо­ван­ных со­бы­тий по пра­ви­лам кор­ре­ля­ции для вы­яв­ле­ния и ре­ги­стра­ции со­бы­тий ин­фор­ма­ци­он­ной без­опас­но­сти. MP SIEM Server пе­ре­да­ет ком­по­нен­ту MP SIEM Events Storage по­сту­пив­шие со­бы­тия в ис­ход­ном (необ­ра­бо­тан­ном) и в нор­ма­ли­зо­ван­ном виде для хра­не­ния.
Нор­ма­ли­за­ция со­бы­тий мо­жет вы­пол­нять­ся на сер­ве­ре MP 10 Collector. Для это­го необ­хо­ди­мо уста­но­вить на сер­вер MP 10 Collector об­лег­чен­ную вер­сию MP SIEM Server — «SIEM на кол­лек­то­ре». Со­бы­тия, нор­ма­ли­зо­ван­ные на та­ком сер­ве­ре MP 10 Collector, пе­ре­да­ют­ся для аг­ре­га­ции, обо­га­ще­ния и кор­ре­ля­ции на ос­нов­ной MP SIEM Server.
Ком­по­нент Knowledge Base со­дер­жит базу зна­ний, необ­хо­ди­мых MaxPatrol 10 для струк­ту­ри­ро­ва­ния све­де­ний, со­бран­ных от ис­точ­ни­ков со­бы­тий и объ­ек­тов ин­фра­струк­ту­ры.
Ком­по­нент PT MC обес­пе­чи­ва­ет до­ступ к си­сте­ме че­рез сер­вис еди­но­го вхо­да и жур­на­ли­ру­ет дей­ствия поль­зо­ва­те­лей.
Для управ­ле­ния си­сте­мой, про­смот­ра дан­ных, по­стро­е­ния от­че­тов и мо­ни­то­рин­га поль­зо­ва­тель под­клю­ча­ет­ся к ком­по­нен­ту MP 10 Core че­рез веб-ин­тер­фейс в со­от­вет­ствии с пра­ва­ми, ко­то­рые на­зна­че­ны в PT MC.
Ком­по­нент PT Feeds до­став­ля­ет дан­ные об угро­зах ин­фор­ма­ци­он­ной без­опас­но­сти и ин­ди­ка­то­рах ком­про­ме­та­ции.
Ком­по­нент PT RC обес­пе­чи­ва­ет воз­мож­ность ре­тро­спек­тив­ной про­вер­ки по­лу­чен­ных ра­нее со­бы­тий, ис­поль­зуя но­вые пра­ви­ла кор­ре­ля­ции и дан­ные из таб­лич­ных спис­ков.
Ком­по­нент PT UCS обес­пе­чи­ва­ет об­нов­ле­ние мо­ду­ля Pentest для кол­лек­то­ров и дан­ных для ком­по­нен­та PT Feeds, а та­к­же за­гру­жа­ет дис­три­бу­ти­вы с но­вы­ми вер­си­я­ми ком­по­нен­тов.
Ком­по­нент BAD обес­пе­чи­ва­ет об­на­ру­же­ние ано­маль­но­го по­ве­де­ния поль­зо­ва­те­лей или сущ­но­стей в IT-ин­фра­струк­ту­ре ор­га­ни­за­ции и оцен­ку сте­пе­ни рис­ка со­бы­тий с по­мо­щью мо­де­лей ма­шин­но­го обу­че­ния.
Ло­каль­ный сер­вер об­нов­ле­ний обес­пе­чи­ва­ет за­груз­ку и пе­ре­да­чу об­нов­ле­ний с гло­баль­но­го сер­ве­ра об­нов­ле­ний Positive Technologies при от­сут­ствии пря­мо­го до­сту­па к ин­тер­не­ту.
Ло­каль­ные аген­ты OTEL со­би­ра­ют све­де­ния со всех ком­по­нен­тов си­сте­мы и от­прав­ля­ют дан­ные в кол­лек­тор OTEL. Кол­лек­тор со­би­ра­ет дан­ные и за­пи­сы­ва­ет их в хра­ни­ли­ще. По­лу­чен­ные мет­ри­ки на­прав­ля­ют­ся в сер­вис VictoriaMetrics, ко­то­рый яв­ля­ет­ся ча­стью роли Observability в при­ло­же­нии PT MC.
80
443
4505
4506
9035
443
443
3334
8013
443
3334
5671
5672
8721
443
443
3334
8091
8190
5671
8013
8123
9000
9009
9200
9300
Knowledge
Base
PT MC
MP 10 Collector
MP SIEM Events
Storage
MP SIEM Server
MP 10 Core
PT Feeds
PT UCS
443
2080
2443
PT RC
5671
8013
443
3334
5671
8091
4505
4506
9035
8553
8743
Ло­каль­ный
сер­вер
об­нов­ле­ний
443
8003
8004
8521
5671
5672
BAD
8013
Уве­дом­ле­ния
во внеш­ние
си­сте­мы
8123
9200
3334
5671
8091
8521
MaxPatrol EDR
MP NAD Sensor
Вза­и­мо­дей­ствие ком­по­нен­тов MaxPatrol 10
Для по­лу­че­ния об­нов­ле­ний меж­се­те­вой экран сер­ве­ра ком­по­нен­та PT UCS не дол­жен бло­ки­ро­вать ад­ре­са гло­баль­ных сер­ве­ров об­нов­ле­ний Positive Technologies — update.ptsecurity.ru и update.ptsecurity.com. Для обес­пе­че­ния се­те­во­го вза­и­мо­дей­ствия ком­по­нен­тов MaxPatrol 10 долж­ны быть до­ступ­ны для вхо­дя­щих со­еди­не­ний пе­ре­чис­лен­ные ниже пор­ты.
Ком­по­нен­ты и пор­ты вза­и­мо­дей­ствия
Ис­точ­ник
По­лу­ча­тель
TCP-порт
Ра­бо­чая стан­ция поль­зо­ва­те­ля, ПО для за­груз­ки дан­ных уве­дом­ле­ний
MP 10 Core
443
MP SIEM Server
MP 10 Core
443, 3334, 5671, 5672, 8721
PT UCS
MP 10 Core
443, 3334
PT RC
MP 10 Core
443, 5671
MaxPatrol EDR
MP 10 Core
5671, 8521
MaxPatrol EDR
PT MC
3334
MaxPatrol EDR
Knowledge Base
8091
BAD
MP 10 Core
8521
Ра­бо­чая стан­ция поль­зо­ва­те­ля
Knowledge Base
8091, 8190
PT RC
Knowledge Base
8091
Ра­бо­чая стан­ция поль­зо­ва­те­ля, ком­по­нент PT RC
PT MC
3334
MP 10 Core
MP SIEM Server
8013
MP 10 Collector, MP NAD Sensor
MP SIEM Server
5671, 8013
Knowledge Base, BAD
MP SIEM Server
8013
PT RC
MP SIEM Server
8013, 5671
MP 10 Core
MP SIEM Events Storage
8123
,
9200
MP SIEM Server
MP SIEM Events Storage
8123
, 9000, 9009,
9200
, 9300
Ра­бо­чая стан­ция поль­зо­ва­те­ля
MP NAD Sensor
80, 443
MP 10 Core, MP SIEM Server, MP SIEM Events Storage, MP 10 Collector
PT UCS
4505, 4506, 9035
PT UCS, ло­каль­ный сер­вер об­нов­ле­ний
Гло­баль­ный сер­вер об­нов­ле­ний
443
MP 10 Core
PT Feeds
2080, 2443
PT Feeds
Ре­пу­та­ци­он­ный сер­вис, предо­став­ля­ю­щий дан­ные об угро­зах ИБ и ин­ди­ка­то­рах ком­про­ме­та­ции
443
MP 10 Core
BAD
8003
MP SIEM Server
BAD
5671, 5672
PT MC
Ло­каль­ный сер­вер об­нов­ле­ний
8553, 8743
Ло­каль­ные аген­ты OTEL
Кол­лек­тор OTEL
4318
На сер­ве­ре, на ко­то­рый необ­хо­ди­мо уста­но­вить роль Deployer, пор­ты 4505/TCP, 4506/TCP, 5000/TCP долж­ны быть до­ступ­ны для вхо­дя­щих со­еди­не­ний.
Для сред­не­на­гру­жен­ных и вы­со­ко­на­гру­жен­ных си­стем на сер­ве­рах, на ко­то­рые уста­нав­ли­ва­ют­ся ком­по­нен­ты MP SIEM Server, MP SIEM Events Storage, MP 10 Core, MP 10 Collector, PT RC, порт 22/TCP дол­жен быть от­крыт для вхо­дя­щих со­еди­не­ний.
Для ис­хо­дя­щих со­еди­не­ний не тре­бу­ет­ся со­зда­вать пра­ви­ла меж­се­те­во­го экра­на. Для уда­лен­но­го до­сту­па к сер­ве­рам ком­по­нен­тов ре­ко­мен­ду­ет­ся раз­ре­шить со­еди­не­ния от ра­бо­чих стан­ций ад­ми­ни­стра­то­ра че­рез порт 3389/TCP к сер­ве­рам на Microsoft Windows, че­рез порт 22/TCP — к сер­ве­рам на Linux.
Для воз­мож­но­сти ре­пли­ка­ции со­бы­тий необ­хо­ди­мо обес­пе­чить се­те­вое вза­и­мо­дей­ствие че­рез TCP-пор­ты 5671 и 5672 меж­ду сер­ве­ра­ми MP 10 Core свя­зы­ва­е­мых при­ло­же­ний, а та­к­же меж­ду сер­ве­ра­ми MP SIEM Server свя­зы­ва­е­мых при­ло­же­ний.
По умол­ча­нию ло­каль­ный сер­вер об­нов­ле­ний ис­поль­зу­ет для под­клю­че­ния по про­то­ко­лам HTTP и HTTPS пор­ты 8553 и 8743 со­от­вет­ствен­но. Вы мо­же­те из­ме­нить эти зна­че­ния в па­ра­мет­рах сер­ви­са по­лу­че­ния об­нов­ле­ний.
Архитектура MaxPatrol 10
Что нового в версии 27.4",3,списков компонент ptucs обеспечивает обновление модуля pentest коллекторов данных компонента pt feeds также загружает дистрибутивы новыми версиями компонентов компонент bad обеспечивает обнаружение аномального поведения пользователей сущностей it инфраструктуре организации оценку степени риска событий помощью моделей машинного обучения локальный сервер обновлений обеспечивает загрузку передачу обновлений глобального сервера обновлений positive technologies отсутствии прямого доступа интернету локальные агенты otel собирают сведения компонентов системы отправляют данные коллектор otel коллектор собирает данные записывает хранилище полученные метрики направляются сервис victoriametrics который является частью роли observability приложении ptmc 80 443 4505 4506 9035 443 443 3334 8013 443 3334 5671 5672 8721 443 443 3334 8091 8190 5671 8013 8123 9000 9009 9200 9300 knowledge base ptmc mp 10 collector mpsiemevents storage mpsiemserver mp10 core pt feeds ptucs 443 2080 2443 ptrc 5671 8013,"-0.04254087433218956,-0.025187717750668526,-0.04961506277322769,-0.003197397803887725,-0.02359347604215145,-0.06986576318740845,0.028125131502747536,-0.049700163304805756,0.018852129578590393,0.04611988365650177,-0.021810054779052734,-0.0009215525351464748,-0.01707305759191513,0.028037697076797485,0.02465752512216568,-0.0038657693658024073,-0.013909535482525826,-0.026192495599389076,0.019590208306908607,-0.06429680436849594,-0.026899535208940506,0.009948637336492538,-0.010906151495873928,0.049427472054958344,0.0013800099259242415,0.012788963504135609,-0.03422132134437561,-0.01813000813126564,0.003031259635463357,0.049018848687410355,0.028749942779541016,-0.023662924766540527,0.059339478611946106,-0.005835989024490118,-0.07093963027000427,-0.03455831855535507,0.026712622493505478,-0.03643082082271576,-0.041078824549913406,0.010224438272416592,0.004253548104315996,-0.05235470458865166,-0.0005215679411776364,-0.08282911032438278,-0.01450579334050417,-0.054069798439741135,0.03531236946582794,-0.0252875704318285,-0.009613780304789543,-0.009120114147663116,-0.012667685747146606,-0.01019564364105463,0.052937936037778854,-0.0586441271007061,0.023239266127347946,0.03274688497185707,-0.03887768089771271,0.005178103223443031,-0.054186176508665085,0.006030736956745386,-0.01598772034049034,-0.03146049752831459,-0.001690825098194182,-0.016001619398593903,0.00698106549680233,0.05360938608646393,-0.03502686694264412,0.04005918651819229,-0.0025455865543335676,-0.040466733276844025,0.013830006122589111,0.02206471934914589,-0.0038417652249336243,-0.016700923442840576,-0.021995414048433304,0.04965461045503616,0.0037559031043201685,0.007039504591375589,-0.017918353900313377,-0.008947674185037613,-0.023218750953674316,-0.02585170790553093,0.018416257575154305,-0.024618593975901604,0.033854637295007706,-0.00895827915519476,0.005665915086865425,0.024824239313602448,0.033737242221832275,-0.0014864803524687886,0.02210819348692894,-0.038058802485466,0.04603568837046623,-0.054394982755184174,-0.06687518954277039,0.010791617445647717,0.02880777418613434,0.021811340004205704,0.02955785021185875,-0.0027991917449980974,0.0392828993499279,-0.019814055413007736,-0.02510211244225502,-0.005568703170865774,0.07502429932355881,-0.00800829753279686,0.028623413294553757,-0.01700918935239315,0.03338947892189026,-0.01868508756160736,-0.004662906751036644,0.019166553393006325,0.005090499296784401,2.494711588951759e-05,0.0034610868897289038,-0.005524513777345419,0.007470617536455393,-0.014879802241921425,0.020606612786650658,-0.007159889210015535,0.034685973078012466,-0.01924695447087288,0.031766362488269806,0.009833077900111675,-0.006004126742482185,-0.007117224857211113,-0.0034828386269509792,0.04385107010602951,0.021746056154370308,0.008259176276624203,0.0019019560422748327,-0.01287579070776701,-0.020600320771336555,-0.011929670348763466,-0.038809992372989655,0.009832728654146194,-0.0065660374239087105,0.026879513636231422,0.009327133186161518,-0.025881214067339897,0.010234658606350422,0.03911953791975975,-0.03446808084845543,-0.03758235648274422,0.004436490125954151,0.01711956597864628,0.03678160905838013,0.010934624820947647,-0.049388639628887177,-0.033365730196237564,0.02420266717672348,0.002600389765575528,-0.007567408494651318,0.018381228670477867,0.03307943046092987,0.010172378271818161,0.007931017316877842,0.018610619008541107,0.019147442653775215,-0.01733754388988018,-0.014578603208065033,-0.06205279380083084,0.02065759152173996,0.010055615566670895,0.023969557136297226,0.0019423060584813356,-0.01998809352517128,-0.022372247651219368,-0.03097490407526493,0.002426780527457595,0.00704793818295002,-0.0177900530397892,-0.029270436614751816,-0.009982467629015446,0.054847098886966705,-0.0014871647581458092,0.03904109075665474,0.025397928431630135,0.05274549499154091,-0.02460096776485443,0.011188505217432976,0.01870649680495262,0.026319105178117752,-0.015606646426022053,-0.02487870119512081,-0.0010348689975216985,-0.008862941525876522,0.0020810463465750217,0.007423538714647293,0.03849441185593605,-0.0348614826798439,-0.015920989215373993,0.05903157591819763,-0.019699227064847946,0.0006019584834575653,0.0016704876907169819,-0.012185315601527691,-0.01320407073944807,0.006309307646006346,0.039400987327098846,-0.019915401935577393,0.0028746856842190027,0.013799394480884075,-0.003161273431032896,0.013548237271606922,-0.017372559756040573,0.006451257038861513,-0.013866974972188473,0.021428797394037247,-0.051070839166641235,0.025911672040820122,0.0012480684090405703,-0.017911072820425034,0.021378405392169952,-0.006440441589802504,-0.040884848684072495,-0.03437739983201027,0.02164163626730442,-0.004386952146887779,-0.008825669065117836,-0.04093249514698982,0.021955085918307304,0.015652582049369812,0.005851724650710821,0.017650241032242775,-0.00032989890314638615,0.030749840661883354,0.0426236130297184,0.018930114805698395,-0.045920707285404205,0.025377066805958748,-0.02044680528342724,-0.011378427036106586,-0.014316661283373833,0.046327266842126846,0.012150692753493786,0.009785939007997513,0.01161565538495779,0.027236061170697212,0.03869987651705742,0.017336582764983177,-0.038078710436820984,-0.030273649841547012,-0.03319438546895981,-0.05535653606057167,-0.013007089495658875,-0.007825515232980251,-0.003812174778431654,0.016553310677409172,-0.03776367008686066,0.000325042667100206,-0.003032274078577757,-0.05393306910991669,0.014941584318876266,-0.011257902719080448,0.03075900860130787,0.03394811227917671,-0.02018069103360176,0.03340138867497444,0.017994942143559456,0.0005293560097925365,0.07583799958229065,0.012420724146068096,0.009511981159448624,0.03947247937321663,-0.008508059196174145,-0.012282820418477058,-0.056656088680028915,0.034726180136203766,0.02172946184873581,-0.01709318906068802,-0.03959272429347038,0.008392340503633022,0.002349988790228963,-0.024787738919258118,0.04285362735390663,-0.0261862650513649,0.024945659562945366,0.07146310806274414,0.031845349818468094,-0.04738331958651543,0.001696028863079846,0.03499161824584007,0.005088007543236017,0.008649501018226147,0.037793926894664764,-0.00853060558438301,-0.024113403633236885,0.006996510550379753,-0.026059048250317574,-0.0042641665786504745,0.010400505736470222,0.08476527035236359,-0.019849251955747604,-0.02686469815671444,0.04951545596122742,0.028414715081453323,-0.1570909172296524,-0.010912193916738033,-0.012087672017514706,0.005290607921779156,0.020665952935814857,-0.019978724420070648,-0.08166646957397461,0.04606914147734642,-0.031504303216934204,0.019016582518815994,-0.009656904265284538,-0.07387396693229675,-0.022133268415927887,-0.03297717124223709,-0.03555145114660263,-0.030833518132567406,0.006921752821654081,0.022274022921919823,0.022937681525945663,-0.03664608299732208,0.014536386355757713,-0.05180368199944496,0.02111431583762169,0.02020670473575592,-0.04890742152929306,-0.048203546553850174,0.07814382016658783,0.046488359570503235,-0.04912799224257469,0.02218703180551529,-0.01554645225405693,0.018418308347463608,0.007087184581905603,-0.004887128248810768,0.029973693192005157,-0.02495882287621498,0.01741441711783409,-0.01835746504366398,-0.0023620009887963533,0.008840327151119709,-0.013319296762347221,0.04577098414301872,0.011603874154388905,0.00868904311209917,0.028068020939826965,-2.1480131181306206e-05,0.039532389491796494,0.028023039922118187,-0.039748530834913254,0.006954400334507227,0.013847322203218937,-0.016150442883372307,-0.03938961401581764,-0.00023911397147458047,-0.05529990419745445,-0.013100894168019295,-0.0327632799744606,0.00733859883621335,0.0009155805455520749,-0.014169668778777122,-0.01027530338615179,-0.003612578846514225,0.0031662231776863337,-0.00798135343939066,0.005565548315644264,-0.017952682450413704,0.051202621310949326,-0.011896809563040733,-0.009032491594552994,-0.029848070815205574,0.022703610360622406,-0.010897400788962841,-0.024701226502656937,-0.03255024179816246,0.018846545368433,0.02461758814752102,-0.031166313216090202,0.019540445879101753,0.004649398382753134,-0.1164608746767044,-0.014927905052900314,0.0010597052751109004,0.020149359479546547,0.00016510179557371885,-0.012053734622895718,-0.039718274027109146,0.005768777336925268,0.025099432095885277,0.046139542013406754,0.23792868852615356,-0.042997244745492935,-0.06755487620830536,-0.028235655277967453,0.005391906015574932,-0.01531954761594534,-0.024139177054166794,0.008408915251493454,0.02627319097518921,-0.03818223625421524,-0.028269166126847267,0.06442524492740631,0.029461437836289406,-0.0012406258611008525,0.01606500893831253,0.0073433518409729,-0.06860680878162384,-0.012947693467140198,0.06389916688203812,-0.021682750433683395,0.013847115449607372,-0.033496372401714325,-0.012848378159105778,0.0128680020570755,-0.012475604191422462,0.009021309204399586,0.030286867171525955,0.01979171857237816,-0.0004674739029724151,0.05669800564646721,-0.03710375726222992,0.03674588352441788,0.025849737226963043,0.022326871752738953,-0.03430703282356262,0.013376975432038307,-0.033554453402757645,0.04285730794072151,0.020667772740125656,0.02125009521842003,0.011566040106117725,-0.02622903138399124,0.014659027568995953,0.012364041060209274,0.01872992143034935,-0.044053904712200165,0.006112983915954828,0.004972394090145826,-0.021181438118219376,-0.03302741423249245,-0.024817954748868942,-0.025473231449723244,-0.016728457063436508,-0.006717031821608543,0.0009318534284830093,-0.054232142865657806,-0.02419525943696499,-0.0015977510483935475,0.01013211254030466,0.05427669733762741,0.06947004050016403,-0.007765982765704393,-0.041118230670690536,0.019588932394981384,0.002139885677024722,0.03003220073878765,-0.005925644189119339,-0.03857311233878136,0.004976646509021521,0.03214423358440399,0.03246874734759331,0.02235458977520466,0.001306363265030086,-0.016015907749533653,0.02259914018213749,-0.03634823113679886,0.03005407191812992,0.030173787847161293,-0.06567605584859848,0.018664324656128883,-0.041725266724824905,0.0025475011207163334,-0.02350728213787079,0.045968372374773026,-0.00703950971364975,-0.015818890184164047,-0.032802075147628784,0.021258791908621788,-0.014831678941845894,-0.03428047522902489,-0.01548962015658617,-0.020736373960971832,0.01719396375119686,-0.03325645998120308,0.03600047156214714,-0.01826454885303974,0.006208382546901703,-0.03390035778284073,-0.006583414040505886,0.002055318094789982,-0.00380509695969522,0.0023732217960059643,-0.05700032413005829,-0.031117109581828117,0.004138784483075142,0.022951509803533554,-0.024979010224342346,0.025053365156054497,-0.01621157117187977,0.06165596470236778,-0.04177853837609291,0.035175908356904984,0.013604541309177876,-0.012497153133153915,0.0302731953561306,-0.01441942248493433,0.017534658312797546,0.053010184317827225,0.007467635907232761,0.009840593673288822,-0.01768561638891697,0.04797361046075821,-0.003292559180408716,0.05251510068774223,0.02516990527510643,-0.013194174505770206,-0.050455059856176376,-0.029254421591758728,-0.01905100606381893,0.04175838828086853,0.03932356461882591,0.0036849044263362885,0.017224419862031937,-0.003344227559864521,0.016732780262827873,-0.01681300438940525,-0.03878581151366234,0.02980448119342327,-0.016980957239866257,0.033838387578725815,-0.016552092507481575,-0.0011172425001859665,-0.016556037589907646,-0.002011694014072418,-0.02025461569428444,-0.0034364499151706696,-0.014890660531818867,0.01578705757856369,-0.04566538706421852,0.01191576849669218,-0.01960764266550541,0.04818157106637955,0.03033566102385521,-0.02817409671843052,-0.007778633385896683,0.004421711433678865,-0.049645859748125076,-0.005132440477609634,-0.009224148467183113,0.004952101968228817,-0.03031119331717491,0.029903974384069443,0.06336109340190887,0.042891502380371094,0.03768222779035568,0.004068425856530666,-0.04024212062358856,-0.007328784558922052,-0.00031570775900036097,-0.022598372772336006,0.007856614887714386,0.001499726320616901,-0.0487801656126976,0.04935832321643829,0.013495799154043198,-0.021505363285541534,-0.08122175186872482,0.012973878532648087,-0.009475291706621647,-0.0288942139595747,0.045285798609256744,0.0016762148588895798,-0.04705178365111351,-0.04451454058289528,0.009758984670042992,0.014553415589034557,-0.034358907490968704,0.002947548171505332,0.06307116895914078,-0.01251078862696886,-0.04376782476902008,0.10483457893133163,-0.041256386786699295,-0.005960334558039904,0.0566120445728302,0.03573930636048317,0.062159378081560135,0.026055840775370598,0.04086076840758324,-0.05083223804831505,0.006196285597980022,-0.010417521931231022,0.007046546787023544,-0.011959691531956196,0.025494299829006195,0.021737584844231606,-0.042891789227724075,-0.027320802211761475,0.005387661047279835,0.017630837857723236,0.002369480673223734,-0.011165477335453033,-0.042084597051143646,0.040338244289159775,0.03385845571756363,-0.018781447783112526,0.02411581017076969,0.03406525030732155,0.0018184849759563804,-0.018280165269970894,-0.004046215675771236,0.01604742556810379,0.03768979012966156,-0.05453241989016533,-0.01834225282073021,0.016074033454060555,0.008067706599831581,-0.00847399141639471,0.013918655924499035,0.025479771196842194,-0.004474961664527655,0.007379445247352123,0.012903857044875622,-0.005028210114687681,0.011725218035280704,-0.011077312752604485,0.006650101859122515,0.019219640642404556,0.024967143312096596,-0.00740234088152647,0.010945751331746578,0.01025077048689127,-0.003917284309864044,0.036311376839876175,0.02067471481859684,0.031583234667778015,-0.03540417179465294,-0.0372791551053524,-0.004422001074999571,-0.0012287235585972667,-0.017624972388148308,-0.013993415981531143,0.028222009539604187,-0.006537370849400759,-0.003368259407579899,0.010284258052706718,-0.022274309769272804,-0.009233471006155014,-0.015544131398200989,-0.03281610459089279,-0.01942421868443489,-0.017891312018036842,0.011764966882765293,-0.00650586886331439,-0.017120053991675377,0.0009449161007069051,0.023923859000205994,-0.026691045612096786,-0.0406632125377655,-0.05148492008447647,0.010807570070028305,0.01631426252424717,-0.05816856771707535,-0.021239452064037323,0.05687721446156502,-0.005867695435881615,-0.016479747369885445,0.014212863519787788,-0.015202831476926804,0.010779823176562786,-0.06425023078918457,0.007772582583129406,-0.006419896613806486,0.02689146250486374,-0.024868600070476532,-0.01268280390650034,0.0074149020947515965,-0.0014371033757925034,0.029817136004567146,-0.017062131315469742,0.037364017218351364,0.04553620517253876,-0.035796694457530975,-0.0029811677522957325,-0.0282339658588171,0.014754101634025574,0.007633483503013849,0.032704271376132965,-0.03336074575781822,0.020899789407849312,-0.046321239322423935,0.008172040805220604,-0.0006358701502904296,-0.009009268134832382,-0.019377805292606354,0.013655208051204681,-0.0033982647582888603,-0.016864050179719925,0.02251795493066311,0.03532896190881729,-0.028961503878235817,-0.03023652546107769,0.05871614068746567,0.02964521013200283,0.023515328764915466,0.010126630775630474,0.05336334928870201,-0.03974593058228493,0.009943211451172829,-0.012474111281335354,0.012996622361242771,-0.019218685105443,0.015637988224625587,0.027196764945983887,0.008356713689863682,-0.04480740427970886,-0.05794171243906021,-0.006435283459722996,-0.006760634947568178,0.0008798049530014396,-0.040193360298871994,-0.05016959831118584,0.028080491349101067,-0.0033134319819509983,0.03784480690956116,0.021360574290156364,0.02074882946908474,-0.06490786373615265,0.034794021397829056,0.02726815640926361,-0.01593833975493908,-0.027149857953190804,0.021060006693005562,-0.023299874737858772,-0.0042258864268660545,-0.0383339524269104,-0.02114729955792427,-0.0074002984911203384,-0.028208116069436073,0.0037767731118947268,0.016439074650406837,0.037696946412324905,-0.00938308797776699,-0.0753474310040474,-0.00037995577440597117,0.0028654062189161777,0.008316314779222012,0.034302517771720886,0.0030097118578851223,0.015670867636799812,-0.013149655424058437,0.06217271834611893,-0.00269155646674335,-0.00047791481483727694,0.004541840869933367,-0.02515633963048458,0.06785477697849274,-0.018129553645849228,0.011439827270805836,-0.011890027672052383,0.0009739511297084391,0.010121996514499187,-0.029796460643410683,0.04413726180791855,-0.008972684852778912,0.047233715653419495,-0.008583132177591324,0.03150118142366409,0.049857866019010544,-0.021431002765893936,-0.02610096149146557,-0.012914304621517658,-0.04376734793186188,-0.01895427703857422,-0.02425203286111355,0.0019285158487036824,-0.019202183932065964,0.025534719228744507,0.029108883813023567,0.07786113023757935,0.016852060332894325,-0.015577338635921478,0.013699029572308064,-0.04027131199836731,-0.13119752705097198,-0.018739094957709312,0.0025563070084899664,-0.0080811632797122,-0.01929599419236183,-0.011832506395876408,0.0005246621440164745,-0.00876626092940569,-0.03442377969622612,-0.03055606223642826,-0.033053454011678696,-0.030763255432248116,0.09154481440782547,-0.018804453313350677,0.05746302008628845,-0.015085690654814243,-0.018520647659897804,-0.0011751048732548952,0.03281459957361221,0.08653896301984787,-0.019084149971604347,0.002162945456802845,0.008274932391941547,-0.023864710703492165,0.01924734003841877,-0.01790541410446167,0.02798089012503624,-0.050479304045438766,0.001419526874087751,-0.00995357520878315,0.032219644635915756,-0.039690498262643814,0.003785235807299614,-0.003027752973139286,-0.009250673465430737,-0.0179990753531456,-0.020712969824671745,-0.022706104442477226,-0.016737040132284164,-0.001259378157556057,0.015772180631756783,0.021915078163146973,-0.027033384889364243,0.02303057722747326,0.0028285363223403692,0.059377361088991165,0.018666304647922516,-0.001317077549174428,-0.10015919059515,-0.0013504540547728539,-0.005497378762811422,0.06626972556114197,-0.013078375719487667,0.006291198544204235,0.03239157795906067,-0.025968698784708977,-0.06960472464561462,-0.02184762805700302,-0.05526251345872879,0.04366551712155342,-0.018556779250502586,0.03938230127096176,-0.0462195910513401,-0.06393928080797195,0.024463895708322525,-0.007403839845210314,-0.05380358174443245,-0.0029142696876078844,0.01114761084318161,0.00662705022841692,-0.03365586698055267,0.019357245415449142,-0.010592262260615826,0.003968771547079086,-0.008169597014784813,-0.0319271944463253,-0.0006639963830821216,-8.627031093055848e-06,0.0203129593282938,-0.006265576463192701,-0.08169201761484146,-0.002621937543153763,-0.0426214300096035,0.055087096989154816,0.013070706278085709,-0.016448983922600746,0.0043191928416490555,-0.014859110116958618,-0.07453898340463638,-0.018593525514006615,-0.02757900394499302,-0.03531787171959877,0.03119177557528019,-0.02801576256752014,-0.033004239201545715,-0.002565285423770547,-0.0013185874558985233,0.015990503132343292,0.022997049614787102,0.006670406088232994,0.0009827521862462163,-0.033973295241594315,0.02280653640627861,0.02274247631430626,-0.06067636236548424,-0.0011090539628639817,0.033059075474739075,-0.02114206738770008,0.007390804588794708,-0.002454440575093031,-0.006114372983574867,0.020841920748353004,-0.010947735980153084,0.018945088610053062,-0.014676021412014961,-0.009905332699418068,0.0008358146296814084,0.02793814428150654,-0.03266496956348419,0.02494954876601696,0.050143372267484665,0.03759261965751648,0.001461267820559442,-0.039086077362298965,0.027938880026340485,0.0636734887957573,0.022719470784068108,0.05146297812461853,-0.018141325563192368,-0.03934701532125473,0.020480865612626076,-0.054013777524232864,-0.024348832666873932,0.0213670264929533,0.04816791042685509,0.021043511107563972,-0.010337157174944878,0.04946675896644592,0.004920680075883865,-0.05361906811594963,-0.07684154063463211,-0.0016151323216035962,0.00011694870772771537,-0.018396317958831787,0.021472791209816933,-0.007526468951255083,0.021438226103782654,0.009407751262187958,-0.03630661219358444,-0.03496076166629791,0.020772794261574745,0.013145076110959053,-0.01910405233502388,-0.004254196770489216,-0.04347663372755051,-0.008840605616569519,-0.005031117238104343,0.029802486300468445,-0.010431683622300625,0.014430051669478416,0.0409521609544754,-0.019522326067090034,-0.04032193496823311,-0.04360046237707138,-0.012023727409541607,0.003413374535739422,-0.007822140119969845,0.008729449473321438,-0.03209475427865982,-0.008177864365279675,-0.032707326114177704,0.050780680030584335,-0.033320993185043335,0.028455158695578575,0.013618250377476215,-0.011272251605987549,-0.008649419993162155,-0.014815589413046837,0.0025931173004209995,0.0345790758728981,0.027390219271183014,-0.014506376348435879,0.06038878113031387,0.020932579413056374,0.06141160428524017,0.015815142542123795,0.011577123776078224,0.020252715796232224,0.016444223001599312,-0.014433941803872585,0.008361701853573322,-0.0050603123381733894,-0.018516037613153458,-0.007008858025074005,0.020557403564453125,-0.011999394744634628,0.04311502352356911,0.0258601326495409,-0.015098671428859234,0.09876718372106552,-0.0476515032351017,0.008788895793259144,-0.009965717792510986,-0.009253553114831448,0.027488218620419502,-0.004793401807546616,-0.029911870136857033,-0.022514110431075096,0.03480871394276619,-0.02115417644381523,0.019224047660827637,0.017827173694968224,0.00911078043282032,-0.0013802527682855725,0.01321070920675993,0.012278277426958084,-0.006242710165679455,0.032007839530706406,-0.029808083549141884,-0.0008873729384504259,0.03072826750576496,-0.004599660634994507,-0.007067184895277023,-0.021275483071804047,-0.039680365473032,-0.0027725016698241234,0.05578436702489853,-0.013460931368172169,0.007212204392999411,0.04852917790412903,-0.015574060380458832,-0.006101503968238831,-0.0129950987175107,0.0029411432333290577,0.017304977402091026,-0.010094709694385529,-0.04752255976200104,0.028907325118780136,-0.003248872235417366,0.005905858241021633,0.013823827728629112,-0.0018787505105137825,-0.04449984058737755,-0.03282792121171951"
https://help.ptsecurity.com/ru-RU/projects/mp10/27.4/help/2189382283,https://help.ptsecurity.com/ru-RU/projects/mp10/27.4/help/2189382283,Алгоритм работы MaxPatrol 10 и схема взаимодействия компонентов · MaxPatrol 10 · Справочный портал,"О MaxPatrol 10
Ал­го­ритм ра­бо­ты MaxPatrol 10 и схе­ма вза­и­мо­дей­ствия ком­по­нен­тов
Ал­го­ритм ра­бо­ты MaxPatrol 10:
Кол­лек­то­ры со­би­ра­ют дан­ные об IT-ин­фра­струк­ту­ре пред­при­я­тия:
— мо­ду­ли ком­по­нен­та MP 10 Collector ска­ни­ру­ют IT-ин­фра­струк­ту­ру, со­би­ра­ют све­де­ния о се­те­вых уз­лах и со­бы­тия с ис­точ­ни­ков;
— ком­по­нент MP NAD Sensor со­би­ра­ет све­де­ния о се­те­вых со­еди­не­ни­ях.
Со­бран­ные дан­ные кол­лек­то­ры пе­ре­да­ют в MP SIEM Server и MP 10 Core. Пе­ре­дан­ные со­бы­тия ис­поль­зу­ют­ся в MP SIEM Server для нор­ма­ли­за­ции, аг­ре­га­ции, обо­га­ще­ния и кор­ре­ля­ции.
Ком­по­нент MP 10 Core об­ра­ба­ты­ва­ет и хра­нит ре­зуль­та­ты ска­ни­ро­ва­ния с по­дроб­ной ин­фор­ма­ци­ей об об­на­ру­жен­ных ОС, ПО, служ­бах, пор­тах и про­чи­ми све­де­ни­я­ми об уз­лах и свя­зях меж­ду ними. Та­к­же ком­по­нент хра­нит па­ра­мет­ры за­дач на сбор дан­ных, про­фи­лей ска­ни­ро­ва­ния и транс­пор­тов, дан­ные и сце­на­рии спра­воч­ни­ков и осу­ществ­ля­ет кон­троль до­сту­па к этим дан­ным, свя­зы­ва­ясь с осталь­ны­ми ком­по­нен­та­ми си­сте­мы для вы­пол­не­ния поль­зо­ва­тель­ских за­про­сов.
Ком­по­нент MP SIEM Server об­ра­ба­ты­ва­ет вхо­дя­щий по­ток со­бы­тий, при­во­дит их к еди­но­му фор­ма­ту в со­от­вет­ствии с пра­ви­ла­ми нор­ма­ли­за­ции и группи­ру­ет их со­глас­но пра­ви­лам аг­ре­га­ции. Он та­к­же свя­зы­ва­ет со­бы­тия с ак­ти­ва­ми и, при необ­хо­ди­мо­сти, со­зда­ет но­вые ак­ти­вы на ос­но­ве со­бы­тий. За­тем до­пол­ня­ет дан­ные о со­бы­ти­ях, ис­поль­зуя пра­ви­ла обо­га­ще­ния или таб­лич­ные спис­ки, и ана­ли­зи­ру­ет по­ток нор­ма­ли­зо­ван­ных со­бы­тий по пра­ви­лам кор­ре­ля­ции для вы­яв­ле­ния и ре­ги­стра­ции со­бы­тий ин­фор­ма­ци­он­ной без­опас­но­сти. MP SIEM Server пе­ре­да­ет ком­по­нен­ту MP SIEM Events Storage по­сту­пив­шие со­бы­тия в ис­ход­ном (необ­ра­бо­тан­ном) и в нор­ма­ли­зо­ван­ном виде для хра­не­ния.
Нор­ма­ли­за­ция со­бы­тий мо­жет вы­пол­нять­ся на сер­ве­ре MP 10 Collector. Для это­го необ­хо­ди­мо уста­но­вить на сер­вер MP 10 Collector об­лег­чен­ную вер­сию MP SIEM Server — «SIEM на кол­лек­то­ре». Со­бы­тия, нор­ма­ли­зо­ван­ные на та­ком сер­ве­ре MP 10 Collector, пе­ре­да­ют­ся для аг­ре­га­ции, обо­га­ще­ния и кор­ре­ля­ции на ос­нов­ной MP SIEM Server.
Ком­по­нент Knowledge Base со­дер­жит базу зна­ний, необ­хо­ди­мых MaxPatrol 10 для струк­ту­ри­ро­ва­ния све­де­ний, со­бран­ных от ис­точ­ни­ков со­бы­тий и объ­ек­тов ин­фра­струк­ту­ры.
Ком­по­нент PT MC обес­пе­чи­ва­ет до­ступ к си­сте­ме че­рез сер­вис еди­но­го вхо­да и жур­на­ли­ру­ет дей­ствия поль­зо­ва­те­лей.
Для управ­ле­ния си­сте­мой, про­смот­ра дан­ных, по­стро­е­ния от­че­тов и мо­ни­то­рин­га поль­зо­ва­тель под­клю­ча­ет­ся к ком­по­нен­ту MP 10 Core че­рез веб-ин­тер­фейс в со­от­вет­ствии с пра­ва­ми, ко­то­рые на­зна­че­ны в PT MC.
Ком­по­нент PT Feeds до­став­ля­ет дан­ные об угро­зах ин­фор­ма­ци­он­ной без­опас­но­сти и ин­ди­ка­то­рах ком­про­ме­та­ции.
Ком­по­нент PT RC обес­пе­чи­ва­ет воз­мож­ность ре­тро­спек­тив­ной про­вер­ки по­лу­чен­ных ра­нее со­бы­тий, ис­поль­зуя но­вые пра­ви­ла кор­ре­ля­ции и дан­ные из таб­лич­ных спис­ков.
Ком­по­нент PT UCS обес­пе­чи­ва­ет об­нов­ле­ние мо­ду­ля Pentest для кол­лек­то­ров и дан­ных для ком­по­нен­та PT Feeds, а та­к­же за­гру­жа­ет дис­три­бу­ти­вы с но­вы­ми вер­си­я­ми ком­по­нен­тов.
Ком­по­нент BAD обес­пе­чи­ва­ет об­на­ру­же­ние ано­маль­но­го по­ве­де­ния поль­зо­ва­те­лей или сущ­но­стей в IT-ин­фра­струк­ту­ре ор­га­ни­за­ции и оцен­ку сте­пе­ни рис­ка со­бы­тий с по­мо­щью мо­де­лей ма­шин­но­го обу­че­ния.
Ло­каль­ный сер­вер об­нов­ле­ний обес­пе­чи­ва­ет за­груз­ку и пе­ре­да­чу об­нов­ле­ний с гло­баль­но­го сер­ве­ра об­нов­ле­ний Positive Technologies при от­сут­ствии пря­мо­го до­сту­па к ин­тер­не­ту.
Ло­каль­ные аген­ты OTEL со­би­ра­ют све­де­ния со всех ком­по­нен­тов си­сте­мы и от­прав­ля­ют дан­ные в кол­лек­тор OTEL. Кол­лек­тор со­би­ра­ет дан­ные и за­пи­сы­ва­ет их в хра­ни­ли­ще. По­лу­чен­ные мет­ри­ки на­прав­ля­ют­ся в сер­вис VictoriaMetrics, ко­то­рый яв­ля­ет­ся ча­стью роли Observability в при­ло­же­нии PT MC.
80
443
4505
4506
9035
443
443
3334
8013
443
3334
5671
5672
8721
443
443
3334
8091
8190
5671
8013
8123
9000
9009
9200
9300
Knowledge
Base
PT MC
MP 10 Collector
MP SIEM Events
Storage
MP SIEM Server
MP 10 Core
PT Feeds
PT UCS
443
2080
2443
PT RC
5671
8013
443
3334
5671
8091
4505
4506
9035
8553
8743
Ло­каль­ный
сер­вер
об­нов­ле­ний
443
8003
8004
8521
5671
5672
BAD
8013
Уве­дом­ле­ния
во внеш­ние
си­сте­мы
8123
9200
3334
5671
8091
8521
MaxPatrol EDR
MP NAD Sensor
Вза­и­мо­дей­ствие ком­по­нен­тов MaxPatrol 10
Для по­лу­че­ния об­нов­ле­ний меж­се­те­вой экран сер­ве­ра ком­по­нен­та PT UCS не дол­жен бло­ки­ро­вать ад­ре­са гло­баль­ных сер­ве­ров об­нов­ле­ний Positive Technologies — update.ptsecurity.ru и update.ptsecurity.com. Для обес­пе­че­ния се­те­во­го вза­и­мо­дей­ствия ком­по­нен­тов MaxPatrol 10 долж­ны быть до­ступ­ны для вхо­дя­щих со­еди­не­ний пе­ре­чис­лен­ные ниже пор­ты.
Ком­по­нен­ты и пор­ты вза­и­мо­дей­ствия
Ис­точ­ник
По­лу­ча­тель
TCP-порт
Ра­бо­чая стан­ция поль­зо­ва­те­ля, ПО для за­груз­ки дан­ных уве­дом­ле­ний
MP 10 Core
443
MP SIEM Server
MP 10 Core
443, 3334, 5671, 5672, 8721
PT UCS
MP 10 Core
443, 3334
PT RC
MP 10 Core
443, 5671
MaxPatrol EDR
MP 10 Core
5671, 8521
MaxPatrol EDR
PT MC
3334
MaxPatrol EDR
Knowledge Base
8091
BAD
MP 10 Core
8521
Ра­бо­чая стан­ция поль­зо­ва­те­ля
Knowledge Base
8091, 8190
PT RC
Knowledge Base
8091
Ра­бо­чая стан­ция поль­зо­ва­те­ля, ком­по­нент PT RC
PT MC
3334
MP 10 Core
MP SIEM Server
8013
MP 10 Collector, MP NAD Sensor
MP SIEM Server
5671, 8013
Knowledge Base, BAD
MP SIEM Server
8013
PT RC
MP SIEM Server
8013, 5671
MP 10 Core
MP SIEM Events Storage
8123
,
9200
MP SIEM Server
MP SIEM Events Storage
8123
, 9000, 9009,
9200
, 9300
Ра­бо­чая стан­ция поль­зо­ва­те­ля
MP NAD Sensor
80, 443
MP 10 Core, MP SIEM Server, MP SIEM Events Storage, MP 10 Collector
PT UCS
4505, 4506, 9035
PT UCS, ло­каль­ный сер­вер об­нов­ле­ний
Гло­баль­ный сер­вер об­нов­ле­ний
443
MP 10 Core
PT Feeds
2080, 2443
PT Feeds
Ре­пу­та­ци­он­ный сер­вис, предо­став­ля­ю­щий дан­ные об угро­зах ИБ и ин­ди­ка­то­рах ком­про­ме­та­ции
443
MP 10 Core
BAD
8003
MP SIEM Server
BAD
5671, 5672
PT MC
Ло­каль­ный сер­вер об­нов­ле­ний
8553, 8743
Ло­каль­ные аген­ты OTEL
Кол­лек­тор OTEL
4318
На сер­ве­ре, на ко­то­рый необ­хо­ди­мо уста­но­вить роль Deployer, пор­ты 4505/TCP, 4506/TCP, 5000/TCP долж­ны быть до­ступ­ны для вхо­дя­щих со­еди­не­ний.
Для сред­не­на­гру­жен­ных и вы­со­ко­на­гру­жен­ных си­стем на сер­ве­рах, на ко­то­рые уста­нав­ли­ва­ют­ся ком­по­нен­ты MP SIEM Server, MP SIEM Events Storage, MP 10 Core, MP 10 Collector, PT RC, порт 22/TCP дол­жен быть от­крыт для вхо­дя­щих со­еди­не­ний.
Для ис­хо­дя­щих со­еди­не­ний не тре­бу­ет­ся со­зда­вать пра­ви­ла меж­се­те­во­го экра­на. Для уда­лен­но­го до­сту­па к сер­ве­рам ком­по­нен­тов ре­ко­мен­ду­ет­ся раз­ре­шить со­еди­не­ния от ра­бо­чих стан­ций ад­ми­ни­стра­то­ра че­рез порт 3389/TCP к сер­ве­рам на Microsoft Windows, че­рез порт 22/TCP — к сер­ве­рам на Linux.
Для воз­мож­но­сти ре­пли­ка­ции со­бы­тий необ­хо­ди­мо обес­пе­чить се­те­вое вза­и­мо­дей­ствие че­рез TCP-пор­ты 5671 и 5672 меж­ду сер­ве­ра­ми MP 10 Core свя­зы­ва­е­мых при­ло­же­ний, а та­к­же меж­ду сер­ве­ра­ми MP SIEM Server свя­зы­ва­е­мых при­ло­же­ний.
По умол­ча­нию ло­каль­ный сер­вер об­нов­ле­ний ис­поль­зу­ет для под­клю­че­ния по про­то­ко­лам HTTP и HTTPS пор­ты 8553 и 8743 со­от­вет­ствен­но. Вы мо­же­те из­ме­нить эти зна­че­ния в па­ра­мет­рах сер­ви­са по­лу­че­ния об­нов­ле­ний.
Архитектура MaxPatrol 10
Что нового в версии 27.4",4,5671 5672 8721 443 443 3334 8091 8190 5671 8013 8123 9000 9009 9200 9300 knowledge base ptmc mp 10 collector mpsiemevents storage mpsiemserver mp10 core pt feeds ptucs 443 2080 2443 ptrc 5671 8013 443 3334 5671 8091 4505 4506 9035 8553 8743 локальный сервер обновлений 443 8003 8004 8521 5671 5672 bad 8013 уведомления внешние системы 8123 9200 3334 5671 8091 8521 maxpatroledr mpnad sensor взаимодействие компонентов maxpatrol10 получения обновлений межсетевой экран сервера компонента ptucs должен блокировать адреса глобальных серверов обновлений positive technologies update ptsecurity ru update ptsecurity com обеспечения сетевого взаимодействия компонентов maxpatrol10 должны доступны входящих соединений перечисленные ниже порты компоненты порты взаимодействия источник получатель tcp порт рабочая станция пользователя загрузки данных уведомлений mp10 core 443 mpsiemserver mp10 core 443 3334 5671 5672 8721 ptucs mp10 core 443 3334 ptrc mp10 core 443 5671 maxpatroledr mp10 core 5671 8521,"-0.020971741527318954,-0.014440369792282581,-0.02778369002044201,-0.009537902660667896,-0.04260081797838211,-0.03694828972220421,0.007636396214365959,-0.040928442031145096,0.021943164989352226,0.02131619304418564,-0.021303554996848106,-0.004549200180917978,-0.015253470279276371,0.0030816977377980947,-0.005254856776446104,-0.02169025130569935,-0.009922483004629612,-0.035040535032749176,0.02683963254094124,-0.035605818033218384,-0.011651450768113136,-0.015901148319244385,-0.016028890386223793,0.02935359813272953,0.018955407664179802,0.022781653329730034,-0.003106707241386175,0.0029265275225043297,0.017664669081568718,0.04300929233431816,-0.0153399258852005,-0.009621798992156982,0.0464516207575798,-0.01958256959915161,-0.0235990472137928,-0.00982801616191864,-0.0008268052479252219,-0.013499360531568527,-0.048823319375514984,-0.020564164966344833,-0.01930002123117447,-0.02622130885720253,0.007400437258183956,-0.0613156333565712,-0.02057512290775776,-0.048470284789800644,0.030503081157803535,-0.037479598075151443,-0.00991916749626398,-0.035279884934425354,0.005209975875914097,-0.009220248088240623,0.028315816074609756,-0.07311799377202988,-0.029695112258195877,0.029320547357201576,0.0039965431205928326,0.0019257796229794621,-0.05491303279995918,0.025752421468496323,-0.02698136679828167,-0.01748695597052574,-0.02230047807097435,-0.028938516974449158,0.0479438379406929,0.029313405975699425,-0.009453224949538708,0.020920246839523315,0.0013544711982831359,-0.008349386975169182,-0.023207413032650948,0.01702827215194702,0.012070808559656143,-0.022792784497141838,-0.04310988634824753,0.040585651993751526,0.059963248670101166,-0.007158543914556503,-0.013917802833020687,-0.038095321506261826,-0.006903590634465218,0.004695683252066374,-0.017473533749580383,0.006585489027202129,-0.010642421431839466,0.009621767327189445,-0.013160141184926033,0.018487080931663513,0.028659764677286148,-0.06586191058158875,0.028444848954677582,-0.01822219230234623,0.024691108614206314,-0.03928195685148239,-0.03619058430194855,-0.01698414981365204,0.028274433687329292,0.020170703530311584,0.026310905814170837,0.004069922491908073,0.024554580450057983,0.014455767348408699,0.0065458230674266815,-0.026282718405127525,0.04699934273958206,0.00319178169593215,0.06511987000703812,0.01759467087686062,-0.007797808852046728,-0.012899057008326054,-0.009036381728947163,-0.005234451033174992,0.00955591443926096,0.01524458546191454,0.02936641313135624,-0.02397204376757145,-0.011726324446499348,-0.015872672200202942,0.022746114060282707,-0.048473186790943146,0.009316150099039078,0.014985593035817146,-0.00833146832883358,-0.01902507245540619,0.004214994143694639,-0.01861475221812725,-0.010431690141558647,0.03719983994960785,0.013057812117040157,0.030625130981206894,-0.02644985541701317,-0.0014567250618711114,0.05884278938174248,-0.008016147650778294,-0.011794863268733025,-0.0035920063965022564,-0.019162248820066452,0.0004789151134900749,0.005563326645642519,-0.03954770416021347,0.011490405537188053,0.0222291499376297,0.020803730934858322,-0.0015202279901131988,-0.020282026380300522,-0.06239898502826691,0.035124439746141434,0.05063701421022415,-0.018882324919104576,0.018492667004466057,0.07595135271549225,0.02413494884967804,0.009624140337109566,0.0187202300876379,-0.029071008786559105,-0.009578046388924122,-0.006436665542423725,0.004027960356324911,0.0017881497042253613,0.02109486609697342,-0.015872681513428688,0.006323930341750383,-0.004885436501353979,0.02441214956343174,0.020628612488508224,-0.04055483639240265,0.01789325289428234,-0.006539119407534599,-0.029279962182044983,-0.02693464607000351,0.026682807132601738,-0.0462806336581707,-0.0025416549760848284,0.0042651440016925335,0.0050724889151751995,0.0007872206624597311,0.023844191804528236,0.003626965917646885,0.01073880959302187,-0.008441945537924767,-0.016666531562805176,0.018661897629499435,-0.012323487550020218,0.0020185736939311028,0.0016131384763866663,-0.005046106409281492,0.016968941316008568,-0.015898341313004494,0.005994522478431463,0.06779047101736069,0.0007284113671630621,-0.01383121032267809,0.05360136181116104,-0.020008761435747147,-0.0005802667001262307,0.014814616180956364,0.01592244952917099,0.011441917158663273,-0.01450289785861969,0.021158143877983093,-0.033925872296094894,0.025399887934327126,0.026182066649198532,0.0006568174576386809,-0.016717199236154556,-0.015937035903334618,0.014705164358019829,-0.025958023965358734,-0.005355972331017256,-0.06558223068714142,-0.013759998604655266,0.004360662307590246,-0.0086020827293396,0.03995688259601593,0.008386327885091305,0.021831879392266273,-0.011131682433187962,-0.003662979695945978,-0.008629669435322285,0.004546610172837973,-0.07791568338871002,0.049440816044807434,0.0006888517527841032,0.007574880961328745,0.0024747950956225395,0.00026306809741072357,0.027809495106339455,0.03552081808447838,0.017527705058455467,-0.02260926365852356,0.02346053346991539,0.0018656912725418806,0.03406847268342972,-0.03739525377750397,0.05095570161938667,-0.006730367429554462,-0.04498523101210594,-0.02359367534518242,0.0015499951550737023,0.05641515925526619,0.006036567501723766,-0.029584679752588272,0.0008271594415418804,-0.022411782294511795,-0.04414744675159454,0.019972093403339386,0.009509212337434292,0.016001444309949875,-0.004360731691122055,-0.007754751481115818,0.0060741412453353405,-0.018539493903517723,-0.007438907865434885,0.00014302176714409143,0.015609596855938435,0.026514366269111633,0.03488929942250252,-0.011035559698939323,0.0369044654071331,0.006890612654387951,-0.0007552809547632933,0.091669462621212,-0.0034282486885786057,0.0023338820319622755,0.02461870200932026,0.0231794323772192,0.014325913973152637,-0.050416380167007446,0.02159673161804676,0.024565251544117928,-0.026174014434218407,-0.041419997811317444,0.03819642215967178,-0.012769671157002449,-0.04165100306272507,0.042699702084064484,-0.02027401514351368,-0.013609454035758972,0.046537455171346664,0.013802536763250828,0.031962793320417404,0.017739223316311836,0.03253064304590225,0.024957286193966866,0.02450404316186905,0.01809260994195938,-0.057226572185754776,0.001639782334677875,0.003578796749934554,0.0258929543197155,-0.0522487573325634,0.051704853773117065,0.07806489616632462,-0.030254529789090157,0.014067764393985271,0.0874839499592781,-0.04065518081188202,-0.15938276052474976,-0.01299036294221878,-0.0041015720926225185,0.028532063588500023,0.010113410651683807,-0.019794339314103127,-0.06964348256587982,0.06496819108724594,-0.04157082736492157,0.015472753904759884,-0.028125068172812462,-0.06497610360383987,-0.03464837744832039,0.0018276278860867023,-0.027503205463290215,0.014051738195121288,-0.02060663513839245,0.010788782499730587,0.0026817985344678164,-0.03567299619317055,0.02351212687790394,0.00023179568233899772,0.02837555855512619,0.02401053160429001,-0.051071517169475555,-0.019289903342723846,0.07172492146492004,0.009587693959474564,-0.06689520925283432,0.022835934534668922,-0.03515620902180672,-0.0016168782021850348,-0.0011903027771040797,0.030352836474776268,0.0035608881153166294,-0.046861808747053146,0.014283777214586735,-0.03146636113524437,-0.026241837069392204,-0.025230811908841133,0.0015693743480369449,0.06960117071866989,0.007597754709422588,0.0012473362730816007,0.03643273934721947,-0.044856004416942596,0.019400378689169884,-0.0043808878399431705,-0.013182219117879868,-0.0044833761639893055,-0.049552857875823975,-0.009466954506933689,-0.023546596989035606,-0.04814618080854416,-0.024589508771896362,1.9784534742939286e-05,0.006145392078906298,0.04868220537900925,-0.009223060682415962,-0.030395900830626488,-0.013677512295544147,0.020655356347560883,-0.013171033002436161,0.0006083950866013765,-0.007491525262594223,-0.04112336039543152,0.06806529313325882,-0.041133128106594086,-0.0281669944524765,-0.022504867985844612,-0.00601035775616765,0.015867212787270546,-0.004391483496874571,0.00980436522513628,1.616863301023841e-05,0.04566220939159393,-0.035133861005306244,0.01369347982108593,-0.00947883166372776,-0.11073323339223862,-0.001657647779211402,0.005887449719011784,0.005430319346487522,0.019334927201271057,-0.04360209032893181,-0.03739621862769127,0.028265103697776794,0.016614213585853577,0.06759148091077805,0.2328941971063614,-0.006046968977898359,-0.07100533694028854,-0.017033033072948456,0.00017642942839302123,-0.018861334770917892,-0.011939150281250477,0.01866847835481167,0.051192279905080795,-0.015973277390003204,-0.015734316781163216,0.029420895501971245,-0.027340592816472054,-0.009918342344462872,-0.015793180093169212,0.023845426738262177,-0.06321089714765549,-0.011583291925489902,0.04614968225359917,-0.01989007368683815,0.023592982441186905,-0.014545509591698647,-0.008763556368649006,-0.040649037808179855,-0.05563606694340706,-0.01763131283223629,0.018016278743743896,0.06669675558805466,-0.013209359720349312,0.0552816279232502,-0.044085875153541565,0.015904871746897697,0.043920647352933884,0.04148499295115471,-0.022122550755739212,0.04856467992067337,-0.015232747420668602,0.04090756177902222,0.025980690494179726,-0.0017589229391887784,-0.010408555157482624,-0.03125805780291557,0.035274188965559006,-0.00047168618766590953,-0.011032112874090672,-0.05394177511334419,-0.021387962624430656,-0.005449444521218538,-0.022423334419727325,-0.01949705183506012,-0.008415364660322666,-0.030468745157122612,-0.020864078775048256,-0.01734955795109272,0.005520496517419815,-0.0016563781537115574,-0.007382653187960386,-0.020243721082806587,0.004442003555595875,0.037441402673721313,0.05590306594967842,-0.0078050000593066216,-0.02972840890288353,0.03038233146071434,-0.0505920946598053,0.0037470213137567043,0.008052688091993332,-0.029113925993442535,0.011147333309054375,0.008144566789269447,-0.0008815706241875887,0.017098795622587204,0.026371952146291733,0.011660019867122173,0.034301772713661194,-0.03867238759994507,0.05815546214580536,0.027257584035396576,-0.09042076021432877,0.03013412095606327,-0.056526411324739456,-0.0065011451952159405,-0.022653378546237946,0.03233333304524422,-0.0012401629937812686,-0.012752523645758629,0.009970993734896183,-0.018061207607388496,-0.03724407032132149,-0.00435453187674284,-0.012699802406132221,-0.014224552549421787,-6.717915675835684e-05,0.001265841186977923,0.010858782567083836,0.04501982778310776,0.009882953017950058,-0.015495941042900085,0.0033760322257876396,-0.007488631177693605,0.013456430286169052,-0.03246874734759331,-0.038468021899461746,-0.010777957737445831,0.008218364790081978,-0.01765679568052292,-0.05494514852762222,0.0173781868070364,-0.011188833974301815,0.03243481367826462,-0.05359198525547981,0.03447219356894493,0.0052190436981618404,-0.04614177346229553,-0.02641878090798855,0.010308684781193733,0.018043044954538345,0.026847219094634056,0.009825913235545158,-0.003455718280747533,-0.009725648909807205,0.018928363919258118,-0.007432322949171066,0.04401737079024315,0.03862270340323448,-0.01075764186680317,-0.023379895836114883,-0.014109998941421509,-0.022192778065800667,0.07964286208152771,0.0040097287856042385,-0.01985909231007099,-0.0024274601601064205,-0.0028439888264983892,0.02067525126039982,-0.016593778505921364,-0.0370103158056736,0.025305503979325294,0.02238897979259491,0.040179543197155,-0.005136354360729456,-0.03070126846432686,-0.029040629044175148,0.027059243991971016,0.004873484373092651,0.0207231305539608,0.0002759212802629918,0.002589903539046645,-0.04851781576871872,0.04328213259577751,-0.017454564571380615,0.03479055315256119,0.03702237457036972,-0.008317699655890465,-0.015284959226846695,-0.020132657140493393,-0.027813224121928215,-0.027571100741624832,0.024447301402688026,0.009287751279771328,-0.006623583380132914,0.032822445034980774,0.05390277877449989,0.04766547307372093,0.007796390913426876,-0.028310023248195648,-0.0609578900039196,-0.03893282637000084,0.025284264236688614,-0.035499732941389084,-0.01992211863398552,-0.01269431784749031,-0.05428304523229599,0.060564007610082626,-0.020289579406380653,-0.0026405141688883305,-0.008133165538311005,0.0029549363534897566,-0.009066244587302208,-0.03550088405609131,-0.015713194385170937,-0.010129464790225029,-0.04762164503335953,-0.05828014016151428,0.03265814483165741,0.01593901589512825,-0.04005253687500954,-0.0040425187908113,0.06546227633953094,0.0032589270267635584,-0.06964905560016632,0.08547325432300568,0.005709364078938961,-0.020608851686120033,0.0722922682762146,0.03831218555569649,0.023321297019720078,0.029545791447162628,0.03649306669831276,-0.014215224422514439,0.03950648754835129,0.021139778196811676,0.0002016713988268748,0.005034619476646185,-0.005682056769728661,0.01461497601121664,-0.027106227353215218,-0.031139668077230453,-0.012620517984032631,-0.0065519060008227825,-0.015802176669239998,0.014432008378207684,-0.008544202893972397,0.0060878959484398365,0.04349583759903908,-0.006787016522139311,0.03844457492232323,0.06421171128749847,0.0027422653511166573,-0.034642573446035385,-0.043254271149635315,0.010364746674895287,0.04452810809016228,-0.033757682889699936,-0.0009014492388814688,-0.006971281487494707,-0.020092381164431572,-0.07989231497049332,0.007090629544109106,0.008450630120933056,-0.007622869685292244,-0.0031177198980003595,0.03154542297124863,-0.01879153773188591,-0.008015977218747139,0.004165836609899998,-0.018991999328136444,0.021190255880355835,0.03489118814468384,0.019414132460951805,-0.06135234609246254,0.022013578563928604,0.03821592032909393,0.034745167940855026,-0.0029057618230581284,0.038785841315984726,-0.02029818668961525,-0.02437588758766651,0.027169883251190186,0.011814713478088379,-0.005529829300940037,-0.03387688472867012,0.0460391603410244,-0.025516103953123093,0.006374298129230738,0.010823624208569527,-0.04976934567093849,0.008765063248574734,-0.007935198955237865,-0.006455379072576761,-0.03563244268298149,-0.0056210351176559925,0.00805656798183918,-0.006640760228037834,-0.05595751851797104,0.01762189157307148,0.02307688631117344,0.021257003769278526,-0.028012754395604134,-0.07036446034908295,-0.007557740435004234,-0.0019061783095821738,-0.039581261575222015,0.02516692690551281,0.035223472863435745,-0.025236720219254494,0.003492987249046564,0.028887081891298294,-0.029671862721443176,0.011308720335364342,-0.0576457642018795,0.024297043681144714,0.011675100773572922,0.06533101946115494,-0.010304859839379787,0.020347636193037033,0.014809205196797848,-0.012701176106929779,0.013742553070187569,-0.039852324873209,0.03882884606719017,0.025439446792006493,-0.0183597169816494,0.01573498547077179,-0.032298341393470764,0.016303889453411102,0.008729060180485249,0.024351615458726883,-0.001038499642163515,0.0025533176958560944,-0.03761889412999153,-0.01356406882405281,0.020537739619612694,0.0019814397674053907,-0.00267912563867867,0.04351987689733505,0.002302387496456504,0.015587414614856243,-0.0002843657275661826,0.030262475833296776,0.010494434274733067,-0.08655734360218048,0.0537552572786808,-0.0011024806881323457,0.0008621441666036844,-0.029485732316970825,0.06644725054502487,-0.04505189508199692,0.006681923754513264,-0.0202199537307024,0.003926402889192104,-3.367263707332313e-05,-0.005685245152562857,0.03695023059844971,-0.00523035041987896,-0.018080126494169235,-0.037114862352609634,0.012800375930964947,-0.026286819949746132,0.033810004591941833,-0.04850459843873978,-0.014702851884067059,-0.03371196612715721,-0.009192591533064842,0.02730582281947136,0.020400503650307655,0.037654802203178406,-0.01478676125407219,0.026883849874138832,0.009723023511469364,-0.01115431822836399,-0.029220756143331528,0.028793655335903168,-0.01593073084950447,-0.020225083455443382,-0.03301987424492836,0.003309430554509163,-0.006006905809044838,-0.021392380818724632,-0.006863721180707216,-0.0007432659040205181,0.04213286191225052,-0.04011056199669838,-0.08004048466682434,-0.015150188468396664,0.016993237659335136,-0.005738794803619385,0.017677519470453262,-0.05234720557928085,-0.00019309151684865355,-0.019198894500732422,0.0853537768125534,-5.6923789088614285e-05,0.01890898495912552,-0.0014860171359032393,-0.01282280869781971,0.02878543548285961,0.028104130178689957,0.027349315583705902,-0.017647353932261467,-0.008081389591097832,0.024565083906054497,-0.007634169887751341,0.08424873650074005,-0.011223132722079754,0.01579887419939041,-0.007140960544347763,0.0057456037029623985,0.06874740123748779,-0.022125860676169395,-0.039137646555900574,0.007164820097386837,-0.05498744919896126,-0.02269253507256508,-0.030586563050746918,0.027625110000371933,-0.022063804790377617,0.02035430446267128,0.014320491813123226,0.06285971403121948,-0.010846664197742939,-0.024251040071249008,-0.007171139121055603,0.01397361233830452,-0.12853218615055084,0.01856979727745056,0.014040963724255562,-0.06136442720890045,-0.03346838057041168,-0.0368000827729702,-0.014295925386250019,-0.011984599754214287,-0.015720771625638008,-0.03667805343866348,0.01206342875957489,-0.06663913279771805,0.09542528539896011,-0.03199102357029915,0.06367364525794983,0.008651086129248142,0.019176438450813293,0.004302079323679209,0.05567353963851929,0.013226386159658432,-0.00034157978370785713,0.020150313153862953,-0.03490001708269119,-0.0012610654812306166,0.08415314555168152,-0.03156011551618576,0.010163212195038795,-0.03103449195623398,-0.02197383902966976,0.018685858696699142,-0.013207420706748962,-0.005128983873873949,0.00495415972545743,0.04421762004494667,0.000934390933252871,-0.04109952226281166,-0.008100985549390316,-0.010132934898138046,-0.002444657264277339,0.02288949489593506,-0.010876092128455639,0.031207166612148285,-0.01218326948583126,-0.028501015156507492,0.0068112327717244625,0.04860938340425491,-0.02562408521771431,-0.012035506777465343,-0.07236864417791367,0.0009077995200641453,0.034338224679231644,0.04525984823703766,0.018174709752202034,0.040941253304481506,0.025404321029782295,-0.011450855061411858,-0.060011349618434906,-0.001505672582425177,0.008643961511552334,0.047943927347660065,-0.07184863835573196,0.03850498050451279,-0.010399398393929005,-0.04685857519507408,-0.0030982750467956066,-0.003957764711230993,-0.03217855468392372,-0.010178210213780403,-0.030683735385537148,0.030935950577259064,-0.0195712149143219,-0.007840875536203384,0.011702712625265121,-0.01490542758256197,-0.0305474903434515,-0.02957654371857643,0.043287958949804306,-0.0024318830110132694,0.013163290917873383,0.00024576863506808877,-0.08802135288715363,-0.03021358698606491,-0.005202246829867363,0.047077834606170654,0.039521537721157074,-0.0243028923869133,0.0013107862323522568,-0.04321270436048508,-0.040658723562955856,-0.01954653300344944,-0.019854431971907616,-0.03987067937850952,0.03856002911925316,0.016479741781949997,-0.016312403604388237,0.001862380770035088,-0.010822420008480549,-0.00667188223451376,0.018099000677466393,0.01354142278432846,-0.01581428200006485,-0.05380323901772499,0.0290131364017725,0.022214218974113464,-0.022005422040820122,0.01882721669971943,0.025708114728331566,-0.022531161084771156,0.025854382663965225,0.011861929669976234,-0.02709834836423397,0.02640203759074211,0.0004327462229412049,0.012780285440385342,-0.040044113993644714,0.03386608883738518,0.009729916229844093,0.022028964012861252,-0.0013053900329396129,-0.029727734625339508,-0.004445233382284641,0.03940148651599884,-0.004427002742886543,-0.035228755325078964,0.015189697965979576,0.0074462550692260265,0.05851450562477112,0.05278659984469414,0.005780399311333895,-0.0008308569667860866,-0.00993367750197649,-0.026722902432084084,-0.03005513921380043,0.006944672204554081,0.020669424906373024,0.03797566145658493,-0.0011813350720331073,0.04199671000242233,-0.03437551483511925,-0.05672788992524147,-0.019358813762664795,-0.011219839565455914,-2.023890192504041e-05,-0.04027753695845604,0.01042321976274252,-0.02388051152229309,-0.017095346003770828,-0.02410130947828293,-0.004286611918359995,0.017531994730234146,0.02751683071255684,0.01476177666336298,0.028642984107136726,0.003770708804950118,-0.020689817145466805,-0.0026601646095514297,-0.02956486865878105,0.012112908996641636,0.0039004883728921413,0.010695558041334152,0.0019663036800920963,-0.05078805983066559,-0.032724786549806595,-0.023840120062232018,0.011323260143399239,-0.01655539497733116,0.014985601417720318,-0.0010581081733107567,-0.02223200723528862,-0.004217843059450388,-0.0037891161628067493,0.05586237087845802,-0.05278158560395241,0.035553425550460815,0.023352842777967453,-0.018323395401239395,0.012247712351381779,-0.07372449338436127,-0.0033231149427592754,0.017261583358049393,0.014178200624883175,0.04761294275522232,0.06465055048465729,0.01164255291223526,0.007943346165120602,0.024832751601934433,0.013915367424488068,-0.01858348585665226,-0.005022157449275255,0.023866182193160057,-0.030355622991919518,-0.00513612013310194,-0.003885045647621155,0.0017285041976720095,0.008140494115650654,-0.048530224710702896,0.03264690190553665,-0.02887655608355999,-0.009470975957810879,0.07870924472808838,-0.026204610243439674,-0.007764389738440514,0.03388379514217377,-0.005453890189528465,0.012739893980324268,-0.006407376378774643,-0.03079165332019329,-0.007653953041881323,0.04464422166347504,-0.015467793680727482,0.022906698286533356,-0.0026598565746098757,-0.028230180963873863,0.01169763132929802,-0.014518075622618198,0.006990630179643631,0.022244762629270554,-0.01799212023615837,-0.004452401306480169,0.0007009957334958017,0.023188062012195587,-0.0015250659780576825,0.010733145289123058,-0.004656773991882801,-0.002782210009172559,-0.023428915068507195,0.013051535002887249,0.0029350384138524532,-0.010002580471336842,0.022509321570396423,0.012794493697583675,0.019351402297616005,0.008507697843015194,-0.030320918187499046,-0.008921715430915356,-0.04496511444449425,-0.006690290290862322,0.030774882063269615,0.00630432553589344,0.02499002031981945,0.03827432170510292,-0.018929660320281982,-0.06843201071023941,0.004079503007233143"
https://help.ptsecurity.com/ru-RU/projects/mp10/27.4/help/2189382283,https://help.ptsecurity.com/ru-RU/projects/mp10/27.4/help/2189382283,Алгоритм работы MaxPatrol 10 и схема взаимодействия компонентов · MaxPatrol 10 · Справочный портал,"О MaxPatrol 10
Ал­го­ритм ра­бо­ты MaxPatrol 10 и схе­ма вза­и­мо­дей­ствия ком­по­нен­тов
Ал­го­ритм ра­бо­ты MaxPatrol 10:
Кол­лек­то­ры со­би­ра­ют дан­ные об IT-ин­фра­струк­ту­ре пред­при­я­тия:
— мо­ду­ли ком­по­нен­та MP 10 Collector ска­ни­ру­ют IT-ин­фра­струк­ту­ру, со­би­ра­ют све­де­ния о се­те­вых уз­лах и со­бы­тия с ис­точ­ни­ков;
— ком­по­нент MP NAD Sensor со­би­ра­ет све­де­ния о се­те­вых со­еди­не­ни­ях.
Со­бран­ные дан­ные кол­лек­то­ры пе­ре­да­ют в MP SIEM Server и MP 10 Core. Пе­ре­дан­ные со­бы­тия ис­поль­зу­ют­ся в MP SIEM Server для нор­ма­ли­за­ции, аг­ре­га­ции, обо­га­ще­ния и кор­ре­ля­ции.
Ком­по­нент MP 10 Core об­ра­ба­ты­ва­ет и хра­нит ре­зуль­та­ты ска­ни­ро­ва­ния с по­дроб­ной ин­фор­ма­ци­ей об об­на­ру­жен­ных ОС, ПО, служ­бах, пор­тах и про­чи­ми све­де­ни­я­ми об уз­лах и свя­зях меж­ду ними. Та­к­же ком­по­нент хра­нит па­ра­мет­ры за­дач на сбор дан­ных, про­фи­лей ска­ни­ро­ва­ния и транс­пор­тов, дан­ные и сце­на­рии спра­воч­ни­ков и осу­ществ­ля­ет кон­троль до­сту­па к этим дан­ным, свя­зы­ва­ясь с осталь­ны­ми ком­по­нен­та­ми си­сте­мы для вы­пол­не­ния поль­зо­ва­тель­ских за­про­сов.
Ком­по­нент MP SIEM Server об­ра­ба­ты­ва­ет вхо­дя­щий по­ток со­бы­тий, при­во­дит их к еди­но­му фор­ма­ту в со­от­вет­ствии с пра­ви­ла­ми нор­ма­ли­за­ции и группи­ру­ет их со­глас­но пра­ви­лам аг­ре­га­ции. Он та­к­же свя­зы­ва­ет со­бы­тия с ак­ти­ва­ми и, при необ­хо­ди­мо­сти, со­зда­ет но­вые ак­ти­вы на ос­но­ве со­бы­тий. За­тем до­пол­ня­ет дан­ные о со­бы­ти­ях, ис­поль­зуя пра­ви­ла обо­га­ще­ния или таб­лич­ные спис­ки, и ана­ли­зи­ру­ет по­ток нор­ма­ли­зо­ван­ных со­бы­тий по пра­ви­лам кор­ре­ля­ции для вы­яв­ле­ния и ре­ги­стра­ции со­бы­тий ин­фор­ма­ци­он­ной без­опас­но­сти. MP SIEM Server пе­ре­да­ет ком­по­нен­ту MP SIEM Events Storage по­сту­пив­шие со­бы­тия в ис­ход­ном (необ­ра­бо­тан­ном) и в нор­ма­ли­зо­ван­ном виде для хра­не­ния.
Нор­ма­ли­за­ция со­бы­тий мо­жет вы­пол­нять­ся на сер­ве­ре MP 10 Collector. Для это­го необ­хо­ди­мо уста­но­вить на сер­вер MP 10 Collector об­лег­чен­ную вер­сию MP SIEM Server — «SIEM на кол­лек­то­ре». Со­бы­тия, нор­ма­ли­зо­ван­ные на та­ком сер­ве­ре MP 10 Collector, пе­ре­да­ют­ся для аг­ре­га­ции, обо­га­ще­ния и кор­ре­ля­ции на ос­нов­ной MP SIEM Server.
Ком­по­нент Knowledge Base со­дер­жит базу зна­ний, необ­хо­ди­мых MaxPatrol 10 для струк­ту­ри­ро­ва­ния све­де­ний, со­бран­ных от ис­точ­ни­ков со­бы­тий и объ­ек­тов ин­фра­струк­ту­ры.
Ком­по­нент PT MC обес­пе­чи­ва­ет до­ступ к си­сте­ме че­рез сер­вис еди­но­го вхо­да и жур­на­ли­ру­ет дей­ствия поль­зо­ва­те­лей.
Для управ­ле­ния си­сте­мой, про­смот­ра дан­ных, по­стро­е­ния от­че­тов и мо­ни­то­рин­га поль­зо­ва­тель под­клю­ча­ет­ся к ком­по­нен­ту MP 10 Core че­рез веб-ин­тер­фейс в со­от­вет­ствии с пра­ва­ми, ко­то­рые на­зна­че­ны в PT MC.
Ком­по­нент PT Feeds до­став­ля­ет дан­ные об угро­зах ин­фор­ма­ци­он­ной без­опас­но­сти и ин­ди­ка­то­рах ком­про­ме­та­ции.
Ком­по­нент PT RC обес­пе­чи­ва­ет воз­мож­ность ре­тро­спек­тив­ной про­вер­ки по­лу­чен­ных ра­нее со­бы­тий, ис­поль­зуя но­вые пра­ви­ла кор­ре­ля­ции и дан­ные из таб­лич­ных спис­ков.
Ком­по­нент PT UCS обес­пе­чи­ва­ет об­нов­ле­ние мо­ду­ля Pentest для кол­лек­то­ров и дан­ных для ком­по­нен­та PT Feeds, а та­к­же за­гру­жа­ет дис­три­бу­ти­вы с но­вы­ми вер­си­я­ми ком­по­нен­тов.
Ком­по­нент BAD обес­пе­чи­ва­ет об­на­ру­же­ние ано­маль­но­го по­ве­де­ния поль­зо­ва­те­лей или сущ­но­стей в IT-ин­фра­струк­ту­ре ор­га­ни­за­ции и оцен­ку сте­пе­ни рис­ка со­бы­тий с по­мо­щью мо­де­лей ма­шин­но­го обу­че­ния.
Ло­каль­ный сер­вер об­нов­ле­ний обес­пе­чи­ва­ет за­груз­ку и пе­ре­да­чу об­нов­ле­ний с гло­баль­но­го сер­ве­ра об­нов­ле­ний Positive Technologies при от­сут­ствии пря­мо­го до­сту­па к ин­тер­не­ту.
Ло­каль­ные аген­ты OTEL со­би­ра­ют све­де­ния со всех ком­по­нен­тов си­сте­мы и от­прав­ля­ют дан­ные в кол­лек­тор OTEL. Кол­лек­тор со­би­ра­ет дан­ные и за­пи­сы­ва­ет их в хра­ни­ли­ще. По­лу­чен­ные мет­ри­ки на­прав­ля­ют­ся в сер­вис VictoriaMetrics, ко­то­рый яв­ля­ет­ся ча­стью роли Observability в при­ло­же­нии PT MC.
80
443
4505
4506
9035
443
443
3334
8013
443
3334
5671
5672
8721
443
443
3334
8091
8190
5671
8013
8123
9000
9009
9200
9300
Knowledge
Base
PT MC
MP 10 Collector
MP SIEM Events
Storage
MP SIEM Server
MP 10 Core
PT Feeds
PT UCS
443
2080
2443
PT RC
5671
8013
443
3334
5671
8091
4505
4506
9035
8553
8743
Ло­каль­ный
сер­вер
об­нов­ле­ний
443
8003
8004
8521
5671
5672
BAD
8013
Уве­дом­ле­ния
во внеш­ние
си­сте­мы
8123
9200
3334
5671
8091
8521
MaxPatrol EDR
MP NAD Sensor
Вза­и­мо­дей­ствие ком­по­нен­тов MaxPatrol 10
Для по­лу­че­ния об­нов­ле­ний меж­се­те­вой экран сер­ве­ра ком­по­нен­та PT UCS не дол­жен бло­ки­ро­вать ад­ре­са гло­баль­ных сер­ве­ров об­нов­ле­ний Positive Technologies — update.ptsecurity.ru и update.ptsecurity.com. Для обес­пе­че­ния се­те­во­го вза­и­мо­дей­ствия ком­по­нен­тов MaxPatrol 10 долж­ны быть до­ступ­ны для вхо­дя­щих со­еди­не­ний пе­ре­чис­лен­ные ниже пор­ты.
Ком­по­нен­ты и пор­ты вза­и­мо­дей­ствия
Ис­точ­ник
По­лу­ча­тель
TCP-порт
Ра­бо­чая стан­ция поль­зо­ва­те­ля, ПО для за­груз­ки дан­ных уве­дом­ле­ний
MP 10 Core
443
MP SIEM Server
MP 10 Core
443, 3334, 5671, 5672, 8721
PT UCS
MP 10 Core
443, 3334
PT RC
MP 10 Core
443, 5671
MaxPatrol EDR
MP 10 Core
5671, 8521
MaxPatrol EDR
PT MC
3334
MaxPatrol EDR
Knowledge Base
8091
BAD
MP 10 Core
8521
Ра­бо­чая стан­ция поль­зо­ва­те­ля
Knowledge Base
8091, 8190
PT RC
Knowledge Base
8091
Ра­бо­чая стан­ция поль­зо­ва­те­ля, ком­по­нент PT RC
PT MC
3334
MP 10 Core
MP SIEM Server
8013
MP 10 Collector, MP NAD Sensor
MP SIEM Server
5671, 8013
Knowledge Base, BAD
MP SIEM Server
8013
PT RC
MP SIEM Server
8013, 5671
MP 10 Core
MP SIEM Events Storage
8123
,
9200
MP SIEM Server
MP SIEM Events Storage
8123
, 9000, 9009,
9200
, 9300
Ра­бо­чая стан­ция поль­зо­ва­те­ля
MP NAD Sensor
80, 443
MP 10 Core, MP SIEM Server, MP SIEM Events Storage, MP 10 Collector
PT UCS
4505, 4506, 9035
PT UCS, ло­каль­ный сер­вер об­нов­ле­ний
Гло­баль­ный сер­вер об­нов­ле­ний
443
MP 10 Core
PT Feeds
2080, 2443
PT Feeds
Ре­пу­та­ци­он­ный сер­вис, предо­став­ля­ю­щий дан­ные об угро­зах ИБ и ин­ди­ка­то­рах ком­про­ме­та­ции
443
MP 10 Core
BAD
8003
MP SIEM Server
BAD
5671, 5672
PT MC
Ло­каль­ный сер­вер об­нов­ле­ний
8553, 8743
Ло­каль­ные аген­ты OTEL
Кол­лек­тор OTEL
4318
На сер­ве­ре, на ко­то­рый необ­хо­ди­мо уста­но­вить роль Deployer, пор­ты 4505/TCP, 4506/TCP, 5000/TCP долж­ны быть до­ступ­ны для вхо­дя­щих со­еди­не­ний.
Для сред­не­на­гру­жен­ных и вы­со­ко­на­гру­жен­ных си­стем на сер­ве­рах, на ко­то­рые уста­нав­ли­ва­ют­ся ком­по­нен­ты MP SIEM Server, MP SIEM Events Storage, MP 10 Core, MP 10 Collector, PT RC, порт 22/TCP дол­жен быть от­крыт для вхо­дя­щих со­еди­не­ний.
Для ис­хо­дя­щих со­еди­не­ний не тре­бу­ет­ся со­зда­вать пра­ви­ла меж­се­те­во­го экра­на. Для уда­лен­но­го до­сту­па к сер­ве­рам ком­по­нен­тов ре­ко­мен­ду­ет­ся раз­ре­шить со­еди­не­ния от ра­бо­чих стан­ций ад­ми­ни­стра­то­ра че­рез порт 3389/TCP к сер­ве­рам на Microsoft Windows, че­рез порт 22/TCP — к сер­ве­рам на Linux.
Для воз­мож­но­сти ре­пли­ка­ции со­бы­тий необ­хо­ди­мо обес­пе­чить се­те­вое вза­и­мо­дей­ствие че­рез TCP-пор­ты 5671 и 5672 меж­ду сер­ве­ра­ми MP 10 Core свя­зы­ва­е­мых при­ло­же­ний, а та­к­же меж­ду сер­ве­ра­ми MP SIEM Server свя­зы­ва­е­мых при­ло­же­ний.
По умол­ча­нию ло­каль­ный сер­вер об­нов­ле­ний ис­поль­зу­ет для под­клю­че­ния по про­то­ко­лам HTTP и HTTPS пор­ты 8553 и 8743 со­от­вет­ствен­но. Вы мо­же­те из­ме­нить эти зна­че­ния в па­ра­мет­рах сер­ви­са по­лу­че­ния об­нов­ле­ний.
Архитектура MaxPatrol 10
Что нового в версии 27.4",5,рабочая станция пользователя загрузки данных уведомлений mp10 core 443 mpsiemserver mp10 core 443 3334 5671 5672 8721 ptucs mp10 core 443 3334 ptrc mp10 core 443 5671 maxpatroledr mp10 core 5671 8521 maxpatroledr ptmc 3334 maxpatroledr knowledgebase 8091 bad mp10 core 8521 рабочая станция пользователя knowledgebase 8091 8190 ptrc knowledgebase 8091 рабочая станция пользователя компонент ptrc ptmc 3334 mp10 core mpsiemserver 8013 mp 10 collector mpnad sensor mpsiemserver 5671 8013 knowledgebase bad mpsiemserver 8013 ptrc mpsiemserver 8013 5671 mp10 core mpsiemevents storage 8123 9200 mpsiemserver mpsiemevents storage 8123 9000 9009 9200 9300 рабочая станция пользователя mpnad sensor 80 443 mp10 core mpsiemserver mpsiemevents storage mp 10 collector ptucs 4505 4506 9035 ptucs локальный сервер обновлений глобальный сервер обновлений 443 mp10 core pt feeds 2080 2443 pt feeds репутационный сервис предоставляющий данные угрозах иб индикаторах компрометации 443 mp10 core bad 8003,"-0.03618552163243294,-0.027036674320697784,-0.0670575276017189,-0.0047017652541399,-0.026766929775476456,-0.06267144531011581,0.01975080743432045,-0.03095366433262825,-0.014011581428349018,-0.0027134891133755445,-0.01682370714843273,-0.0121134789660573,0.001212341827340424,-0.011581920087337494,0.042141471058130264,-0.01155488658696413,-0.023758800700306892,-0.01599523238837719,-0.002612524665892124,-0.020854180678725243,0.011553864926099777,-0.007800708990544081,-0.02337697707116604,0.05066300183534622,-0.015916548669338226,0.010967699810862541,0.012522394768893719,0.0029518241062760353,0.033697664737701416,0.03944738581776619,0.003361977869644761,-0.03385758027434349,0.07169043272733688,0.00914375577121973,-0.03538764268159866,-0.02790059894323349,0.003922502044588327,0.010877972468733788,-0.058003004640340805,-0.03772395849227905,-0.013897941447794437,0.00166894041467458,0.026784846559166908,-0.03965722769498825,0.003734419122338295,-0.03290325403213501,0.02367749810218811,-0.03775696083903313,-0.013811217620968819,-0.04261814430356026,-0.011870761401951313,-0.010971836745738983,0.03383292630314827,-0.03213706985116005,0.006389964371919632,0.0222417451441288,-0.010237311013042927,-0.0003775484801735729,-0.055835332721471786,0.034474749118089676,-0.0319044329226017,-0.0032339340541511774,-0.0495266430079937,-0.02197747305035591,0.01831337809562683,0.059383802115917206,-0.015040545724332333,0.006847824901342392,-0.0024333440233021975,-0.025353800505399704,-0.006791909225285053,0.029201960191130638,-0.012369487434625626,-0.010262303054332733,-0.049490753561258316,0.02170695550739765,0.04359310865402222,-0.02219444140791893,-0.033980704843997955,-0.00540148327127099,-0.004047892056405544,0.010632975958287716,-0.004275104962289333,-0.010160746984183788,0.0011760699562728405,-0.0011183804599568248,-0.014895323663949966,0.010824920609593391,0.005218495614826679,-0.02506968379020691,-0.004470920655876398,-0.0208037830889225,0.03777257725596428,-0.03813866525888443,-0.05005934089422226,-0.02181350812315941,0.02736937813460827,0.016142619773745537,0.049255307763814926,0.02843017689883709,0.03734757751226425,-0.008198042400181293,-0.0134845906868577,-0.008120751939713955,0.039566393941640854,-0.01392576564103365,0.04756072536110878,0.001238905475474894,-0.0427260622382164,-0.001461485051549971,-0.033459801226854324,0.021728744730353355,0.011198170483112335,0.014022385701537132,0.02093583345413208,-0.015975503250956535,-0.0021240422502160072,-0.02322651818394661,0.031128279864788055,-0.04353431984782219,0.028883446007966995,0.016867412254214287,0.03412526100873947,-0.02434002049267292,-0.01702745445072651,-0.008731425739824772,-0.012934359721839428,0.00619284575805068,0.029533058404922485,0.01984589919447899,0.004424014128744602,0.04031302034854889,0.006070341914892197,-0.007617813069373369,-0.043100494891405106,-0.003615671768784523,-0.010147720575332642,0.02741367742419243,-0.013205253519117832,-0.03937013819813728,0.025995871052145958,0.06617537885904312,-0.007642590906471014,-0.0013682324206456542,0.003908163867890835,-0.04469331353902817,0.025488337501883507,0.034987207502126694,-0.011633140966296196,-0.004320866893976927,-0.005918734706938267,0.0029971578624099493,0.005427134223282337,0.025042245164513588,-0.045507654547691345,0.0013346540508791804,-0.01742704212665558,-0.019741734489798546,0.023308999836444855,-0.015856396406888962,-0.03192606568336487,-0.011235778219997883,0.03420313075184822,0.05915020406246185,0.019669940695166588,-0.046545084565877914,0.03249310702085495,-0.00488494336605072,-0.028303826227784157,-0.03060656413435936,0.027134442701935768,-0.03411945328116417,0.015184983611106873,0.002110773231834173,0.002713143825531006,-0.00027134831179864705,0.04813713580369949,0.030907077714800835,0.011403467506170273,-0.025740819051861763,-0.023346057161688805,0.017703868448734283,-0.028975166380405426,0.010619926266372204,-0.029449163004755974,-0.015478870831429958,-0.0007048774277791381,-0.02347540482878685,-0.0009830849012359977,0.03652654588222504,-0.022651663050055504,-0.03252490609884262,0.0075759608298540115,0.008918622508645058,0.01438107993453741,0.025244345888495445,0.019888851791620255,-0.001900224364362657,-0.021689990535378456,0.009464627131819725,-0.034811846911907196,0.004580974113196135,-0.0008211532258428633,-0.00638167466968298,-0.013515667989850044,0.008916321210563183,0.02722671441733837,-0.03795764967799187,-0.010792205110192299,-0.09055399149656296,-0.0066728051751852036,0.006405522581189871,0.00035165296867489815,0.06928978860378265,-0.015013269148766994,-0.011876417323946953,0.007291310001164675,-0.02153397724032402,0.003985823132097721,-0.013845219276845455,-0.06715879589319229,0.03559606149792671,-0.020320143550634384,0.010878396220505238,0.001639984198845923,-0.02517486922442913,0.0131668820977211,0.052308790385723114,0.01668873243033886,-0.02862035110592842,-0.0051836795173585415,0.012708191759884357,0.022400211542844772,-0.030985170975327492,0.04582766070961952,-0.015391587279736996,-0.03861617669463158,-0.0025278059765696526,0.012902465648949146,0.03085351549088955,-0.03135351091623306,-0.05952562764286995,-0.025981595739722252,-0.024104580283164978,-0.038858845829963684,0.008961902931332588,0.03997381404042244,0.022098887711763382,0.008021602407097816,0.007191960234194994,0.01075474638491869,-0.012879014015197754,-0.018796952441334724,-0.017408760264515877,0.022112790495157242,0.03704000264406204,0.06220397725701332,0.005158555693924427,0.0467340387403965,0.04149135947227478,-0.00022518726473208517,0.07473070919513702,0.012471095658838749,0.01672562211751938,0.01319950819015503,0.015235623344779015,0.029004661366343498,-0.045131754130125046,0.01300898939371109,-0.0050920662470161915,-0.013065837323665619,-0.03877672553062439,0.060610558837652206,-0.031678203493356705,-0.03535130247473717,0.013186458498239517,-0.03170233592391014,0.0030892903450876474,0.060289327055215836,0.010138047859072685,0.009515543468296528,0.04905500262975693,0.020544230937957764,0.02579505182802677,0.022422464564442635,0.019758110865950584,-0.02576429955661297,-0.011656304821372032,0.012507048435509205,-0.004866103641688824,-0.061196450144052505,0.0468004085123539,0.08242572098970413,-0.037778206169605255,0.0013668613974004984,0.03655673563480377,-0.006399424280971289,-0.15620505809783936,-0.0055715166963636875,-0.0028231239411979914,0.05877993255853653,0.013790774159133434,-0.004047637339681387,-0.06852135062217712,0.04785328358411789,-0.043894749134778976,0.02467692270874977,-0.01909884624183178,-0.0576050691306591,-0.036830224096775055,-0.039132263511419296,-0.0339069738984108,0.011618278920650482,-0.012898009270429611,0.003302616998553276,0.025189384818077087,-0.02666197158396244,-0.0047525446861982346,0.006359569262713194,0.0165268424898386,0.016217028722167015,-0.06846022605895996,-0.023444615304470062,0.08443427085876465,0.0038656415417790413,-0.019613640382885933,0.018659237772226334,-0.03177133575081825,-0.0021950325462967157,-0.013890244998037815,0.02374139614403248,0.013538513332605362,-0.04479147493839264,0.009543229825794697,-0.057031020522117615,0.011954969726502895,-0.032139550894498825,0.008006317541003227,0.07677189260721207,0.01943856291472912,0.024816399440169334,0.036437854170799255,-0.041397590190172195,0.0028429145459085703,-0.011772179044783115,-0.021109430119395256,-0.026359280571341515,-0.019813310354948044,-0.010244300588965416,0.015021558851003647,-0.04038316383957863,-0.03218744322657585,-0.022096142172813416,-0.004640079103410244,0.014248805120587349,0.009041687473654747,-0.0454176589846611,-0.0038573388010263443,-0.0051444764249026775,-0.005429550539702177,-0.0008615804836153984,-0.017189238220453262,-0.008728457614779472,0.060718368738889694,-0.02551567554473877,-0.023966368287801743,-0.03912697359919548,0.00567329628393054,0.013118930160999298,0.0231779757887125,0.004863891284912825,0.012175466865301132,0.015753675252199173,-0.03467334434390068,0.009481198154389858,-0.018570298328995705,-0.12480952590703964,-0.03189926967024803,0.01525306049734354,0.007387558463960886,-0.0011192118981853127,-0.03125516325235367,-0.018471144139766693,-0.0006487936479970813,0.0195113904774189,0.03721746802330017,0.2567582428455353,-0.02959950640797615,-0.053514763712882996,-0.005751620978116989,-0.025505932047963142,-0.054328553378582,-0.046037863940000534,0.01065945066511631,0.019750015810132027,-0.022368669509887695,0.0006271867314353585,0.021982137113809586,0.011325962841510773,0.009221001528203487,-0.013212318532168865,-0.002036736346781254,-0.06205860525369644,-0.014888646081089973,0.06884630024433136,-0.007559121586382389,0.041319724172353745,-0.023684857413172722,-0.01060767937451601,-0.015391554683446884,-0.059621188789606094,-0.0071670119650661945,-0.005904005840420723,0.060639698058366776,-0.0346091203391552,0.05967565253376961,-0.03812394663691521,0.025329384952783585,0.03240235522389412,0.035089924931526184,-0.06667642295360565,0.03014836087822914,0.014907375909388065,0.008640398271381855,0.006033696234226227,-0.006927473936229944,-0.009297342039644718,-0.0437813326716423,0.019099663943052292,0.007849466055631638,-0.020666103810071945,-0.0391223318874836,0.004968838766217232,-0.02568146586418152,-0.03684883937239647,-0.0258833859115839,-0.041642796248197556,-0.05400511622428894,-0.014357750304043293,-0.006954774260520935,-0.027624692767858505,-0.002668417524546385,-0.028479954227805138,-0.0399264357984066,0.02155933901667595,0.05630555748939514,0.02999388799071312,0.0009189189877361059,-0.06419729441404343,0.06407825648784637,-0.034808408468961716,0.02819886803627014,0.007223163265734911,-0.02976330928504467,-0.00039757404010742903,0.0038950282614678144,0.012572620995342731,0.021076440811157227,0.037106335163116455,0.011027802713215351,0.026522887870669365,-0.03293388709425926,0.03522726148366928,0.047607023268938065,-0.05959334224462509,0.038518209010362625,-0.049799032509326935,0.0005300570046529174,-0.019073687493801117,0.032702136784791946,0.0066774021834135056,0.004301091190427542,0.01512728352099657,0.002377666998654604,-0.022746995091438293,0.0005868430016562343,0.004994555376470089,-0.006717669777572155,-0.007762781344354153,0.012038713321089745,0.04101775959134102,0.02540229819715023,0.05176560953259468,-0.011386970058083534,-0.0012950989184901118,-0.00036338469362817705,0.003421215107664466,0.005425435956567526,-0.06336522102355957,0.01326077152043581,-0.003039594739675522,0.010724597610533237,-0.08130838721990585,0.02160746231675148,-0.014930165372788906,-0.007492019794881344,-0.06190277636051178,0.033468104898929596,0.0076829842291772366,-0.037248678505420685,0.0009153510327450931,0.028404785320162773,0.019649667665362358,0.038637686520814896,0.020087221637368202,0.0076630632393062115,-0.00858722347766161,0.0033499046694487333,0.00967573281377554,0.024749601259827614,0.03182760998606682,0.0028302008286118507,-0.05868755280971527,0.014673737809062004,-0.007195613346993923,0.06962396204471588,0.04588475450873375,-0.02628903277218342,0.013984065502882004,-0.0015897186240181327,0.019110465422272682,-0.048678137362003326,-0.012052717618644238,0.04253999888896942,0.04060856252908707,0.06511441618204117,-0.013397835195064545,-0.02235356904566288,-0.02658034861087799,0.05642196536064148,-0.018498878926038742,-0.0006768485764041543,0.011299424804747105,-0.020845836028456688,-0.06048249080777168,0.036614056676626205,-0.03112809732556343,0.05205334722995758,0.04180973023176193,0.009915892034769058,-0.006240092683583498,-0.006030481308698654,-0.024073276668787003,-0.022684503346681595,0.0019520275527611375,-0.002140378812327981,-0.01361833792179823,0.03630593419075012,0.040139149874448776,0.04910045862197876,0.03177923709154129,-0.025020863860845566,-0.03948540985584259,-0.06588883697986603,0.015601752325892448,-0.020365675911307335,0.002751890802755952,-0.009121823124587536,-0.050452910363674164,0.06452073156833649,0.005115572828799486,0.023160776123404503,-0.03224403038620949,-0.031101731583476067,-0.026097524911165237,-0.03325128182768822,0.025954153388738632,-0.007084852550178766,-0.03495253995060921,-0.04214855656027794,0.031399574130773544,0.030323820188641548,-0.02496279962360859,-0.004664808977395296,0.041913244873285294,-0.012159612029790878,-0.0622861348092556,0.08186055719852448,0.0013001951156184077,-0.009459204971790314,0.04085139185190201,0.011626952327787876,0.011883203871548176,0.0335414819419384,0.032138701528310776,-0.018034832552075386,0.028165141120553017,-0.006482415366917849,0.02783273160457611,-0.01062521617859602,-0.002138822805136442,-0.00912526249885559,-0.012639089487493038,-0.014172769151628017,0.021957699209451675,0.017607517540454865,-0.009512500837445259,0.021358000114560127,-0.00886778999119997,0.004839178640395403,0.0033842106349766254,-0.007868456654250622,0.03907947614789009,0.08566970378160477,-0.0009949334198608994,-0.006189234089106321,-0.0050637261010706425,0.023250721395015717,0.06923287361860275,-0.041705142706632614,0.010404645465314388,0.0031880117021501064,-0.020004456862807274,-0.049608904868364334,0.019935982301831245,0.00045746215619146824,-0.004399216268211603,-0.01575445383787155,0.047628648579120636,-0.013242397457361221,0.00016805225459393114,-0.001825829385779798,-0.006913580931723118,0.023320307955145836,0.035809554159641266,0.017708782106637955,-0.0324828065931797,0.005228218622505665,-0.014957125298678875,0.04674612358212471,0.012606173753738403,0.038564521819353104,-0.021805817261338234,-0.04010646417737007,0.017836838960647583,-0.007821014150977135,-0.008651286363601685,-0.030627654865384102,0.019046498462557793,-0.02287638746201992,5.3524727263720706e-05,0.025361057370901108,-0.04679155349731445,0.018111886456608772,-0.02309897541999817,-0.017384249716997147,-0.020443685352802277,0.02947375364601612,0.004405478946864605,0.010137423872947693,-0.002920746337622404,-0.00029950551106594503,-0.009957755915820599,0.0021461634896695614,-0.029796725139021873,-0.03296198323369026,-0.008849461562931538,-0.004835702013224363,-0.015984302386641502,0.04329986497759819,0.0544963963329792,-0.013652556575834751,0.018678026273846626,0.028672901913523674,0.006950287148356438,0.009783761575818062,-0.06821034103631973,0.0018087580101564527,0.016355600208044052,0.05053127184510231,-0.007255799137055874,0.02545059099793434,0.024007786065340042,-0.030246319249272346,0.0037930510006844997,-0.030448442324995995,0.03260418772697449,0.019071372225880623,-0.0026459081564098597,0.007820297963917255,-0.02838691510260105,0.011179894208908081,6.178455078043044e-05,0.029869964346289635,-0.007928079925477505,0.02187778800725937,-0.04605262726545334,0.015310719609260559,0.005783695261925459,-0.009513565339148045,-0.027563005685806274,0.033473819494247437,0.007331162691116333,0.005035271868109703,-0.0014707169029861689,0.04856012016534805,0.0068001048639416695,-0.08411148190498352,0.03943187743425369,-0.012172498740255833,-0.004570319317281246,-0.005462293513119221,0.03763870522379875,-0.04314626008272171,0.012903667986392975,-0.0315699465572834,-0.000616919482126832,0.0124503243714571,-0.02737453766167164,0.040251415222883224,-0.005300507415086031,0.0009284112602472305,-0.05626458302140236,0.02429608255624771,-0.020804252475500107,-0.009547973051667213,-0.024038860574364662,-0.03503910079598427,-0.03107127733528614,-0.020264174789190292,0.007582090795040131,0.026819027960300446,0.033104151487350464,-0.02254446968436241,0.04455738514661789,0.037300579249858856,-0.03078984096646309,-0.03687898442149162,0.024586455896496773,-0.009959367103874683,-0.012106264010071754,-0.01875261217355728,0.010599005967378616,-0.0007707740878686309,-0.005775162018835545,0.005994947161525488,0.02626712992787361,0.04069135710597038,-0.043130096048116684,-0.07855534553527832,0.018816929310560226,0.0032997450325638056,-0.01888497918844223,0.010542094707489014,-0.017368996515870094,0.025585457682609558,-0.016607467085123062,0.06689205765724182,-0.002130447421222925,0.03124549798667431,0.00856886338442564,0.0015840170672163367,0.015822848305106163,0.007661775220185518,0.03233629837632179,-0.02615739218890667,-0.02300325408577919,-0.0015359437093138695,0.004565009381622076,0.061726417392492294,-0.04078209772706032,0.037293773144483566,0.00901444535702467,0.011192345060408115,0.05660052224993706,-0.016755834221839905,-0.046985041350126266,0.017933066934347153,-0.05426321178674698,-0.024063818156719208,-0.014387219212949276,0.015076662413775921,-0.035294994711875916,0.02181253768503666,0.014646426774561405,0.05862634629011154,-0.0024620157200843096,-0.019853908568620682,-0.007387429475784302,0.0004913398297503591,-0.12590289115905762,-0.010362062603235245,0.027504073455929756,-0.02701309137046337,-0.03308403491973877,-0.04389311745762825,-0.004574814345687628,-0.018925150856375694,-0.027824781835079193,-0.027775121852755547,-0.007104768417775631,-0.04579098895192146,0.08807667344808578,-0.02548190951347351,0.04540693014860153,0.0008360674255527556,0.005904426332563162,-0.020518604665994644,0.008213368244469166,0.008158032782375813,0.01829357258975506,0.03322581946849823,-0.003349696286022663,0.027443064376711845,0.044605471193790436,-0.02887631393969059,0.025649113580584526,-0.030585233122110367,-0.003989932592958212,0.031104156747460365,0.01917244866490364,0.013274235650897026,0.010111825540661812,0.07036182284355164,-0.02380533702671528,-0.02259824238717556,-0.007302960380911827,-0.018592601642012596,-0.040363479405641556,0.01914861612021923,-0.031955115497112274,0.0171734020113945,-0.001749964663758874,-0.011924820952117443,0.004869803786277771,0.042004771530628204,-0.011005422100424767,-0.0046815513633191586,-0.07601962238550186,0.019287895411252975,0.02955150604248047,0.029981961473822594,-0.006734385155141354,0.005595535971224308,0.031318116933107376,-0.03618749976158142,-0.0615951232612133,-0.018902117386460304,-0.007991036400198936,0.03357676416635513,-0.052446067333221436,0.058024950325489044,-0.017307396978139877,-0.034324415028095245,-0.00804123468697071,-0.02259228564798832,-0.027938174083828926,0.009069619700312614,-0.0057730949483811855,0.01865854114294052,-0.024950949475169182,-0.014531181193888187,0.019866641610860825,-0.021652812138199806,-0.03719737380743027,-0.0010818736627697945,0.022680500522255898,-0.019487861543893814,0.010631293058395386,-0.010939531959593296,-0.09335127472877502,-0.02308613434433937,0.012565570883452892,0.022657113149762154,0.04738244786858559,-0.04122260585427284,-0.007458382286131382,-0.028722597286105156,-0.033232852816581726,-0.030033782124519348,-0.034448541700839996,-0.057127099484205246,0.017064783722162247,0.029340699315071106,-0.005452444776892662,0.010397491976618767,-0.009729347191751003,-0.012571620754897594,0.0020167934708297253,0.014727314002811909,-0.00999691616743803,-0.045420851558446884,0.015608134679496288,0.0029698556754738092,-0.005080521572381258,-0.0015959541779011488,-0.011710255406796932,-0.025247713550925255,0.005348696373403072,0.022099018096923828,-0.029935089871287346,0.04714653268456459,-0.009395861998200417,-0.002579687861725688,-0.03894179314374924,0.030002180486917496,0.011510451324284077,0.01244848221540451,-0.026981152594089508,-0.019479798153042793,0.028191126883029938,0.027777208015322685,-0.02442699484527111,-0.027518460527062416,0.011693459935486317,0.015411561354994774,0.02219197526574135,0.036378610879182816,0.035604625940322876,-0.01037604920566082,-0.007841363549232483,-0.026265975087881088,-0.04195549711585045,0.02556810900568962,0.02307368628680706,0.01816212199628353,0.002730006817728281,0.021616648882627487,0.00715266028419137,-0.03522461652755737,-0.0011461519170552492,0.013929384760558605,0.00561079615727067,-0.035205692052841187,0.019260328263044357,-0.02191966213285923,-0.0113074304535985,-0.03571927547454834,0.001488442299887538,-0.017057547345757484,0.044759515672922134,0.016344519332051277,0.01400177925825119,0.00925811380147934,-0.030600057914853096,0.01483684778213501,-0.05567072331905365,0.022061457857489586,0.018456192687153816,0.05698315054178238,0.014397659339010715,-0.0163449477404356,-0.03882356733083725,-0.029950235038995743,-0.026809070259332657,0.03667152300477028,-0.0029837347101420164,0.0028649019077420235,-0.037146154791116714,-0.0038318184670060873,-0.015642788261175156,0.017150094732642174,-0.04313495755195618,0.010969202034175396,0.06162433326244354,-0.023132331669330597,-0.014341979287564754,-0.06131221726536751,0.009934874251484871,0.0038021423388272524,0.01823936589062214,0.0571897029876709,0.0921502634882927,0.00890388898551464,0.017984498292207718,0.01113735418766737,0.011728919111192226,-0.010033275932073593,-0.025760171934962273,0.010682940483093262,-0.0371645987033844,-0.01004792656749487,-0.0030289161950349808,-0.020684532821178436,0.005139636341482401,-0.03527328744530678,0.039614688605070114,0.029929326847195625,-0.0002518225519452244,0.07965809851884842,-0.04561050608754158,-0.010384758934378624,0.034813519567251205,-0.03586748242378235,-5.501081977854483e-05,0.03362511098384857,0.003185591660439968,-0.015797024592757225,0.026206450536847115,0.011716351844370365,0.008595718070864677,0.01590098813176155,-0.023023871704936028,0.02448168769478798,0.0003094988933298737,0.006061575375497341,0.012823577038943768,-0.03677641600370407,-0.016740189865231514,-0.006352523807436228,0.012448768131434917,-0.0071700927801430225,0.032823726534843445,-0.02000346966087818,-0.011867187917232513,0.0020867225248366594,0.044662654399871826,0.0021545663475990295,0.013249792158603668,-0.016950728371739388,0.04138293117284775,0.013316728174686432,0.0034971600398421288,0.011063778772950172,0.004782890900969505,-0.02301238477230072,-0.04882346838712692,0.009887220337986946,-0.01086342055350542,0.04024363309144974,0.053736232221126556,-0.02071036584675312,-0.06486614048480988,-0.0016473246505483985"
https://help.ptsecurity.com/ru-RU/projects/mp10/27.4/help/2189382283,https://help.ptsecurity.com/ru-RU/projects/mp10/27.4/help/2189382283,Алгоритм работы MaxPatrol 10 и схема взаимодействия компонентов · MaxPatrol 10 · Справочный портал,"О MaxPatrol 10
Ал­го­ритм ра­бо­ты MaxPatrol 10 и схе­ма вза­и­мо­дей­ствия ком­по­нен­тов
Ал­го­ритм ра­бо­ты MaxPatrol 10:
Кол­лек­то­ры со­би­ра­ют дан­ные об IT-ин­фра­струк­ту­ре пред­при­я­тия:
— мо­ду­ли ком­по­нен­та MP 10 Collector ска­ни­ру­ют IT-ин­фра­струк­ту­ру, со­би­ра­ют све­де­ния о се­те­вых уз­лах и со­бы­тия с ис­точ­ни­ков;
— ком­по­нент MP NAD Sensor со­би­ра­ет све­де­ния о се­те­вых со­еди­не­ни­ях.
Со­бран­ные дан­ные кол­лек­то­ры пе­ре­да­ют в MP SIEM Server и MP 10 Core. Пе­ре­дан­ные со­бы­тия ис­поль­зу­ют­ся в MP SIEM Server для нор­ма­ли­за­ции, аг­ре­га­ции, обо­га­ще­ния и кор­ре­ля­ции.
Ком­по­нент MP 10 Core об­ра­ба­ты­ва­ет и хра­нит ре­зуль­та­ты ска­ни­ро­ва­ния с по­дроб­ной ин­фор­ма­ци­ей об об­на­ру­жен­ных ОС, ПО, служ­бах, пор­тах и про­чи­ми све­де­ни­я­ми об уз­лах и свя­зях меж­ду ними. Та­к­же ком­по­нент хра­нит па­ра­мет­ры за­дач на сбор дан­ных, про­фи­лей ска­ни­ро­ва­ния и транс­пор­тов, дан­ные и сце­на­рии спра­воч­ни­ков и осу­ществ­ля­ет кон­троль до­сту­па к этим дан­ным, свя­зы­ва­ясь с осталь­ны­ми ком­по­нен­та­ми си­сте­мы для вы­пол­не­ния поль­зо­ва­тель­ских за­про­сов.
Ком­по­нент MP SIEM Server об­ра­ба­ты­ва­ет вхо­дя­щий по­ток со­бы­тий, при­во­дит их к еди­но­му фор­ма­ту в со­от­вет­ствии с пра­ви­ла­ми нор­ма­ли­за­ции и группи­ру­ет их со­глас­но пра­ви­лам аг­ре­га­ции. Он та­к­же свя­зы­ва­ет со­бы­тия с ак­ти­ва­ми и, при необ­хо­ди­мо­сти, со­зда­ет но­вые ак­ти­вы на ос­но­ве со­бы­тий. За­тем до­пол­ня­ет дан­ные о со­бы­ти­ях, ис­поль­зуя пра­ви­ла обо­га­ще­ния или таб­лич­ные спис­ки, и ана­ли­зи­ру­ет по­ток нор­ма­ли­зо­ван­ных со­бы­тий по пра­ви­лам кор­ре­ля­ции для вы­яв­ле­ния и ре­ги­стра­ции со­бы­тий ин­фор­ма­ци­он­ной без­опас­но­сти. MP SIEM Server пе­ре­да­ет ком­по­нен­ту MP SIEM Events Storage по­сту­пив­шие со­бы­тия в ис­ход­ном (необ­ра­бо­тан­ном) и в нор­ма­ли­зо­ван­ном виде для хра­не­ния.
Нор­ма­ли­за­ция со­бы­тий мо­жет вы­пол­нять­ся на сер­ве­ре MP 10 Collector. Для это­го необ­хо­ди­мо уста­но­вить на сер­вер MP 10 Collector об­лег­чен­ную вер­сию MP SIEM Server — «SIEM на кол­лек­то­ре». Со­бы­тия, нор­ма­ли­зо­ван­ные на та­ком сер­ве­ре MP 10 Collector, пе­ре­да­ют­ся для аг­ре­га­ции, обо­га­ще­ния и кор­ре­ля­ции на ос­нов­ной MP SIEM Server.
Ком­по­нент Knowledge Base со­дер­жит базу зна­ний, необ­хо­ди­мых MaxPatrol 10 для струк­ту­ри­ро­ва­ния све­де­ний, со­бран­ных от ис­точ­ни­ков со­бы­тий и объ­ек­тов ин­фра­струк­ту­ры.
Ком­по­нент PT MC обес­пе­чи­ва­ет до­ступ к си­сте­ме че­рез сер­вис еди­но­го вхо­да и жур­на­ли­ру­ет дей­ствия поль­зо­ва­те­лей.
Для управ­ле­ния си­сте­мой, про­смот­ра дан­ных, по­стро­е­ния от­че­тов и мо­ни­то­рин­га поль­зо­ва­тель под­клю­ча­ет­ся к ком­по­нен­ту MP 10 Core че­рез веб-ин­тер­фейс в со­от­вет­ствии с пра­ва­ми, ко­то­рые на­зна­че­ны в PT MC.
Ком­по­нент PT Feeds до­став­ля­ет дан­ные об угро­зах ин­фор­ма­ци­он­ной без­опас­но­сти и ин­ди­ка­то­рах ком­про­ме­та­ции.
Ком­по­нент PT RC обес­пе­чи­ва­ет воз­мож­ность ре­тро­спек­тив­ной про­вер­ки по­лу­чен­ных ра­нее со­бы­тий, ис­поль­зуя но­вые пра­ви­ла кор­ре­ля­ции и дан­ные из таб­лич­ных спис­ков.
Ком­по­нент PT UCS обес­пе­чи­ва­ет об­нов­ле­ние мо­ду­ля Pentest для кол­лек­то­ров и дан­ных для ком­по­нен­та PT Feeds, а та­к­же за­гру­жа­ет дис­три­бу­ти­вы с но­вы­ми вер­си­я­ми ком­по­нен­тов.
Ком­по­нент BAD обес­пе­чи­ва­ет об­на­ру­же­ние ано­маль­но­го по­ве­де­ния поль­зо­ва­те­лей или сущ­но­стей в IT-ин­фра­струк­ту­ре ор­га­ни­за­ции и оцен­ку сте­пе­ни рис­ка со­бы­тий с по­мо­щью мо­де­лей ма­шин­но­го обу­че­ния.
Ло­каль­ный сер­вер об­нов­ле­ний обес­пе­чи­ва­ет за­груз­ку и пе­ре­да­чу об­нов­ле­ний с гло­баль­но­го сер­ве­ра об­нов­ле­ний Positive Technologies при от­сут­ствии пря­мо­го до­сту­па к ин­тер­не­ту.
Ло­каль­ные аген­ты OTEL со­би­ра­ют све­де­ния со всех ком­по­нен­тов си­сте­мы и от­прав­ля­ют дан­ные в кол­лек­тор OTEL. Кол­лек­тор со­би­ра­ет дан­ные и за­пи­сы­ва­ет их в хра­ни­ли­ще. По­лу­чен­ные мет­ри­ки на­прав­ля­ют­ся в сер­вис VictoriaMetrics, ко­то­рый яв­ля­ет­ся ча­стью роли Observability в при­ло­же­нии PT MC.
80
443
4505
4506
9035
443
443
3334
8013
443
3334
5671
5672
8721
443
443
3334
8091
8190
5671
8013
8123
9000
9009
9200
9300
Knowledge
Base
PT MC
MP 10 Collector
MP SIEM Events
Storage
MP SIEM Server
MP 10 Core
PT Feeds
PT UCS
443
2080
2443
PT RC
5671
8013
443
3334
5671
8091
4505
4506
9035
8553
8743
Ло­каль­ный
сер­вер
об­нов­ле­ний
443
8003
8004
8521
5671
5672
BAD
8013
Уве­дом­ле­ния
во внеш­ние
си­сте­мы
8123
9200
3334
5671
8091
8521
MaxPatrol EDR
MP NAD Sensor
Вза­и­мо­дей­ствие ком­по­нен­тов MaxPatrol 10
Для по­лу­че­ния об­нов­ле­ний меж­се­те­вой экран сер­ве­ра ком­по­нен­та PT UCS не дол­жен бло­ки­ро­вать ад­ре­са гло­баль­ных сер­ве­ров об­нов­ле­ний Positive Technologies — update.ptsecurity.ru и update.ptsecurity.com. Для обес­пе­че­ния се­те­во­го вза­и­мо­дей­ствия ком­по­нен­тов MaxPatrol 10 долж­ны быть до­ступ­ны для вхо­дя­щих со­еди­не­ний пе­ре­чис­лен­ные ниже пор­ты.
Ком­по­нен­ты и пор­ты вза­и­мо­дей­ствия
Ис­точ­ник
По­лу­ча­тель
TCP-порт
Ра­бо­чая стан­ция поль­зо­ва­те­ля, ПО для за­груз­ки дан­ных уве­дом­ле­ний
MP 10 Core
443
MP SIEM Server
MP 10 Core
443, 3334, 5671, 5672, 8721
PT UCS
MP 10 Core
443, 3334
PT RC
MP 10 Core
443, 5671
MaxPatrol EDR
MP 10 Core
5671, 8521
MaxPatrol EDR
PT MC
3334
MaxPatrol EDR
Knowledge Base
8091
BAD
MP 10 Core
8521
Ра­бо­чая стан­ция поль­зо­ва­те­ля
Knowledge Base
8091, 8190
PT RC
Knowledge Base
8091
Ра­бо­чая стан­ция поль­зо­ва­те­ля, ком­по­нент PT RC
PT MC
3334
MP 10 Core
MP SIEM Server
8013
MP 10 Collector, MP NAD Sensor
MP SIEM Server
5671, 8013
Knowledge Base, BAD
MP SIEM Server
8013
PT RC
MP SIEM Server
8013, 5671
MP 10 Core
MP SIEM Events Storage
8123
,
9200
MP SIEM Server
MP SIEM Events Storage
8123
, 9000, 9009,
9200
, 9300
Ра­бо­чая стан­ция поль­зо­ва­те­ля
MP NAD Sensor
80, 443
MP 10 Core, MP SIEM Server, MP SIEM Events Storage, MP 10 Collector
PT UCS
4505, 4506, 9035
PT UCS, ло­каль­ный сер­вер об­нов­ле­ний
Гло­баль­ный сер­вер об­нов­ле­ний
443
MP 10 Core
PT Feeds
2080, 2443
PT Feeds
Ре­пу­та­ци­он­ный сер­вис, предо­став­ля­ю­щий дан­ные об угро­зах ИБ и ин­ди­ка­то­рах ком­про­ме­та­ции
443
MP 10 Core
BAD
8003
MP SIEM Server
BAD
5671, 5672
PT MC
Ло­каль­ный сер­вер об­нов­ле­ний
8553, 8743
Ло­каль­ные аген­ты OTEL
Кол­лек­тор OTEL
4318
На сер­ве­ре, на ко­то­рый необ­хо­ди­мо уста­но­вить роль Deployer, пор­ты 4505/TCP, 4506/TCP, 5000/TCP долж­ны быть до­ступ­ны для вхо­дя­щих со­еди­не­ний.
Для сред­не­на­гру­жен­ных и вы­со­ко­на­гру­жен­ных си­стем на сер­ве­рах, на ко­то­рые уста­нав­ли­ва­ют­ся ком­по­нен­ты MP SIEM Server, MP SIEM Events Storage, MP 10 Core, MP 10 Collector, PT RC, порт 22/TCP дол­жен быть от­крыт для вхо­дя­щих со­еди­не­ний.
Для ис­хо­дя­щих со­еди­не­ний не тре­бу­ет­ся со­зда­вать пра­ви­ла меж­се­те­во­го экра­на. Для уда­лен­но­го до­сту­па к сер­ве­рам ком­по­нен­тов ре­ко­мен­ду­ет­ся раз­ре­шить со­еди­не­ния от ра­бо­чих стан­ций ад­ми­ни­стра­то­ра че­рез порт 3389/TCP к сер­ве­рам на Microsoft Windows, че­рез порт 22/TCP — к сер­ве­рам на Linux.
Для воз­мож­но­сти ре­пли­ка­ции со­бы­тий необ­хо­ди­мо обес­пе­чить се­те­вое вза­и­мо­дей­ствие че­рез TCP-пор­ты 5671 и 5672 меж­ду сер­ве­ра­ми MP 10 Core свя­зы­ва­е­мых при­ло­же­ний, а та­к­же меж­ду сер­ве­ра­ми MP SIEM Server свя­зы­ва­е­мых при­ло­же­ний.
По умол­ча­нию ло­каль­ный сер­вер об­нов­ле­ний ис­поль­зу­ет для под­клю­че­ния по про­то­ко­лам HTTP и HTTPS пор­ты 8553 и 8743 со­от­вет­ствен­но. Вы мо­же­те из­ме­нить эти зна­че­ния в па­ра­мет­рах сер­ви­са по­лу­че­ния об­нов­ле­ний.
Архитектура MaxPatrol 10
Что нового в версии 27.4",6,сервер обновлений глобальный сервер обновлений 443 mp10 core pt feeds 2080 2443 pt feeds репутационный сервис предоставляющий данные угрозах иб индикаторах компрометации 443 mp10 core bad 8003 mpsiemserver bad 5671 5672 ptmc локальный сервер обновлений 8553 8743 локальные агенты otel коллектор otel 4318 сервере который необходимо установить роль deployer порты 4505 tcp 4506 tcp 5000 tcp должны доступны входящих соединений средненагруженных высоконагруженных систем серверах которые устанавливаются компоненты mpsiemserver mpsiemevents storage mp10 core mp 10 collector ptrc порт 22 tcp должен открыт входящих соединений исходящих соединений требуется создавать правила межсетевого экрана удаленного доступа серверам компонентов рекомендуется разрешить соединения рабочих станций администратора порт 3389 tcp серверам microsoft windows порт 22 tcp серверам linux возможности репликации событий необходимо обеспечить сетевое взаимодействие tcp порты 5671 5672 серверами mp10 core связываемых,"-0.031098490580916405,-0.014314917847514153,-0.05092413350939751,0.01529634278267622,-0.02740280143916607,-0.04250220209360123,-0.002516375854611397,-0.053708918392658234,0.0006931553944014013,0.004899982362985611,0.015664666891098022,0.0030246267560869455,-0.05611180514097214,0.011722587049007416,0.01683320477604866,-0.00594252347946167,0.0007347185746766627,-0.02522609569132328,-0.005316533613950014,-0.018352817744016647,-0.019192371517419815,-0.0011777981417253613,-0.027579085901379585,0.01950547657907009,-0.007886790670454502,-0.015935789793729782,0.0027849958278238773,-0.0022856497671455145,0.018853692337870598,0.02021852508187294,-0.001809723675251007,0.010870402678847313,0.0629168152809143,-0.006894053891301155,-0.04738982394337654,-0.017477644607424736,0.006840425077825785,-0.02976304106414318,-0.04916463792324066,0.0068043372593820095,-0.011025052517652512,-0.02517900988459587,-0.01720820739865303,-0.034409649670124054,-0.008210795931518078,-0.03835112974047661,0.03551987558603287,-0.035504456609487534,-0.006435221992433071,-0.02478317730128765,-0.020850280299782753,-0.0025670332834124565,0.030342023819684982,-0.035778116434812546,-0.014787557534873486,0.05515844747424126,-0.026535850018262863,0.008274635300040245,-0.05354372039437294,0.05062389373779297,-0.0004571597673930228,-0.0140581876039505,-0.00989967305213213,-0.03647729009389877,0.004056838806718588,0.014679444022476673,0.004453509580343962,0.02605993114411831,0.010321123525500298,-0.029955323785543442,-0.026754025369882584,0.019904015585780144,-0.013502068817615509,-0.03332136198878288,-0.0347055122256279,0.039275385439395905,0.008174165152013302,0.0010730894282460213,-0.012653707526624203,-0.00818357802927494,-0.011855103075504303,0.007366401609033346,-0.004354436416178942,0.010757719166576862,-0.005159241613000631,-0.012436974793672562,-0.017520565539598465,0.019938234239816666,0.03982920944690704,-0.019830375909805298,-0.0023295748978853226,-0.019322404637932777,0.036653365939855576,-0.052710577845573425,-0.08250560611486435,-0.03048671968281269,0.029765158891677856,0.03233228251338005,0.027259280905127525,0.014680854976177216,0.030979963019490242,-0.01874225027859211,-0.04743340611457825,-0.03848645091056824,0.027911176905035973,0.011943706311285496,0.029493745416402817,-0.010674841701984406,-0.024563018232584,-0.01770194061100483,-0.016427569091320038,-0.018213804811239243,0.015611913986504078,0.013733306899666786,-0.013656819239258766,-0.0349217914044857,0.006191027816385031,-0.02195562981069088,-0.0016144156688824296,-0.04236271604895592,-2.0962037524441257e-05,0.02434496581554413,0.024566207081079483,-0.008398904465138912,-0.02667970024049282,-0.0036993692629039288,-0.010209194384515285,0.01950809545814991,0.026278242468833923,0.02701548859477043,-0.044445883482694626,0.010435155592858791,0.03459201380610466,-0.044444844126701355,-0.04962046816945076,0.014810314401984215,-0.012753941118717194,0.006543316412717104,-0.027164215222001076,-0.04412465915083885,0.012747116386890411,0.036778248846530914,-0.002481666160747409,0.011746070347726345,0.044559720903635025,-0.053226128220558167,0.016702068969607353,0.060228828340768814,-0.025277145206928253,-0.0023130704648792744,0.013204343616962433,-0.00924487691372633,0.010168714448809624,0.04194813221693039,-0.01829644851386547,-0.019415181130170822,-0.00985709112137556,-0.013723009265959263,0.025472210720181465,-0.003829201916232705,-0.04101899638772011,0.005523044150322676,0.005916371010243893,0.01668039709329605,0.022096730768680573,-0.06350728869438171,0.03196284547448158,-0.0024348271545022726,-0.0187856275588274,-0.019787948578596115,0.02707841619849205,-0.0033852322958409786,-0.0002929001348093152,0.028667135164141655,0.015477729961276054,0.013177764602005482,0.02615060843527317,0.012754051014780998,0.0064463503658771515,-0.008416661061346531,-0.03226945921778679,-0.020541708916425705,0.011750453151762486,-0.0034018559381365776,-0.014601564034819603,-0.017668042331933975,-0.020406436175107956,-0.01974654383957386,-0.0051987855695188046,0.035832781344652176,-0.029232583940029144,-0.015469778329133987,0.056515131145715714,0.017123695462942123,-0.006080043502151966,0.04151717573404312,0.021116290241479874,-0.016060950234532356,-0.0007577645010314882,0.01869206689298153,-0.02404600940644741,0.018353600054979324,0.0525086410343647,0.018795572221279144,-0.0013081529177725315,0.00042654311982914805,0.016934502869844437,-0.019127966836094856,0.009947281330823898,-0.08730394393205643,-0.00929219089448452,-0.00441997405141592,-0.018514662981033325,0.046536773443222046,-0.03723296895623207,0.002116780960932374,-0.011174407787621021,0.027943681925535202,0.022199954837560654,-0.026883499696850777,-0.04853517562150955,0.0314139761030674,0.008483249694108963,0.008656802587211132,0.007737542036920786,0.009705747477710247,0.06573431938886642,0.047111231833696365,0.025379130616784096,-0.022441769018769264,0.006836668588221073,-0.009983188472688198,-0.019347354769706726,-0.019890768453478813,0.060766518115997314,0.0017014569602906704,-0.05428723990917206,0.022438405081629753,0.015198338776826859,-0.007368413731455803,0.005098969209939241,-0.04663228243589401,-0.058875564485788345,-0.03522152453660965,-0.04911519214510918,0.011591908521950245,0.005451189819723368,0.03532489016652107,-0.009842827916145325,0.004006329458206892,0.0031906566582620144,-0.027386154979467392,-0.016030730679631233,-0.00445743789896369,0.020278558135032654,0.027063583955168724,0.027662886306643486,-0.014625532552599907,0.020039986819028854,-0.003390754573047161,0.016446169465780258,0.07523657381534576,0.013759170658886433,0.024428732693195343,0.010812988504767418,0.03147159144282341,0.014382493682205677,-0.08285857737064362,0.04227317497134209,0.007980830036103725,-0.03307667747139931,-0.011141893453896046,0.050547048449516296,-0.01973731815814972,-0.015088139101862907,0.036208413541316986,-0.027519939467310905,-0.032343994826078415,0.07194586098194122,0.062339477241039276,0.0049244100227952,0.02562716230750084,0.02801794558763504,0.03627137467265129,-0.01519753411412239,0.038347139954566956,-0.006880220025777817,-0.010631556622684002,-0.009266124106943607,-0.024301975965499878,-0.03052884340286255,0.0749811977148056,0.08933448791503906,-0.048879288136959076,0.04003487899899483,0.048269324004650116,-0.01689941994845867,-0.15208745002746582,-0.044248245656490326,0.022321460768580437,0.016309672966599464,0.015159683302044868,-0.01680579036474228,-0.07039918750524521,0.07526172697544098,-0.06006487086415291,0.024578502401709557,-0.03704490512609482,-0.05640266090631485,-0.06628496199846268,-0.031095342710614204,-0.04122767969965935,-0.00017113109061028808,0.0027525180485099554,0.042788393795490265,-0.0013223054120317101,-0.0402892641723156,0.008907212875783443,-0.011825363151729107,0.017815764993429184,0.014115105383098125,-0.08450668305158615,-0.02934836782515049,0.08651118725538254,0.044494401663541794,-0.03532949090003967,0.019432296976447105,-0.02512010559439659,0.03522220626473427,0.002009838353842497,-0.001740352250635624,0.012078753672540188,-0.04368716850876808,0.029675094410777092,-0.035560864955186844,-0.002723898272961378,-0.01136237196624279,-0.009704742580652237,0.06913977861404419,0.005741548724472523,0.019807765260338783,0.009801452979445457,-0.04127825051546097,0.0022469600662589073,0.006746545899659395,-0.016948726028203964,0.02421560510993004,-0.012095620855689049,-0.012413401156663895,-0.00528899859637022,-0.019438618794083595,-0.048332229256629944,-0.008300506509840488,-0.008242134004831314,0.0501130074262619,0.01720053143799305,-0.05989818647503853,0.00785449892282486,-0.017930420115590096,-0.0021532864775508642,0.0031182924285531044,-0.011779619380831718,-0.01527988351881504,0.0042396122589707375,-0.033886779099702835,-0.003844507969915867,-0.012706580571830273,0.003393817925825715,0.012012770399451256,-0.009156329557299614,0.011395697481930256,0.03277895972132683,0.030753426253795624,-0.047002311795949936,-0.005130033940076828,0.012195562943816185,-0.11406497657299042,-0.014739876613020897,0.01730932854115963,0.0046475715935230255,0.014387314207851887,-0.021064983680844307,-0.0409485399723053,0.0020909395534545183,0.007612172048538923,0.03465553745627403,0.22786064445972443,-0.04232082515954971,-0.04258095100522041,-0.024973511695861816,-0.01086458284407854,-0.03139627352356911,-0.02651415951550007,0.013648707419633865,0.057916074991226196,-0.024061888456344604,-0.01728006638586521,0.019011998549103737,-0.011382811702787876,-0.014816801063716412,-0.003234246978536248,0.017785582691431046,-0.046339817345142365,0.004714083392173052,0.0540185309946537,-0.01901264302432537,0.014326867647469044,-0.022184019908308983,-0.006500851828604937,-0.004958575591444969,-0.037021953612565994,-0.03288779407739639,0.022357992827892303,0.024135105311870575,-0.017295464873313904,0.057789769023656845,-0.030297398567199707,0.02472987212240696,0.03318184241652489,0.026003707200288773,-0.06452346593141556,0.04631008580327034,-0.01900280825793743,0.06375553458929062,0.03662079572677612,0.010129645466804504,-0.0068406774662435055,-0.04380806162953377,0.019257118925452232,0.014068086631596088,0.008544701151549816,-0.04984500631690025,-0.008696128614246845,-0.005102888215333223,-0.05612967908382416,-0.010839116759598255,-0.049374449998140335,-0.052605241537094116,0.004340460989624262,-0.0011903417762368917,-0.00485156150534749,-0.024464624002575874,-0.0163021981716156,-0.02497250773012638,-0.0009321378311142325,0.035877954214811325,0.036255914717912674,-0.02177371457219124,-0.0407109335064888,0.030825195834040642,-0.010981122963130474,-0.0027254412416368723,-0.010115045122802258,0.0011181358713656664,0.0004066731780767441,0.02718523144721985,-0.016814539209008217,0.033528853207826614,0.061508290469646454,0.012913960963487625,0.04118553549051285,-0.04391082376241684,0.053404707461595535,0.06123357638716698,-0.061647381633520126,0.021341903135180473,-0.039432186633348465,0.031015248969197273,-0.0040407986380159855,0.050188589841127396,0.02237567864358425,-0.008762780576944351,0.00045183312613517046,0.028715772554278374,-0.021240361034870148,-0.01621699333190918,-0.006854920648038387,-0.03015519119799137,0.013726879842579365,0.013147302903234959,0.03918888792395592,0.022155916318297386,0.01193237118422985,-0.006575372535735369,-0.025405919179320335,-0.004951787646859884,0.005776324775069952,-0.0035817930474877357,-0.06223462522029877,-0.008268414065241814,0.011224719695746899,-0.022005781531333923,-0.0401865616440773,-0.008942440152168274,-0.005519852042198181,0.004437653347849846,-0.053484972566366196,0.044103726744651794,0.015030807815492153,-0.03252679482102394,0.012776096351444721,0.00717532355338335,-0.003697184380143881,0.022066496312618256,0.03466757759451866,0.008564445190131664,-0.017181774601340294,0.017475316300988197,-0.0011240583844482899,0.06425563246011734,0.016504129394888878,0.00319461477920413,-0.03132957965135574,0.01158745214343071,-0.011888040229678154,0.06487509608268738,0.032773517072200775,-0.0211192537099123,0.021505214273929596,-0.00975748524069786,0.013466381467878819,-0.00448193633928895,-0.006479273084551096,-0.00015490138321183622,-0.000982694560661912,0.05948060005903244,0.024348901584744453,-0.03879747912287712,-0.029368925839662552,0.0316130556166172,-0.021252142265439034,0.014026118442416191,0.026360802352428436,-0.009220631793141365,-0.05116593465209007,0.028818469494581223,-0.02227570116519928,0.030886664986610413,0.035696715116500854,-0.013652455992996693,0.006137327756732702,-0.006437238305807114,-0.018463658168911934,-0.026727285236120224,0.02726493589580059,-0.006116362288594246,-0.01568450592458248,0.014458471909165382,0.07015453279018402,0.03196421265602112,0.03142952546477318,-0.020803609862923622,-0.02816019207239151,-0.01770690642297268,0.0033036288805305958,-0.043939750641584396,0.038195252418518066,-0.00977330282330513,-0.0639788806438446,0.0673888623714447,0.019824622198939323,-0.018971538171172142,-0.017513109371066093,0.01254922803491354,0.01264749001711607,-0.026793505996465683,0.014187198132276535,-0.0010127663845196366,-0.016318343579769135,-0.05792471766471863,-0.007814585231244564,-0.0032446039840579033,-0.023899953812360764,-0.005122328642755747,0.08019851893186569,-0.01194485742598772,-0.07108423113822937,0.07703711837530136,-0.021415317431092262,-0.008908218704164028,0.059946492314338684,0.057398732751607895,0.05853555351495743,0.02024155855178833,0.0013113981112837791,-0.005147762596607208,0.03147944435477257,-0.006999962031841278,-0.016888633370399475,-0.021452967077493668,-0.011590344831347466,0.005067146383225918,-0.001550792483612895,-0.016934722661972046,0.009799394756555557,0.03121933713555336,-0.00398580078035593,0.006504878867417574,-0.039872195571660995,0.011895074509084225,0.006291130557656288,-0.008183065801858902,0.0684904158115387,0.05044259876012802,-0.01443225983530283,0.017334621399641037,0.007294952403753996,-0.011492333374917507,0.07461191713809967,-0.05153995379805565,0.014892209321260452,0.0025445970240980387,0.006076654884964228,-0.052727896720170975,0.012667982839047909,-0.01429111696779728,-0.0033911799546331167,0.0010103037348017097,0.03954942896962166,-0.03732086718082428,-0.011194375343620777,0.017042769119143486,0.005707882810384035,0.021481966599822044,0.04426851123571396,0.0026908130384981632,-0.05841862037777901,0.01986556686460972,-0.04014165699481964,0.056541457772254944,0.007384953089058399,0.056389838457107544,-0.02377178706228733,-0.033504173159599304,0.0007015143637545407,0.007961376570165157,-0.028247211128473282,-0.04094325751066208,0.012988585978746414,-0.015300827100872993,0.014027517288923264,-0.013445194810628891,-0.01891143247485161,-0.01303023286163807,-0.011422612704336643,-0.030038677155971527,-0.030075279995799065,-0.02521451748907566,0.0015806342707946897,-0.018421025946736336,-0.024565132334828377,-0.024215901270508766,0.0048719909973442554,0.012180103920400143,-0.03248155117034912,-0.03542156144976616,0.0037529533728957176,0.0038104993291199207,-0.020030168816447258,0.03406984731554985,0.05413120612502098,-0.029899079352617264,-0.0013296225806698203,0.004180360585451126,-0.015948940068483353,0.03678392991423607,-0.07666335999965668,0.025900468230247498,0.02956032194197178,0.01811867207288742,-0.03145734965801239,0.006425314582884312,0.010495464317500591,-0.013439713045954704,0.008295051753520966,-0.02979619987308979,0.06330404430627823,0.03151972219347954,0.01245096605271101,-0.0014963583089411259,-0.028208797797560692,-0.0016306053148582578,0.031444091349840164,-0.000401576078729704,-0.008025545626878738,0.013411247171461582,-0.06036993861198425,0.00551535515114665,-0.011112871579825878,-0.025161854922771454,-0.03580716624855995,0.03321709856390953,0.010708574205636978,0.001237416174262762,0.01129880454391241,0.06266864389181137,0.011148751713335514,-0.023446353152394295,0.013873472809791565,0.015323350206017494,0.00788259319961071,-0.0232633538544178,0.0600031241774559,-0.03975583612918854,0.005446569994091988,-0.036822687834501266,0.02197304740548134,-0.00027376983780413866,-0.006593702360987663,0.01476286817342043,0.024574467912316322,-0.016606222838163376,-0.05535811558365822,0.021273283287882805,-0.0566108301281929,0.00825701467692852,-0.0203806571662426,-0.026995139196515083,0.00825735554099083,0.008281337097287178,0.037808142602443695,-0.005987188313156366,0.02903733402490616,-0.017283165827393532,0.0483049601316452,0.024769332259893417,0.007831728085875511,-0.03828359395265579,0.02785603515803814,-0.024254053831100464,0.007081268355250359,-0.04428228735923767,-0.007398866582661867,-0.017787370830774307,-0.018625790253281593,0.010304344817996025,-0.02732802927494049,0.056996602565050125,-0.03263593092560768,-0.049922600388526917,0.01918606646358967,-0.008576048538088799,0.008753623813390732,0.013034630566835403,-0.02735994942486286,0.027004027739167213,-0.023267965763807297,0.04923687130212784,0.0011045492719858885,0.025502322241663933,0.006829987280070782,0.01361728087067604,0.03914078325033188,-0.0025797770358622074,0.04246330261230469,-0.006603148300200701,-0.0017132367938756943,0.053114745765924454,-0.017537135630846024,0.084038145840168,-0.024259058758616447,0.04332790523767471,0.009470009244978428,0.02670210227370262,0.03438272327184677,-0.04823063686490059,-0.04783002659678459,0.00014164682943373919,-0.055022940039634705,-0.020236600190401077,-0.03446155786514282,-0.0011614783434197307,0.006110683083534241,0.02398485131561756,-0.001996053382754326,0.06261580437421799,0.011144985444843769,-0.019340692088007927,0.0076149520464241505,0.02204844169318676,-0.11717210710048676,0.009106957353651524,0.007614821661263704,-0.028799718245863914,-0.04233646020293236,-0.021469729021191597,-0.0024304871913045645,-0.007423280738294125,-0.03285522013902664,-0.019028035923838615,-0.030278261750936508,-0.056830860674381256,0.0787036269903183,-0.01523748878389597,0.055841706693172455,0.010287160985171795,0.00671380665153265,-0.007547831162810326,0.01622021198272705,0.04009397327899933,0.0026344782672822475,-0.008172832429409027,0.013510003685951233,-0.007777346298098564,0.032473642379045486,-0.026708269491791725,0.03768320009112358,-0.04248889163136482,-0.0018653788138180971,0.025573117658495903,0.00811642687767744,0.02602328173816204,0.004430525004863739,-0.017528528347611427,-0.04161897301673889,-0.04943116009235382,0.01346513070166111,0.006701318547129631,-0.02753436379134655,0.03674738109111786,-0.029030555859208107,0.022977175191044807,-0.010469476692378521,0.006987822707742453,0.0008578991401009262,0.04638248682022095,0.00014092821220401675,-0.006825587246567011,-0.07382304966449738,0.013021988794207573,-0.008366808295249939,0.0445626936852932,0.008953318931162357,-0.016471870243549347,0.05818521976470947,-0.03347339108586311,-0.066441111266613,-0.03199723735451698,-0.0036374463234096766,0.015167037956416607,-0.02888502925634384,0.04660102352499962,-0.03238274157047272,-0.02448424883186817,-0.0234056543558836,-0.020078962668776512,-0.02833973616361618,-0.017487721517682076,0.000519906054250896,0.020815076306462288,-0.009649189189076424,-0.019076762720942497,0.01037804689258337,-0.008114256896078587,-0.014790345914661884,-0.04254227876663208,0.004320329986512661,0.012133941985666752,0.0096551813185215,0.018047628924250603,-0.13041269779205322,-0.03366519883275032,-0.004865109454840422,0.050306715071201324,0.03891420736908913,-0.007713421247899532,-0.008429308421909809,-0.017626628279685974,-0.03355381637811661,0.008518306538462639,-0.03295724466443062,-0.042848750948905945,0.02053726091980934,-0.004641457926481962,-0.001437914907000959,0.017935657873749733,-0.014184653759002686,-0.0072978767566382885,0.006010062526911497,0.016108961775898933,-0.03666179999709129,-0.04226366803050041,0.014829425141215324,0.029983123764395714,0.010133885778486729,0.0036498471163213253,-0.01424134336411953,-0.05126788839697838,0.021979285404086113,0.03444746509194374,0.014440751634538174,0.0346306711435318,0.007781372871249914,0.008282826282083988,-0.0035690399818122387,0.011057283729314804,0.018740784376859665,-0.010818838141858578,-0.022342106327414513,-0.030992550775408745,0.024243205785751343,0.018455957993865013,-0.01716393604874611,-0.04147317260503769,0.008366667665541172,0.0297787357121706,0.028762133792042732,0.03520641475915909,0.01057414896786213,0.009530221112072468,0.020892765372991562,-0.0377219133079052,-0.053626783192157745,0.03075890615582466,0.030231952667236328,0.019988808780908585,-0.014821290969848633,0.031153349205851555,0.023015879094600677,-0.05366778373718262,-0.024205615743994713,0.0011813612654805183,-0.016162216663360596,-0.03422584384679794,0.034171126782894135,-0.010566534474492073,-0.032958030700683594,-0.02368074469268322,-0.04203525558114052,-0.009040913544595242,0.03934073448181152,0.022437650710344315,0.00011906224972335622,-0.025328492745757103,-0.014615839347243309,0.03178538382053375,-0.0396268293261528,0.042803484946489334,-0.00866109598428011,0.03431202471256256,0.030683334916830063,-0.008936234749853611,-0.03690429404377937,-0.026193704456090927,-0.02183571644127369,0.013240532949566841,-0.0032720721792429686,-0.0013848283560946584,-0.005310369189828634,-0.04233146458864212,-0.011535615660250187,0.028899066150188446,-0.022714359685778618,0.014291387982666492,0.04666249081492424,-0.03084844909608364,0.010389554314315319,-0.03976459801197052,0.0006265105912461877,0.022150760516524315,0.018690623342990875,0.02292298898100853,0.08121303468942642,0.020720887929201126,0.022520659491419792,0.009558840654790401,0.008540640585124493,-0.05116625875234604,0.015872836112976074,0.03866954892873764,-0.0283768642693758,-0.005838410463184118,-0.00992605835199356,0.004797879606485367,0.00434334808960557,-0.04079807549715042,0.03062085248529911,0.005235280841588974,-0.02538507618010044,0.10065212100744247,-0.0028152221348136663,-0.010209119878709316,-0.0023117961827665567,0.00753882946446538,0.034216657280921936,-0.0078654233366251,-0.019927650690078735,-0.024573545902967453,0.040532514452934265,-0.016762906685471535,0.02985566295683384,0.004230063408613205,-0.03649506717920303,0.018512818962335587,-0.0050209383480250835,0.020751817151904106,0.019216662272810936,-0.03376990184187889,0.015318183228373528,0.0022082049399614334,0.01306960079818964,-0.001648243865929544,-0.0008001368260011077,-0.027125973254442215,-0.031634621322155,-0.009305904619395733,-0.0006700549274682999,-0.004140395671129227,0.00698199775069952,-0.009544705040752888,0.03191329911351204,0.0405212864279747,0.003052717074751854,-0.002241319278255105,-0.00484719593077898,-0.01143917627632618,-0.0336146354675293,0.038601286709308624,-0.007930821739137173,0.01774761453270912,0.0074423737823963165,-0.035619139671325684,-0.035038914531469345,-0.010526932775974274"
https://help.ptsecurity.com/ru-RU/projects/mp10/27.4/help/2189382283,https://help.ptsecurity.com/ru-RU/projects/mp10/27.4/help/2189382283,Алгоритм работы MaxPatrol 10 и схема взаимодействия компонентов · MaxPatrol 10 · Справочный портал,"О MaxPatrol 10
Ал­го­ритм ра­бо­ты MaxPatrol 10 и схе­ма вза­и­мо­дей­ствия ком­по­нен­тов
Ал­го­ритм ра­бо­ты MaxPatrol 10:
Кол­лек­то­ры со­би­ра­ют дан­ные об IT-ин­фра­струк­ту­ре пред­при­я­тия:
— мо­ду­ли ком­по­нен­та MP 10 Collector ска­ни­ру­ют IT-ин­фра­струк­ту­ру, со­би­ра­ют све­де­ния о се­те­вых уз­лах и со­бы­тия с ис­точ­ни­ков;
— ком­по­нент MP NAD Sensor со­би­ра­ет све­де­ния о се­те­вых со­еди­не­ни­ях.
Со­бран­ные дан­ные кол­лек­то­ры пе­ре­да­ют в MP SIEM Server и MP 10 Core. Пе­ре­дан­ные со­бы­тия ис­поль­зу­ют­ся в MP SIEM Server для нор­ма­ли­за­ции, аг­ре­га­ции, обо­га­ще­ния и кор­ре­ля­ции.
Ком­по­нент MP 10 Core об­ра­ба­ты­ва­ет и хра­нит ре­зуль­та­ты ска­ни­ро­ва­ния с по­дроб­ной ин­фор­ма­ци­ей об об­на­ру­жен­ных ОС, ПО, служ­бах, пор­тах и про­чи­ми све­де­ни­я­ми об уз­лах и свя­зях меж­ду ними. Та­к­же ком­по­нент хра­нит па­ра­мет­ры за­дач на сбор дан­ных, про­фи­лей ска­ни­ро­ва­ния и транс­пор­тов, дан­ные и сце­на­рии спра­воч­ни­ков и осу­ществ­ля­ет кон­троль до­сту­па к этим дан­ным, свя­зы­ва­ясь с осталь­ны­ми ком­по­нен­та­ми си­сте­мы для вы­пол­не­ния поль­зо­ва­тель­ских за­про­сов.
Ком­по­нент MP SIEM Server об­ра­ба­ты­ва­ет вхо­дя­щий по­ток со­бы­тий, при­во­дит их к еди­но­му фор­ма­ту в со­от­вет­ствии с пра­ви­ла­ми нор­ма­ли­за­ции и группи­ру­ет их со­глас­но пра­ви­лам аг­ре­га­ции. Он та­к­же свя­зы­ва­ет со­бы­тия с ак­ти­ва­ми и, при необ­хо­ди­мо­сти, со­зда­ет но­вые ак­ти­вы на ос­но­ве со­бы­тий. За­тем до­пол­ня­ет дан­ные о со­бы­ти­ях, ис­поль­зуя пра­ви­ла обо­га­ще­ния или таб­лич­ные спис­ки, и ана­ли­зи­ру­ет по­ток нор­ма­ли­зо­ван­ных со­бы­тий по пра­ви­лам кор­ре­ля­ции для вы­яв­ле­ния и ре­ги­стра­ции со­бы­тий ин­фор­ма­ци­он­ной без­опас­но­сти. MP SIEM Server пе­ре­да­ет ком­по­нен­ту MP SIEM Events Storage по­сту­пив­шие со­бы­тия в ис­ход­ном (необ­ра­бо­тан­ном) и в нор­ма­ли­зо­ван­ном виде для хра­не­ния.
Нор­ма­ли­за­ция со­бы­тий мо­жет вы­пол­нять­ся на сер­ве­ре MP 10 Collector. Для это­го необ­хо­ди­мо уста­но­вить на сер­вер MP 10 Collector об­лег­чен­ную вер­сию MP SIEM Server — «SIEM на кол­лек­то­ре». Со­бы­тия, нор­ма­ли­зо­ван­ные на та­ком сер­ве­ре MP 10 Collector, пе­ре­да­ют­ся для аг­ре­га­ции, обо­га­ще­ния и кор­ре­ля­ции на ос­нов­ной MP SIEM Server.
Ком­по­нент Knowledge Base со­дер­жит базу зна­ний, необ­хо­ди­мых MaxPatrol 10 для струк­ту­ри­ро­ва­ния све­де­ний, со­бран­ных от ис­точ­ни­ков со­бы­тий и объ­ек­тов ин­фра­струк­ту­ры.
Ком­по­нент PT MC обес­пе­чи­ва­ет до­ступ к си­сте­ме че­рез сер­вис еди­но­го вхо­да и жур­на­ли­ру­ет дей­ствия поль­зо­ва­те­лей.
Для управ­ле­ния си­сте­мой, про­смот­ра дан­ных, по­стро­е­ния от­че­тов и мо­ни­то­рин­га поль­зо­ва­тель под­клю­ча­ет­ся к ком­по­нен­ту MP 10 Core че­рез веб-ин­тер­фейс в со­от­вет­ствии с пра­ва­ми, ко­то­рые на­зна­че­ны в PT MC.
Ком­по­нент PT Feeds до­став­ля­ет дан­ные об угро­зах ин­фор­ма­ци­он­ной без­опас­но­сти и ин­ди­ка­то­рах ком­про­ме­та­ции.
Ком­по­нент PT RC обес­пе­чи­ва­ет воз­мож­ность ре­тро­спек­тив­ной про­вер­ки по­лу­чен­ных ра­нее со­бы­тий, ис­поль­зуя но­вые пра­ви­ла кор­ре­ля­ции и дан­ные из таб­лич­ных спис­ков.
Ком­по­нент PT UCS обес­пе­чи­ва­ет об­нов­ле­ние мо­ду­ля Pentest для кол­лек­то­ров и дан­ных для ком­по­нен­та PT Feeds, а та­к­же за­гру­жа­ет дис­три­бу­ти­вы с но­вы­ми вер­си­я­ми ком­по­нен­тов.
Ком­по­нент BAD обес­пе­чи­ва­ет об­на­ру­же­ние ано­маль­но­го по­ве­де­ния поль­зо­ва­те­лей или сущ­но­стей в IT-ин­фра­струк­ту­ре ор­га­ни­за­ции и оцен­ку сте­пе­ни рис­ка со­бы­тий с по­мо­щью мо­де­лей ма­шин­но­го обу­че­ния.
Ло­каль­ный сер­вер об­нов­ле­ний обес­пе­чи­ва­ет за­груз­ку и пе­ре­да­чу об­нов­ле­ний с гло­баль­но­го сер­ве­ра об­нов­ле­ний Positive Technologies при от­сут­ствии пря­мо­го до­сту­па к ин­тер­не­ту.
Ло­каль­ные аген­ты OTEL со­би­ра­ют све­де­ния со всех ком­по­нен­тов си­сте­мы и от­прав­ля­ют дан­ные в кол­лек­тор OTEL. Кол­лек­тор со­би­ра­ет дан­ные и за­пи­сы­ва­ет их в хра­ни­ли­ще. По­лу­чен­ные мет­ри­ки на­прав­ля­ют­ся в сер­вис VictoriaMetrics, ко­то­рый яв­ля­ет­ся ча­стью роли Observability в при­ло­же­нии PT MC.
80
443
4505
4506
9035
443
443
3334
8013
443
3334
5671
5672
8721
443
443
3334
8091
8190
5671
8013
8123
9000
9009
9200
9300
Knowledge
Base
PT MC
MP 10 Collector
MP SIEM Events
Storage
MP SIEM Server
MP 10 Core
PT Feeds
PT UCS
443
2080
2443
PT RC
5671
8013
443
3334
5671
8091
4505
4506
9035
8553
8743
Ло­каль­ный
сер­вер
об­нов­ле­ний
443
8003
8004
8521
5671
5672
BAD
8013
Уве­дом­ле­ния
во внеш­ние
си­сте­мы
8123
9200
3334
5671
8091
8521
MaxPatrol EDR
MP NAD Sensor
Вза­и­мо­дей­ствие ком­по­нен­тов MaxPatrol 10
Для по­лу­че­ния об­нов­ле­ний меж­се­те­вой экран сер­ве­ра ком­по­нен­та PT UCS не дол­жен бло­ки­ро­вать ад­ре­са гло­баль­ных сер­ве­ров об­нов­ле­ний Positive Technologies — update.ptsecurity.ru и update.ptsecurity.com. Для обес­пе­че­ния се­те­во­го вза­и­мо­дей­ствия ком­по­нен­тов MaxPatrol 10 долж­ны быть до­ступ­ны для вхо­дя­щих со­еди­не­ний пе­ре­чис­лен­ные ниже пор­ты.
Ком­по­нен­ты и пор­ты вза­и­мо­дей­ствия
Ис­точ­ник
По­лу­ча­тель
TCP-порт
Ра­бо­чая стан­ция поль­зо­ва­те­ля, ПО для за­груз­ки дан­ных уве­дом­ле­ний
MP 10 Core
443
MP SIEM Server
MP 10 Core
443, 3334, 5671, 5672, 8721
PT UCS
MP 10 Core
443, 3334
PT RC
MP 10 Core
443, 5671
MaxPatrol EDR
MP 10 Core
5671, 8521
MaxPatrol EDR
PT MC
3334
MaxPatrol EDR
Knowledge Base
8091
BAD
MP 10 Core
8521
Ра­бо­чая стан­ция поль­зо­ва­те­ля
Knowledge Base
8091, 8190
PT RC
Knowledge Base
8091
Ра­бо­чая стан­ция поль­зо­ва­те­ля, ком­по­нент PT RC
PT MC
3334
MP 10 Core
MP SIEM Server
8013
MP 10 Collector, MP NAD Sensor
MP SIEM Server
5671, 8013
Knowledge Base, BAD
MP SIEM Server
8013
PT RC
MP SIEM Server
8013, 5671
MP 10 Core
MP SIEM Events Storage
8123
,
9200
MP SIEM Server
MP SIEM Events Storage
8123
, 9000, 9009,
9200
, 9300
Ра­бо­чая стан­ция поль­зо­ва­те­ля
MP NAD Sensor
80, 443
MP 10 Core, MP SIEM Server, MP SIEM Events Storage, MP 10 Collector
PT UCS
4505, 4506, 9035
PT UCS, ло­каль­ный сер­вер об­нов­ле­ний
Гло­баль­ный сер­вер об­нов­ле­ний
443
MP 10 Core
PT Feeds
2080, 2443
PT Feeds
Ре­пу­та­ци­он­ный сер­вис, предо­став­ля­ю­щий дан­ные об угро­зах ИБ и ин­ди­ка­то­рах ком­про­ме­та­ции
443
MP 10 Core
BAD
8003
MP SIEM Server
BAD
5671, 5672
PT MC
Ло­каль­ный сер­вер об­нов­ле­ний
8553, 8743
Ло­каль­ные аген­ты OTEL
Кол­лек­тор OTEL
4318
На сер­ве­ре, на ко­то­рый необ­хо­ди­мо уста­но­вить роль Deployer, пор­ты 4505/TCP, 4506/TCP, 5000/TCP долж­ны быть до­ступ­ны для вхо­дя­щих со­еди­не­ний.
Для сред­не­на­гру­жен­ных и вы­со­ко­на­гру­жен­ных си­стем на сер­ве­рах, на ко­то­рые уста­нав­ли­ва­ют­ся ком­по­нен­ты MP SIEM Server, MP SIEM Events Storage, MP 10 Core, MP 10 Collector, PT RC, порт 22/TCP дол­жен быть от­крыт для вхо­дя­щих со­еди­не­ний.
Для ис­хо­дя­щих со­еди­не­ний не тре­бу­ет­ся со­зда­вать пра­ви­ла меж­се­те­во­го экра­на. Для уда­лен­но­го до­сту­па к сер­ве­рам ком­по­нен­тов ре­ко­мен­ду­ет­ся раз­ре­шить со­еди­не­ния от ра­бо­чих стан­ций ад­ми­ни­стра­то­ра че­рез порт 3389/TCP к сер­ве­рам на Microsoft Windows, че­рез порт 22/TCP — к сер­ве­рам на Linux.
Для воз­мож­но­сти ре­пли­ка­ции со­бы­тий необ­хо­ди­мо обес­пе­чить се­те­вое вза­и­мо­дей­ствие че­рез TCP-пор­ты 5671 и 5672 меж­ду сер­ве­ра­ми MP 10 Core свя­зы­ва­е­мых при­ло­же­ний, а та­к­же меж­ду сер­ве­ра­ми MP SIEM Server свя­зы­ва­е­мых при­ло­же­ний.
По умол­ча­нию ло­каль­ный сер­вер об­нов­ле­ний ис­поль­зу­ет для под­клю­че­ния по про­то­ко­лам HTTP и HTTPS пор­ты 8553 и 8743 со­от­вет­ствен­но. Вы мо­же­те из­ме­нить эти зна­че­ния в па­ра­мет­рах сер­ви­са по­лу­че­ния об­нов­ле­ний.
Архитектура MaxPatrol 10
Что нового в версии 27.4",7,порт 3389 tcp серверам microsoft windows порт 22 tcp серверам linux возможности репликации событий необходимо обеспечить сетевое взаимодействие tcp порты 5671 5672 серверами mp10 core связываемых приложений также серверами mpsiemserver связываемых приложений умолчанию локальный сервер обновлений использует подключения протоколам http https порты 8553 8743 соответственно можете изменить значения параметрах сервиса получения обновлений архитектура maxpatrol10 нового версии 27 4,"-0.04513419419527054,-0.0060895103961229324,-0.001431152457371354,0.012986757792532444,-0.044685132801532745,-0.017743149772286415,-0.0271949153393507,-0.01824333332479,0.02174633927643299,-0.012512149289250374,0.011765114963054657,0.0024434684310108423,-0.011665639467537403,0.024326596409082413,-0.007730814628303051,-0.02110174670815468,-0.006376687902957201,-0.027574440464377403,0.005314124282449484,-0.027759136632084846,-0.003838358214125037,-0.013558820821344852,-0.016297472640872,0.04094982147216797,0.002309223869815469,-0.02920084446668625,0.037088003009557724,-0.01620529778301716,0.04531170800328255,0.043434400111436844,0.01731855235993862,0.01978462003171444,0.05265859514474869,-0.024972420185804367,-0.03189028427004814,-0.02648213692009449,-0.019002661108970642,-0.02957100421190262,-0.029384152963757515,-0.011239643208682537,-0.03548833355307579,0.00305234850384295,-0.01838415116071701,-0.012096807360649109,-0.0017822543159127235,-0.03845038637518883,0.02724670246243477,-0.025997238233685493,-0.03204740211367607,-0.03850509226322174,0.015963541343808174,-0.005515102297067642,0.01650894246995449,-0.09195266664028168,-0.039182715117931366,0.041719939559698105,-0.03625721484422684,0.01852012425661087,-0.05772249773144722,0.023998895660042763,-0.018857428804039955,0.004673131741583347,-0.05829034000635147,-0.04434189945459366,0.017165813595056534,0.019014893099665642,0.008235017769038677,0.046201787889003754,-0.005996073596179485,-0.05023054778575897,-0.01269308477640152,0.04435264319181442,-0.03194543719291687,-0.048805467784404755,-0.029848329722881317,0.03898197412490845,0.029285788536071777,-0.009926330298185349,-0.0364568755030632,-0.014670748263597488,-0.014367847703397274,-0.013726361095905304,0.012320399284362793,0.035023339092731476,-0.004218594171106815,-0.019514210522174835,-0.024452395737171173,-0.001381644862703979,0.011132932268083096,-0.02422221191227436,0.0325082466006279,-0.019664911553263664,0.024575185030698776,-0.043842289596796036,-0.04796072840690613,-0.02867061085999012,0.04121173918247223,0.02640654891729355,0.05420111119747162,-0.0025337175466120243,0.010910349898040295,-0.02053852193057537,-0.01927884668111801,-0.037428904324769974,0.01623818650841713,0.023502111434936523,0.020939745008945465,0.008762492798268795,-0.015546461567282677,-0.005067626945674419,0.0007988625438883901,0.0018009020714089274,0.0044479575008153915,-0.02405150979757309,-0.027018368244171143,-0.06425755470991135,0.025861335918307304,-0.02228769101202488,-0.002199220471084118,-0.040418121963739395,0.003362138057127595,0.011343561112880707,0.03902078792452812,-0.01848364621400833,-0.05168754607439041,-0.008289160206913948,-0.023993631824851036,0.009991518221795559,0.015386582352221012,0.0007001665653660893,-0.018790099769830704,0.0063588726334273815,0.038552623242139816,0.002487882738932967,-0.039170041680336,-0.008758065290749073,-0.011517229489982128,0.005368453916162252,-0.028274958953261375,-0.055603526532649994,0.005385745316743851,0.03618350997567177,0.03464778512716293,-0.036138180643320084,0.039519671350717545,-0.052908964455127716,0.020238324999809265,0.042095962911844254,-0.03151335194706917,-0.014360153116285801,0.022998912259936333,0.006020290311425924,0.050932109355926514,0.006598116829991341,-0.022133609279990196,-0.018337033689022064,-0.005996255669742823,-0.024086754769086838,0.020401673391461372,0.020937519147992134,-0.06163638085126877,-0.0200601015239954,-0.016888728365302086,0.03957756236195564,0.0476616732776165,-0.03759864717721939,0.026705345138907433,0.0030453777872025967,-0.012775404378771782,-0.04300171509385109,0.017990488559007645,-0.0279588270932436,-0.007471270859241486,0.022193456068634987,-0.01937134377658367,0.005723344162106514,0.04036422818899155,0.01654639095067978,0.02677486464381218,-0.03060229681432247,-0.05909796431660652,-0.009181604720652103,0.011631513014435768,-0.008744952268898487,0.011252941563725471,-0.014012050814926624,-0.025881214067339897,-0.04315220192074776,-0.0071600028313696384,0.018602048978209496,-0.012211766093969345,0.01318321656435728,0.06331180036067963,0.007417750079184771,-0.0033384801354259253,-0.00601706188172102,0.013590446673333645,-0.0025360772851854563,-0.007802558597177267,0.01727680116891861,-0.011040518060326576,0.04516881704330444,0.03900526836514473,0.006282653193920851,-0.028232401236891747,0.0019675036892294884,0.035354044288396835,-0.012184778228402138,0.0022429772652685642,-0.09706303477287292,-0.022109143435955048,-0.001607476151548326,0.018371688202023506,0.06050388142466545,-0.007051356602460146,0.05240627005696297,0.01117281336337328,0.011373981833457947,0.026124218478798866,-0.02056397870182991,-0.038638778030872345,0.08743736147880554,-0.018573259934782982,-0.010074631310999393,-0.01108875684440136,-0.0076376646757125854,0.03706894442439079,0.056088898330926895,-0.014568877406418324,-0.00802804995328188,0.0007331047090701759,0.029690518975257874,-0.005740699823945761,-0.018535340204834938,0.019734803587198257,-0.011757235042750835,-0.03914520889520645,-0.0031555439345538616,0.00985412485897541,0.003112936392426491,0.02000628039240837,-0.04979107528924942,0.017105238512158394,-0.03273799642920494,-0.039403147995471954,0.025505119934678078,-0.002174344612285495,0.030716225504875183,-0.015257149934768677,-0.024927493184804916,-0.00019383864128030837,-0.006208769977092743,-0.03735996037721634,-0.009707811288535595,0.036548368632793427,0.016880983486771584,0.042868006974458694,0.0011194489197805524,0.005895341280847788,0.026228465139865875,0.025664178654551506,0.04939276725053787,0.0006222174852155149,0.003900329815223813,0.02321469597518444,0.03318418189883232,0.044771891087293625,-0.023563580587506294,0.03563184291124344,0.012632742524147034,-0.05478929728269577,-0.004476776346564293,0.050386447459459305,-0.02173100784420967,-0.020015975460410118,-0.002383725717663765,-0.025351839140057564,-0.02844012714922428,0.0600614994764328,0.053074587136507034,0.034137364476919174,0.013815762475132942,0.03339695930480957,0.021434037014842033,0.005390420090407133,0.02510203793644905,-0.003009356092661619,-0.02599015086889267,-0.00567751657217741,0.006666361354291439,-0.08459489047527313,0.011591079644858837,0.06634429097175598,-0.04880582168698311,0.04695646092295647,0.051604799926280975,-0.025617504492402077,-0.14017412066459656,-0.01344575546681881,0.016792191192507744,-0.003620491363108158,0.0016302317380905151,-0.006357071455568075,-0.05548036843538284,0.07280028611421585,-0.06047537550330162,0.04555816203355789,-0.05752100795507431,-0.0441080778837204,-0.013300161808729172,-0.02254902943968773,0.0006192692089825869,0.00392994424328208,-0.013185097835958004,0.01030903123319149,-0.017072442919015884,-0.02406693994998932,0.010151028633117676,0.0012159508187323809,0.029847225174307823,0.0030147444922477007,-0.03514668717980385,-0.026956923305988312,0.051905468106269836,-0.007184739224612713,-0.028520990163087845,0.025121750310063362,-0.011935166083276272,0.01694393903017044,-0.007724274415522814,-0.02484653703868389,-0.003154392121359706,-0.05181702598929405,0.004090569447726011,-0.018111152574419975,-0.014881262555718422,-0.009572665207087994,0.002469623927026987,0.10219474881887436,-0.005362241063266993,0.022280121222138405,0.0073845568113029,-0.04111434891819954,-0.018652811646461487,-0.01841406710445881,-0.03222569450736046,-0.004216195084154606,-0.046852726489305496,-0.012868907302618027,-0.02825777791440487,-0.014362458139657974,-0.028427833691239357,0.002468799240887165,0.017613133415579796,0.05791769176721573,0.017641164362430573,-0.02720159851014614,-0.003730601165443659,0.014292086474597454,0.014805850572884083,-0.0043303887359797955,-0.023983605206012726,0.0015403738943859935,0.06709940731525421,-0.027614334598183632,-0.0068525345996022224,0.005811185576021671,0.022611252963542938,0.01822550594806671,0.004201217088848352,0.04088965058326721,-0.04109443724155426,0.04092540219426155,-0.01939431205391884,-0.02233206294476986,0.016572045162320137,-0.10278329253196716,0.01065431535243988,-0.0016022599302232265,-0.019337015226483345,0.0017080905381590128,-0.031190332025289536,-0.027155745774507523,-0.009210076183080673,-0.033103905618190765,0.0675378292798996,0.22361496090888977,-0.004977747797966003,-0.0416664257645607,-0.0094339270144701,-0.007458410691469908,-0.010565514676272869,-0.007854688912630081,0.025528334081172943,0.01330238115042448,-0.014331839047372341,0.008299250155687332,0.01924419403076172,-0.007023449521511793,0.00660844286903739,-0.0083398949354887,0.005785635206848383,-0.06994670629501343,0.006832079961895943,0.03706025704741478,-0.018377946689724922,-0.00943818036466837,-0.04741153120994568,-0.02175654098391533,0.020489389076828957,-0.052086953073740005,-0.022501127794384956,0.01863894984126091,0.04136165603995323,0.00357272126711905,0.03393715247511864,-0.04840540513396263,-0.0022815479896962643,0.03856239840388298,0.0006715161725878716,-0.04298052191734314,0.05376472696661949,0.043337784707546234,0.013307243585586548,0.02318846434354782,-0.01019955426454544,0.008986806496977806,-0.03572961688041687,-0.009791387245059013,0.006380723789334297,-0.011365508660674095,-0.04956986382603645,-0.007425615563988686,0.02146565355360508,-0.05748222395777702,-0.02476041577756405,-0.03323327749967575,-0.03977026045322418,0.0073304688557982445,0.0008737490279600024,-0.0009545273496769369,-0.016599111258983612,0.0001239842240465805,-0.0417301245033741,-0.01527829933911562,0.03069108910858631,-0.004446390084922314,-0.025603720918297768,-0.0215332992374897,0.026392661035060883,-0.036445505917072296,-0.024039102718234062,0.003380340989679098,-0.0173965971916914,0.03455686569213867,0.04072852060198784,-0.0012769773602485657,-0.003474332857877016,0.014795775525271893,-0.0055990442633628845,0.028962213546037674,-0.03181448206305504,0.05843684822320938,0.05352046713232994,-0.09008324891328812,0.010575490072369576,-0.035955287516117096,0.00887496117502451,-0.0009593449649401009,0.025849467143416405,0.021915903314948082,0.0035936590284109116,-0.013687211088836193,0.04755775257945061,-0.005944084841758013,-0.009145394898951054,-0.014807558618485928,-0.004124298691749573,0.0057207434438169,0.013507627882063389,0.059919849038124084,0.06089552491903305,0.0401558019220829,-0.025175949558615685,-0.024895302951335907,-0.0029278690926730633,0.01392175443470478,-0.028283653780817986,-0.05280553176999092,-0.03195285052061081,0.016362393274903297,-0.05402582138776779,-0.017098473384976387,0.028751464560627937,-0.009623869322240353,-0.0004022527136839926,-0.044632866978645325,0.03221181407570839,-0.006882058922201395,-0.0490294024348259,0.00879401434212923,0.019001279026269913,0.05618378520011902,0.015429931692779064,0.04595918208360672,0.004629781469702721,-0.010693001560866833,0.031529057770967484,-0.0027528926730155945,0.06996988505125046,0.022848717868328094,-0.042101532220840454,-0.02304435335099697,-0.011871392838656902,-0.029325321316719055,0.07549970597028732,0.01604670099914074,-0.03148672357201576,0.018109289929270744,-0.0012528452789410949,-0.006553067825734615,0.011653069406747818,-0.009701177477836609,0.02742096409201622,0.00978979840874672,0.04924006387591362,0.00616386067122221,0.00892655923962593,-0.014535675756633282,0.03363692760467529,0.0056905075907707214,0.027459822595119476,0.03277427330613136,-0.0333871953189373,-0.04640921577811241,0.03060062602162361,-0.009571866132318974,0.017432643100619316,0.034399133175611496,-0.0011172026861459017,-0.011925837025046349,-0.02512514218688011,-0.007203277200460434,0.0020702893380075693,0.0072214943356812,0.004913838114589453,-0.01944107934832573,0.06579633802175522,0.03923850506544113,0.04307103529572487,0.021451164036989212,-0.05552256852388382,-0.0322641059756279,0.005692964885383844,-0.020869974046945572,-0.039837323129177094,0.003489750437438488,0.014719532802700996,-0.04948491230607033,0.04079647734761238,-0.004895695950835943,-0.007412001956254244,0.00076551444362849,0.005691153928637505,-0.006082449574023485,-0.022548187524080276,0.0054942467249929905,-0.006124789360910654,-0.03529592603445053,-0.04548155143857002,-3.110853867838159e-05,-0.0007631313055753708,-0.023318201303482056,-0.00694457208737731,0.01906738057732582,0.0027884142473340034,-0.053327526897192,0.0970115214586258,-0.006251174956560135,-0.009814810939133167,0.04880843311548233,0.04922553896903992,0.03607780113816261,0.04566597566008568,-0.009872996248304844,-0.013459351845085621,0.04034493863582611,0.019948076456785202,-0.025571156293153763,0.012484834529459476,-0.044713132083415985,-0.00635394686833024,-0.012263895012438297,-0.04132021963596344,-0.012063870206475258,-0.0053199902176856995,-0.005112806335091591,0.005006533116102219,-0.03582749515771866,0.00901426188647747,0.044787075370550156,-0.012349555268883705,0.05467746779322624,0.06561670452356339,-0.003416437190026045,-0.009449323639273643,-0.012229985557496548,-0.008453053422272205,0.04270869120955467,-0.03311148285865784,0.019972579553723335,0.02695966698229313,-0.009838754311203957,-0.08259448409080505,-0.03361929953098297,0.0050429231487214565,-0.011681322939693928,-0.002915924647822976,0.022809285670518875,-0.01907734014093876,0.029490740969777107,0.043502774089574814,0.02533769980072975,0.014557063579559326,0.021905895322561264,-0.012188171967864037,-0.05554056167602539,0.04915120452642441,0.004236891400068998,0.05460280179977417,0.02351503260433674,0.06422650814056396,-0.06062056124210358,-0.03172149509191513,-0.018030552193522453,0.009173417463898659,0.001864275778643787,-0.06218034401535988,0.035938162356615067,-0.007839824073016644,0.03723151609301567,0.019694114103913307,-0.01970139890909195,-0.0154873076826334,-0.017474565654993057,-0.04092320799827576,-0.04142845422029495,-0.01436507049947977,0.0010721844155341387,-0.007409770041704178,-0.052326351404190063,-0.014783750288188457,-0.01514609158039093,0.00848931074142456,-0.022131796926259995,-0.060040589421987534,0.011677662841975689,0.0065811616368591785,-0.006960591766983271,0.044757865369319916,0.0141780199483037,-0.023143261671066284,0.0037520062178373337,0.040592268109321594,0.0014980329433456063,0.025411169975996017,-0.09070993959903717,0.01997225359082222,0.035948142409324646,0.01793776825070381,-0.03892429918050766,0.004644236993044615,0.03870833292603493,-0.06025797128677368,0.0034591660369187593,-0.04963350296020508,0.0619506873190403,0.006488683633506298,-0.0010088587878271937,0.012826741673052311,-0.006812089588493109,0.022915886715054512,0.030527550727128983,0.04049240052700043,0.005731701385229826,0.0054863858968019485,-0.04015433415770531,-0.023888109251856804,-0.013065614737570286,-0.030834943056106567,-0.063105009496212,0.04728178307414055,0.0007055184105411172,-0.0039037438109517097,0.025015326216816902,0.03721097111701965,0.03460151329636574,-0.0807138979434967,0.031862687319517136,-0.007003710605204105,-0.019424518570303917,-0.01260107196867466,0.05575136840343475,-0.047515735030174255,0.02033320441842079,-0.07013832032680511,-0.018701838329434395,0.022724371403455734,-0.008847841992974281,0.007801173720508814,0.036338888108730316,0.00837370753288269,-0.03179311379790306,0.01904839091002941,-0.05424874648451805,0.0069689699448645115,-0.015536499209702015,-0.027733540162444115,0.013011442497372627,-0.021933037787675858,-0.008724466897547245,0.018160194158554077,0.03272145986557007,-0.0032170491758733988,0.03574781492352486,0.006785398814827204,0.038406919687986374,-0.01208083238452673,0.02366541512310505,-0.014386249706149101,0.014386508613824844,-0.0342523418366909,-0.0009758207015693188,-0.006594038102775812,-0.023302504792809486,0.009816274046897888,-0.03455363214015961,0.0439087450504303,-0.054313283413648605,-0.051975008100271225,0.024176621809601784,-0.034286979585886,-0.0023984157014638186,0.006152765359729528,-0.018359597772359848,0.025152646005153656,-0.020935598760843277,0.0628749206662178,0.0005316274473443627,-0.014900974929332733,0.009623700752854347,-0.010949555784463882,0.03639044612646103,0.03123495541512966,0.022217316552996635,0.0033427460584789515,-0.009763315320014954,0.05604393780231476,0.00434509152546525,0.047173649072647095,0.0061745247803628445,0.07365115731954575,-0.01064168382436037,0.012953179888427258,0.023250265046954155,-0.03661394119262695,-0.03122752346098423,0.005651375744491816,-0.03097565285861492,-0.0115658612921834,-0.03756987676024437,-0.012995387427508831,-0.020863713696599007,0.011493324302136898,-0.02799682691693306,0.08271824568510056,-0.005739420652389526,-0.023471644148230553,0.0050225406885147095,0.03753815218806267,-0.11708574742078781,0.006673356052488089,0.024832475930452347,-0.01991421915590763,-0.008739376440644264,-0.0230867899954319,-0.02946942299604416,-0.028701748698949814,-0.028442176058888435,-0.042127594351768494,-0.027591967955231667,-0.035391952842473984,0.0563293918967247,-0.040274277329444885,0.04321936145424843,0.016627075150609016,-0.004271364770829678,-0.008520137518644333,0.009810606949031353,0.02879428118467331,0.01777189038693905,0.01936527155339718,0.005873401649296284,-0.004268747288733721,0.024992110207676888,-0.022212840616703033,-0.020292678847908974,-0.040572747588157654,-0.03506871312856674,0.03198693320155144,-0.012576743960380554,-0.0135422982275486,0.021300291642546654,0.030511507764458656,-0.033728741109371185,-0.029803339391946793,0.0030918754637241364,0.01598869450390339,-0.015670865774154663,0.024102186784148216,-0.03770500048995018,0.019750259816646576,-0.014075316488742828,0.0006684199324809015,-0.0006138248718343675,0.03552911803126335,-0.028299471363425255,-0.008377227932214737,-0.022170551121234894,-0.007508869748562574,0.022108562290668488,0.049533914774656296,0.023909876123070717,0.018876809626817703,0.03993327543139458,-0.016192501410841942,-0.048432886600494385,-0.02867620252072811,0.04257545620203018,0.044704750180244446,-0.052483174949884415,0.0390428863465786,-0.02035917341709137,-0.05129729583859444,-0.014078537002205849,-0.0123147526755929,-0.013179615139961243,0.008151477202773094,-0.031199803575873375,-0.006812988314777613,0.01873098313808441,0.005938376300036907,-0.03404146060347557,0.013738355599343777,-0.017840750515460968,-0.03974249213933945,0.0043790326453745365,0.011122042313218117,0.002833743579685688,-0.007448372896760702,-0.09120504558086395,-0.026412691920995712,0.010440981015563011,0.02598338946700096,0.03542477265000343,-0.018850956112146378,-0.008537490852177143,-0.05602039396762848,-0.02160000428557396,-0.0373675674200058,0.015657024458050728,-0.038135625422000885,0.0061158048920333385,0.009084434248507023,0.00511616375297308,0.015089738182723522,0.009904942475259304,-0.01379117276519537,0.006680880207568407,0.022212104871869087,-0.028290817514061928,-0.026845060288906097,0.03966255113482475,0.01260652206838131,0.005662892013788223,0.01620781049132347,0.012823441997170448,-0.042344626039266586,0.03480474278330803,0.010875198058784008,-0.01180964894592762,0.019359085708856583,-0.02786395698785782,0.013365710154175758,-0.03847157582640648,0.018193716183304787,0.04118964448571205,0.01396250631660223,0.010420817881822586,-0.03347346559166908,0.019361354410648346,0.03616269305348396,-0.02530263178050518,-0.022142011672258377,0.026967398822307587,0.01608015038073063,0.06146836280822754,0.054612740874290466,0.013585747219622135,0.008754957467317581,-0.02036096900701523,-0.008274180814623833,-0.04357093572616577,0.030376432463526726,0.02944876439869404,0.030025186017155647,-0.009717253968119621,0.02109012007713318,0.0024149706587195396,-0.0352332703769207,-0.004773580003529787,-0.02577105164527893,0.005202114582061768,-0.05430109426379204,0.03520570695400238,-0.019696008414030075,-0.021933823823928833,-0.022160224616527557,-0.018161874264478683,-0.03903868794441223,0.012875414453446865,0.020786043256521225,0.0415319949388504,0.041342392563819885,-0.0018368164310231805,0.0076349275186657906,-0.044334471225738525,0.0061340355314314365,-0.0011535761877894402,-0.009825136512517929,0.03240737318992615,-0.001912677544169128,-0.014472571201622486,-0.032460011541843414,-0.0171493012458086,-0.01118626818060875,-0.0016689455369487405,0.0026643851306289434,0.016795607283711433,0.016130244359374046,0.006015273276716471,0.01643035188317299,-0.039259906858205795,0.04307205229997635,0.04114987328648567,-0.031272392719984055,0.018725859001278877,-0.03729253634810448,0.01728394813835621,-0.006108727306127548,0.024300992488861084,0.029941972345113754,0.1050645038485527,0.007900221273303032,0.003401038469746709,-0.006937111262232065,0.0048251161351799965,-0.04496534913778305,0.012676002457737923,0.005911523476243019,-0.02970588020980358,-0.0077438997104763985,-0.023160701617598534,0.012296486645936966,0.012900273315608501,-0.060365479439496994,0.02509448491036892,-0.03180215135216713,-0.004975025076419115,0.09270203858613968,-0.021102508530020714,0.006315075792372227,0.012869373895227909,0.012994544580578804,0.02204427495598793,-0.011821424588561058,-0.011171429418027401,-0.02807176485657692,0.02930942177772522,-0.0034457813017070293,0.05515780299901962,-0.00509060500189662,-0.03758826106786728,-0.004761083517223597,-0.024011025205254555,0.00384020758792758,0.023097211495041847,-0.0020983016584068537,0.008344283327460289,0.0005806959234178066,-0.003788292407989502,0.007838746532797813,-0.013743562623858452,0.032830413430929184,-0.02900153398513794,-0.002761140000075102,0.0073213400319218636,-0.00461415434256196,0.0038910608272999525,0.038938868790864944,-0.0022456899750977755,-0.0014248690567910671,0.020219236612319946,-0.032481227070093155,-0.024381514638662338,0.015363579615950584,-0.012839109636843204,0.03712133690714836,0.010788625106215477,0.01661708764731884,0.01981714367866516,-0.047301966696977615,0.02469829097390175,0.02186673879623413"
https://help.ptsecurity.com/ru-RU/projects/mp10/27.4/help/778552331,https://help.ptsecurity.com/ru-RU/projects/mp10/27.4/help/778552331,Оперативная настройка анализа данных · MaxPatrol 10 · Справочный портал,"Опе­ра­тив­ная на­строй­ка ана­ли­за дан­ных
По ре­зуль­та­там рас­сле­до­ва­ния ин­ци­ден­тов опе­ра­тор мо­жет вне­сти из­ме­не­ния в таб­лич­ные спис­ки, за­пу­стить, оста­но­вить пра­ви­ла кор­ре­ля­ции или обо­га­ще­ния.
Удаление инцидентов
Работа с табличными списками",0,оперативная настройка анализа данных результатам расследования инцидентов оператор внести изменения табличные списки запустить остановить правила корреляции обогащения удаление инцидентов работа табличными списками,"-0.009595145471394062,-0.02632053568959236,-0.05449816957116127,0.04999639838933945,-0.027430132031440735,-0.013308677822351456,0.012791753746569157,0.041560184210538864,0.05031762272119522,0.005311173386871815,-0.041000645607709885,-0.0025002199690788984,0.015500701032578945,0.01332162693142891,0.08745484799146652,-0.0065375277772545815,0.01839502342045307,0.01546678226441145,0.0008615286787971854,-0.020921939983963966,-0.03756414353847504,0.01667611673474312,0.0011030294699594378,0.012355109676718712,-0.043201345950365067,-0.013963217847049236,0.039722852408885956,-0.026835840195417404,0.007870393805205822,0.0157855786383152,0.010712865740060806,-0.02163764461874962,0.0014731548726558685,-0.01022561639547348,-0.03761914744973183,0.011131665669381618,-0.03048025816679001,-0.058690860867500305,-0.043339379131793976,0.028546171262860298,0.006249674130231142,0.03114992007613182,-0.02718437649309635,-0.0018889876082539558,0.0009727986762300134,-0.01616772450506687,0.0024965950287878513,-0.02147974632680416,-0.04766957089304924,0.006983638741075993,-0.03142022714018822,0.0020185604225844145,0.027839001268148422,-0.040035951882600784,0.022062474861741066,0.03252558410167694,-0.043220747262239456,0.01110855396836996,-0.013068017549812794,0.04563426598906517,-0.035763297230005264,-0.004929208662360907,-0.01808006688952446,-0.010579937137663364,0.017801012843847275,0.04057057574391365,0.03852204978466034,0.03858035430312157,-0.0011346421670168638,-0.016435980796813965,0.023820387199521065,0.015298125334084034,0.0034262677654623985,0.00309111294336617,-0.0508643314242363,0.00104169687256217,0.11110565811395645,-0.017730586230754852,0.02242419309914112,-0.015878744423389435,-0.051296476274728775,0.018152838572859764,-0.006791123189032078,0.005535903852432966,-0.005261184182018042,0.0007120926748029888,-0.0072555094957351685,0.0010249216575175524,-0.012960599735379219,0.004559548571705818,0.015784265473484993,-0.012065247632563114,0.027045641094446182,-0.029577776789665222,0.0030367395374923944,-0.0038924305699765682,0.03209302946925163,0.02369959093630314,-0.0005762635264545679,0.008307346142828465,0.032629091292619705,0.0036764999385923147,0.008996929973363876,-0.021535897627472878,0.07203765958547592,-0.043853215873241425,0.031801704317331314,0.023587195202708244,0.015577489510178566,0.0033737188205122948,-0.02105523832142353,-0.008624663576483727,0.017383607104420662,-0.0034922512713819742,0.015197244472801685,-0.0029202315490692854,-0.010224082507193089,-0.025011256337165833,0.03149646520614624,0.013849475421011448,0.05506165698170662,0.016062933951616287,0.06846640259027481,0.011655963957309723,-0.01665988564491272,0.009638326242566109,-0.0006766829174011946,0.039144035428762436,0.026501424610614777,0.009820745326578617,0.023481842130422592,0.027374526485800743,-0.02077954262495041,-0.02458450011909008,-0.05182338505983353,0.026103906333446503,0.011524595320224762,0.021769678220152855,0.0012697608908638358,-0.08467099070549011,-0.003954592626541853,0.01757328398525715,0.008374332450330257,0.00824503693729639,0.02294307015836239,0.0005920955445617437,0.06677927076816559,0.04255243018269539,0.005219063721597195,-0.02620578743517399,-0.011842400766909122,0.005982724484056234,0.006994451861828566,0.061487890779972076,0.054288946092128754,-0.00245344964787364,-0.06290529668331146,0.005770197603851557,-0.017375359311699867,-0.034289054572582245,0.004114675801247358,-0.029648222029209137,-0.026397690176963806,0.026511594653129578,0.03781099244952202,-0.025582188740372658,-0.010174640454351902,-0.024067329242825508,0.0016584880650043488,0.0029853342566639185,0.014377323910593987,-0.0167913269251585,-0.003625656943768263,-0.004022666718810797,-0.006719156634062529,-0.019546035677194595,0.07449494302272797,0.01921256259083748,0.017065830528736115,-0.014244141057133675,-0.02510102093219757,0.010656398721039295,0.000663595215883106,-0.02883487567305565,0.010077522136271,0.06693751364946365,-0.028126835823059082,-0.03884691745042801,0.012481382116675377,0.03729010745882988,-0.0038126816507428885,-0.052413854748010635,0.042910706251859665,0.017375001683831215,0.04433436319231987,-0.01272914744913578,-0.021238941699266434,0.02680782601237297,0.03562312200665474,0.01968587376177311,-0.01027191337198019,0.03136292099952698,0.023677542805671692,-0.023247772827744484,-0.03781786933541298,-0.00010786247730720788,0.03406517207622528,-0.03125997260212898,0.06091805174946785,-0.016928942874073982,0.009058523923158646,0.01962849497795105,-0.07003526389598846,0.03391120210289955,-0.032207511365413666,0.003326296340674162,0.012682857923209667,0.022370528429746628,-0.010641840286552906,-0.042007435113191605,-0.0008896240615285933,0.026623133569955826,0.007320413365960121,0.00893572997301817,0.014431492425501347,-0.018464531749486923,0.01965378038585186,0.03146195784211159,0.02445024438202381,-0.04843297600746155,0.004367281682789326,0.022769153118133545,0.030692175030708313,-0.038635410368442535,0.008208444342017174,-0.022117361426353455,0.012761503458023071,0.021660463884472847,0.018190553411841393,-0.03301025182008743,-0.011844628490507603,-0.06509925425052643,-0.008944314904510975,-0.023556988686323166,-0.043651189655065536,-0.06331067532300949,-0.008076313883066177,-0.067629374563694,-0.0289591234177351,0.0027395545039325953,-0.012942899018526077,0.0003566196246538311,-0.03670916333794594,0.009050301276147366,0.03726976737380028,-0.020493607968091965,0.036026742309331894,-0.007025928236544132,-0.022513797506690025,0.023539839312434196,-0.02492976374924183,0.03631740063428879,-0.04071315377950668,0.024477386847138405,-0.00028750556521117687,-0.02386321872472763,0.00878735352307558,0.0072564538568258286,-0.02410014159977436,0.02577531524002552,-0.014303524978458881,-0.01905347779393196,0.01659560762345791,0.010094576515257359,-0.005855349358171225,0.041275233030319214,-0.023938728496432304,-0.01050462294369936,0.10520368814468384,0.030840985476970673,-0.028065340593457222,-0.026610732078552246,0.06159943342208862,-0.03735162317752838,0.003143077250570059,0.01316543947905302,-0.02122493088245392,-0.05437420308589935,-0.007921128533780575,-0.01711072400212288,-0.005485318601131439,-0.025633640587329865,0.07215271890163422,0.02243696339428425,-0.004000512883067131,0.04140652343630791,-0.01884843409061432,-0.14299458265304565,-0.0261333379894495,0.0043310122564435005,0.05392293259501457,-0.01637786440551281,0.021284092217683792,-0.02485591359436512,0.02605370059609413,-0.03191152587532997,0.029351603239774704,-0.02624165080487728,-0.06297951936721802,-0.027240408584475517,-0.04334862530231476,0.01835612766444683,-0.025052625685930252,0.0011355780297890306,0.018640194088220596,0.013916842639446259,-0.024993253871798515,-0.08637282252311707,-0.042017847299575806,-0.028529519215226173,-0.024985158815979958,-0.03512851893901825,-0.04152309522032738,0.02742599882185459,0.011870610527694225,-0.03384310379624367,-0.02046494372189045,-0.05122067406773567,0.019854450598359108,0.005110753234475851,0.013668007217347622,-0.02781306765973568,0.037267040461301804,0.01292895432561636,0.0035474509932100773,0.0008570242207497358,-0.02910890057682991,0.05973176285624504,0.03242748603224754,0.017367972061038017,0.05079054832458496,-0.002309345407411456,0.010717724449932575,0.035616349428892136,-0.03088143654167652,-0.042145024985075,-0.018866049125790596,-0.04223490506410599,-0.041158754378557205,0.020369961857795715,0.011353530921041965,-0.03385096415877342,-0.02060726098716259,-0.03384021669626236,0.04421188682317734,-0.00309820007532835,-0.009255096316337585,0.015944020822644234,-0.0547061562538147,-0.04185331612825394,0.0035689438227564096,0.013434297405183315,-0.007684814743697643,0.028692658990621567,0.015174257569015026,0.018037011846899986,0.00361044192686677,0.014808806590735912,-0.04931812360882759,0.004497806541621685,0.04410310462117195,-0.020435813814401627,0.006338648963719606,-0.04905688762664795,-0.016090836375951767,0.0381479412317276,-0.08251803368330002,0.006081541068851948,0.013572953641414642,0.018204381689429283,-0.0007746312767267227,-0.005119871813803911,-0.0026105837896466255,0.01914055272936821,-0.01452150009572506,0.009804091416299343,0.24626103043556213,-0.002734441077336669,0.018298262730240822,0.039170898497104645,0.026287654414772987,-0.02400018647313118,0.06376989930868149,0.043232690542936325,0.01311531476676464,-0.015314321033656597,0.012570084072649479,-0.004763985052704811,0.0020224254112690687,0.03205043077468872,-0.005177084356546402,-0.0340866781771183,-0.009728509932756424,-0.024113811552524567,0.04473183676600456,-0.030684901401400566,0.02291649766266346,-0.034437913447618484,-0.04959588497877121,0.02532031387090683,-0.05208071693778038,-0.025706762447953224,-0.007475654594600201,0.011961348354816437,-0.031659722328186035,0.039932310581207275,-0.021975822746753693,0.030300766229629517,0.05739985406398773,-0.04163605347275734,-0.03441183641552925,0.0338507778942585,0.003285624785348773,0.0026860986836254597,-0.002212282968685031,-0.00980207696557045,-0.023371165618300438,-0.007850983180105686,-0.02453727275133133,-0.009319324977695942,0.03780130669474602,0.0024704139214009047,-0.011608576402068138,0.014059760607779026,-0.026672393083572388,-0.010451151058077812,-0.022457914426922798,-0.0018094895640388131,0.00788821093738079,-0.014344382099807262,-0.015596100129187107,-0.029710620641708374,-0.006065137218683958,0.028659842908382416,0.011346224695444107,0.019513873383402824,0.009864413179457188,-0.01037943921983242,-0.038873352110385895,0.021890850737690926,-0.06188269704580307,0.009960537776350975,-0.00133218162227422,-0.003445550799369812,0.0012767633888870478,0.037586018443107605,0.009655207395553589,0.08132801204919815,0.029526954516768456,0.009575684554874897,-0.005517800338566303,-0.003412646008655429,0.0306792464107275,0.0448075532913208,-0.028437787666916847,-0.008092177100479603,-0.047893594950437546,-0.010989152826368809,-0.008192352950572968,-0.0045687416568398476,0.019010251387953758,-0.00639971811324358,-0.03637426346540451,0.07547216862440109,0.0018471020739525557,0.04068290442228317,0.006320579443126917,-0.009507588110864162,-0.030754266306757927,0.024389280006289482,-0.021578757092356682,0.03096434473991394,-0.02150353230535984,-0.06784217804670334,-0.014219287782907486,0.021698560565710068,-0.02597116492688656,-0.04686702787876129,-0.04347908869385719,-0.013370435684919357,0.06844450533390045,-0.0170015599578619,-0.018360288813710213,-0.01702055335044861,0.037539634853601456,0.04719458147883415,-0.033025309443473816,0.0014621247537434101,-0.0012889232020825148,-0.04636760801076889,0.0016698706895112991,0.047647565603256226,0.026092464104294777,0.028795478865504265,-0.00455480394884944,0.01128459069877863,-0.04540015384554863,0.04966794326901436,0.014983558095991611,0.03939175233244896,-0.017228664830327034,-0.054995663464069366,-0.019539909437298775,-0.0010301257716491818,-0.00756408553570509,0.06523750722408295,-0.0036095036193728447,-0.008755110204219818,0.037020452320575714,0.016175534576177597,-0.024947917088866234,0.011476258747279644,0.03692331910133362,0.008907252922654152,0.0630733072757721,0.07717280089855194,-0.00392683083191514,-0.02494116872549057,-0.04041782394051552,0.053592290729284286,0.002089377259835601,-0.021454213187098503,-0.026619158685207367,-0.013125048018991947,-0.03411354124546051,0.035251665860414505,0.017023514956235886,0.010058842599391937,0.03687363490462303,0.004759353119879961,0.03168821334838867,0.009626361541450024,-0.01940734125673771,-0.01887490414083004,0.027857890352606773,0.00429972680285573,-0.011771568097174168,0.03272201493382454,-0.013370680622756481,0.019553108140826225,0.011658061295747757,0.019902417436242104,0.01749572902917862,0.04125203192234039,-0.004369077738374472,-0.005210486706346273,-0.01911633089184761,-0.010710977017879486,-0.04882543906569481,0.005128275603055954,0.0005760817439295352,-0.008616185747087002,-0.03259144350886345,0.014904321171343327,0.011032829992473125,-0.04754031077027321,-0.004731329157948494,-0.00855924841016531,-0.054739367216825485,-0.05336831510066986,0.011239532381296158,0.03230395168066025,0.011629665270447731,0.00792811717838049,0.02475939877331257,-0.015558025799691677,-0.0029068803414702415,0.11952895671129227,-0.02824901044368744,-0.02142935059964657,0.051441729068756104,0.007475900463759899,0.07482688128948212,0.012528974562883377,0.035711344331502914,-0.01904754713177681,-0.009252057410776615,0.04147903248667717,0.008161921054124832,0.012217983603477478,-0.005231436807662249,0.02809007838368416,0.003768559545278549,-0.011290045455098152,0.018735703080892563,-0.0012043137103319168,0.01975852996110916,-0.00677395798265934,-0.08277978748083115,0.019372563809156418,0.04030803218483925,-0.013959057629108429,0.0434119887650013,0.03230627626180649,-0.003694547340273857,-0.011388055980205536,0.05205284804105759,-0.015316181816160679,0.0026233994867652655,-0.019883766770362854,-0.05152054503560066,-0.011561061255633831,-0.016875408589839935,0.008810043334960938,0.009684404358267784,-0.0030526681803166866,-0.004879413638263941,-0.00264234421774745,0.013758900575339794,0.007212134078145027,-0.011464209295809269,0.0046223667450249195,0.03579951077699661,0.02788436971604824,0.004460942465811968,-0.01677880436182022,-0.009344837628304958,-0.01214624848216772,0.04580261558294296,0.03814353793859482,0.022448183968663216,0.018593404442071915,-0.006044704467058182,0.014263336546719074,0.000504450814332813,0.0475434847176075,0.021146930754184723,-0.03835074231028557,0.020029360428452492,-0.043054644018411636,-0.02291294001042843,0.018530119210481644,0.020637065172195435,0.0018484110478311777,-0.0588541217148304,-0.03386541083455086,-0.0014985419111326337,0.021451851353049278,0.005734664388000965,-0.028451338410377502,-0.04782787710428238,-0.04161558300256729,-0.014779354445636272,0.024526339024305344,-0.04814092442393303,-0.04129047691822052,-0.003581753931939602,0.03918923810124397,-0.01353405974805355,-0.0503670834004879,-0.02446236088871956,-0.030372004956007004,-0.03271270543336868,0.03312505781650543,-0.009481711313128471,-0.013454247266054153,-0.04862597584724426,-0.016087841242551804,0.0071039507165551186,-0.02280541881918907,-0.0022763425949960947,-0.01483949925750494,0.008765360340476036,0.029665276408195496,0.0015475972322747111,-0.04372432455420494,0.020770305767655373,0.03302622586488724,-0.04307270050048828,0.02263970673084259,-0.0007530750008299947,-0.001611774554476142,-0.005755106918513775,0.04192472621798515,0.0043268827721476555,-0.005279899574816227,-0.0027508619241416454,-0.00646843621507287,0.016166087239980698,-0.0007497720653191209,-0.02938268892467022,-0.01599511131644249,-0.020230397582054138,-0.08361312747001648,0.056315191090106964,0.02029210701584816,-0.036044903099536896,-0.0705186054110527,0.019572123885154724,0.04019644111394882,0.01764870248734951,0.0033813181798905134,0.02315213717520237,-0.032822079956531525,0.033866479992866516,-0.02004840038716793,0.009519742801785469,-0.008307763375341892,-0.019979722797870636,0.03551211953163147,-0.03884817659854889,0.015885842964053154,-0.05266845226287842,-0.022538095712661743,-0.07465820014476776,-0.014475839212536812,-0.03789880499243736,-0.025119507685303688,-0.011305058375000954,-0.03816920146346092,0.033348310738801956,-0.01018234807997942,0.0179364662617445,-0.018022654578089714,0.029270056635141373,-0.03781423345208168,0.02951834909617901,-0.05863283574581146,0.05309148505330086,-0.00249952613376081,0.028151625767350197,-0.049419596791267395,-0.008415049873292446,-0.026521027088165283,-0.008345304057002068,-0.0062916032038629055,0.006669274996966124,-0.04643581807613373,-0.025908678770065308,-0.03890306130051613,-0.003203088417649269,-0.007299873977899551,-0.03392631560564041,0.00963787641376257,0.03352998197078705,0.01918751560151577,0.011823821812868118,0.014165262691676617,-0.05655628442764282,-0.016019662842154503,-0.008141925558447838,0.001864470075815916,0.04137790948152542,0.0039101578295230865,-0.009222178719937801,-0.040101129561662674,0.0038286878261715174,-0.001049960614182055,-0.03269568830728531,0.014061639085412025,-0.030483799055218697,0.006164275109767914,-0.026704953983426094,0.014917965978384018,-0.0115892319008708,-0.027223970741033554,-0.04194391518831253,0.007130736485123634,-0.0577004998922348,-0.03611883893609047,-0.05098848417401314,-0.013125166296958923,-0.03438809514045715,0.026085754856467247,-0.017245227470993996,-0.0085364431142807,0.0225589070469141,0.006253582425415516,-0.030064908787608147,0.025859273970127106,-0.13347159326076508,0.0012194843729957938,-0.011543902568519115,0.03193681687116623,-0.02949051558971405,0.0034050620160996914,-0.0693073719739914,-0.031036317348480225,-0.008616350591182709,0.0023263718467205763,0.004250692669302225,-0.028683917596936226,0.006911812350153923,-0.020878182724118233,-0.004283843096345663,0.03254270926117897,-0.021240418776869774,-0.03153636306524277,-0.009508518502116203,-0.00577063811942935,-0.005145045928657055,-0.03659544140100479,-0.028753912076354027,-0.008386414498090744,0.016092073172330856,0.03123241290450096,0.04020262882113457,0.0002668894303496927,-0.020631304010748863,-0.028179390355944633,0.026595719158649445,-0.05220954120159149,0.025777379050850868,0.03513908013701439,0.03593718633055687,0.030929991975426674,-0.015403058379888535,-0.0033412000630050898,-0.03393799811601639,-0.023815857246518135,-0.019094331189990044,0.002298646839335561,-0.018179165199398994,0.02274373173713684,0.043370939791202545,-0.026232415810227394,-0.003351586638018489,-0.033133260905742645,-0.01714654080569744,-0.028293272480368614,0.028212841600179672,0.026873910799622536,-0.07373588532209396,0.010435307398438454,0.04163777455687523,0.04087649658322334,-0.03103138878941536,0.0001254742091987282,-0.03174109384417534,0.035547155886888504,-0.006830253172665834,0.020361199975013733,-0.034345708787441254,-0.05342837795615196,0.007481389679014683,0.011359418742358685,-0.015183624811470509,0.00022555554460268468,-0.0008799764909781516,0.017098089680075645,-0.016098909080028534,-0.015224606730043888,-0.007744958624243736,-0.0021033044904470444,-0.004079793579876423,-0.00842638686299324,-0.02360641211271286,-0.03249584510922432,-0.004755157046020031,-0.046129509806632996,-0.044267360121011734,0.047228917479515076,-0.008958897553384304,-0.009415899403393269,0.018390128389000893,-0.048365846276283264,-0.02722385711967945,0.005415963474661112,-0.0541175976395607,-0.031808167695999146,-0.021229319274425507,-0.05828627571463585,-1.7315795048489235e-05,-0.006626052316278219,-0.007841693237423897,0.022913923487067223,0.01734590157866478,0.03441401943564415,-9.501382010057569e-05,-0.001815715921111405,0.021004151552915573,-0.04886050522327423,0.023242462426424026,-0.002394983312115073,-0.04650835320353508,0.0532013475894928,0.0438835546374321,-0.01813502050936222,0.011957306414842606,0.01610460877418518,0.02091291919350624,0.0036518373526632786,-0.010198181495070457,0.007540061604231596,-0.044075652956962585,-0.03684253990650177,0.009497040882706642,0.005334573332220316,-0.01749926619231701,0.01914464682340622,0.02513875439763069,-0.03682000935077667,-0.013351185247302055,-0.02389903925359249,0.04420936852693558,0.06468479335308075,0.04959466680884361,0.025340449064970016,0.009504681453108788,0.029016999527812004,0.020228978246450424,-0.02207031473517418,-0.009459050372242928,0.018516331911087036,0.05517246574163437,-0.017353970557451248,-0.02039012685418129,0.0330677255988121,-0.037488505244255066,-0.03682109713554382,-0.008041683584451675,-0.03025077097117901,0.01133345253765583,-0.051507554948329926,0.03693670406937599,0.03288417309522629,-0.010347512550652027,-0.0014712183037772775,0.013302396051585674,-0.0545927956700325,0.01254112645983696,0.008890019729733467,-0.037149570882320404,0.06633739173412323,-0.04692479223012924,0.006183295045047998,-0.03707452863454819,-0.03427092730998993,-0.02618960104882717,0.048122912645339966,0.016811685636639595,-0.02319241873919964,-0.004269165452569723,-0.02316480129957199,-0.02244683727622032,0.013503139838576317,-0.028638338670134544,0.024164093658328056,-0.021491436287760735,0.05113142356276512,-0.017047658562660217,0.03095964901149273,-0.02552517130970955,-0.031316161155700684,0.029108110815286636,-0.03514556586742401,0.006879824213683605,0.007374294102191925,0.013126282952725887,0.023032797500491142,0.008320608176290989,-0.016661714762449265,0.06716138869524002,0.006347811780869961,0.008734384551644325,0.008561312220990658,0.0032758312299847603,0.012009960599243641,0.025295263156294823,-0.01774149015545845,-0.003450964577496052,-0.027435695752501488,0.04135897010564804,-0.029167121276259422,0.028545500710606575,0.007696070242673159,0.03209073096513748,0.05823509767651558,0.0093794921413064,0.0161275714635849,-0.039835333824157715,0.029947910457849503,0.022193370386958122,-0.01410982571542263,-0.016119064763188362,0.01636403053998947,0.07706473767757416,-0.007741937879472971,0.052299920469522476,-0.004701877944171429,0.015609564259648323,0.01722424291074276,0.004546444397419691,0.004094455391168594,-0.014313806779682636,-0.02647734247148037,0.012042331509292126,0.017918815836310387,0.0006339174578897655,-0.007914053276181221,0.03301164135336876,0.06040763109922409,0.0006460323347710073,-0.007649592589586973,-0.029210682958364487,-0.00022226017608772963,0.028775539249181747,-0.002681121462956071,-0.012835444882512093,0.0019040171755477786,-0.02591826394200325,-0.01650802046060562,-0.04671106114983559,-0.005120064131915569,-0.0049540274776518345,0.008834579028189182,-0.0461556650698185,0.04079262539744377,-0.0207218024879694,0.006089346949011087,-0.014671307057142258,0.020990420132875443,0.07017706334590912,-0.04076486453413963"
https://help.ptsecurity.com/ru-RU/projects/mp10/27.4/help/1204459659,https://help.ptsecurity.com/ru-RU/projects/mp10/27.4/help/1204459659,Работа с дашбордами и виджетами · MaxPatrol 10 · Справочный портал,"Ра­бо­та с даш­бор­да­ми и ви­дже­та­ми
На глав­ной стра­ни­це MaxPatrol 10 на даш­бор­дах пред­став­ле­ны дан­ные, по­лу­чен­ные в про­цес­се мо­ни­то­рин­га ин­фор­ма­ци­он­ной без­опас­но­сти. Вы мо­же­те:
Про­смат­ри­вать ста­ти­сти­че­скую ин­фор­ма­цию на даш­бор­дах. Стан­дарт­ные ви­дже­ты отоб­ра­жа­ют ин­фор­ма­цию об ак­ти­вах, вхо­дя­щих в группы ак­ти­вов, а та­к­же о тех со­бы­ти­ях и ин­ци­ден­тах, ко­то­рые свя­за­ны с ак­ти­ва­ми из групп ак­ти­вов. Поль­зо­ва­тель­ские ви­дже­ты отоб­ра­жа­ют ин­фор­ма­цию о со­бы­ти­ях.
Со­зда­вать, пе­ре­име­но­вы­вать, из­ме­нять, пе­ре­ме­щать и уда­лять поль­зо­ва­тель­ские даш­бор­ды.
Со­зда­вать, из­ме­нять, пе­ре­ме­щать и уда­лять ви­дже­ты.
Вы­гру­жать дан­ные с гра­фи­че­ских ви­дже­тов в файл фор­ма­та PNG, а с таб­лич­ных ви­дже­тов — в файл фор­ма­та CSV, XLSX, JSON или XML.
Параметры модуля retrocorrelator
Виджеты по активам",0,работа дашбордами виджетами главной странице maxpatrol10 дашбордах представлены данные полученные процессе мониторинга информационной безопасности можете просматривать статистическую информацию дашбордах стандартные виджеты отображают информацию активах входящих группы активов также тех событиях инцидентах которые связаны активами групп активов пользовательские виджеты отображают информацию событиях создавать переименовывать изменять перемещать удалять пользовательские дашборды создавать изменять перемещать удалять виджеты выгружать данные графических виджетов файл формата png табличных виджетов файл формата csv xlsx json xml параметры модуля retrocorrelator виджеты активам,"-0.008805224671959877,-0.03301796689629555,-0.0556119903922081,0.02185567282140255,-0.06155204027891159,-0.047557469457387924,0.025156313553452492,0.05263636261224747,-0.0020883018150925636,0.010419842787086964,-0.02140604890882969,-0.03401714190840721,-0.0240524560213089,0.0036949359346181154,0.04944020137190819,-0.0005902922712266445,0.03031841665506363,0.005810711067169905,0.009181777015328407,-0.013421526178717613,-0.01395924761891365,-0.013419863767921925,-0.00011054269998567179,0.03181123360991478,-0.03445529192686081,-0.023451805114746094,-0.016658542677760124,-0.03344866633415222,0.0016744222957640886,0.08625548332929611,-0.0005284221842885017,-0.022036846727132797,0.042898908257484436,-0.009208373725414276,-0.05974461883306503,0.002395310439169407,-0.06439971923828125,-0.0069108568131923676,-0.04141881689429283,0.0570458322763443,-0.04098595678806305,0.049887482076883316,-0.0018183938227593899,0.0020937060471624136,-0.020622948184609413,-0.03489113226532936,0.0019268372561782598,-0.016261283308267593,-0.06276053935289383,-0.04058344289660454,-0.024256384000182152,0.02948743849992752,0.02330588549375534,-0.054121874272823334,0.00040545541560277343,0.07443080097436905,-0.03205418214201927,-0.004997769370675087,-0.025237252935767174,0.04257873073220253,-0.01967165246605873,0.0026078498922288418,-0.03374432399868965,-0.017997099086642265,0.04394330456852913,0.08534874022006989,0.008335975930094719,0.024667898193001747,-0.021163664758205414,0.00643892353400588,0.011543814092874527,-0.01978127844631672,0.002162666991353035,-0.008039344102144241,-0.05546555668115616,0.014150780625641346,-0.0025130980648100376,-0.02238442376255989,0.008351730182766914,-0.03584045171737671,-0.03207378834486008,0.007714533247053623,0.008046729490160942,0.013837807811796665,-0.020049897953867912,0.04416632652282715,0.029766671359539032,0.06015662103891373,0.01872158795595169,-0.004165187012404203,0.013142473995685577,-0.04601505398750305,0.048815347254276276,-0.0428684800863266,-0.03829284384846687,-0.030866647139191628,-0.013860737904906273,-0.008579048328101635,0.013059617020189762,0.03206219524145126,0.051671627908945084,0.010269258171319962,0.009085321798920631,0.017557937651872635,0.05138316750526428,-0.03138739615678787,0.034048642963171005,0.00011850045848404989,-0.026762835681438446,0.0004413569113239646,-0.013760766014456749,-0.045917022973299026,-0.0012085370253771544,0.04673990607261658,0.015467465855181217,-0.009432950988411903,0.010814297012984753,-0.043391257524490356,-0.012520035728812218,-0.0018920957809314132,0.06277962028980255,0.0021512112580239773,0.06485164165496826,0.010897473432123661,0.023069830611348152,-0.02762546017765999,-0.0073768203146755695,0.031403690576553345,0.056138232350349426,0.002834671875461936,0.03300265967845917,0.0611591562628746,0.03525712713599205,0.012141091749072075,-0.014745954424142838,-0.027253873646259308,0.00204858067445457,0.04436234012246132,-0.007309458684176207,-0.033636435866355896,0.06465944647789001,0.06558554619550705,-0.05565543845295906,-0.055961016565561295,0.021758269518613815,-0.08247271925210953,0.03504657372832298,0.0027405701112002134,0.0008650447125546634,-0.002647273475304246,-0.01606312394142151,0.03999974951148033,-0.008692938834428787,0.009649849496781826,0.020351290702819824,-0.02746765874326229,0.014644728973507881,-0.0274578295648098,0.026018602773547173,0.009076532907783985,-0.02571675181388855,-0.008759710006415844,-0.03632243350148201,0.03625032305717468,0.014569442719221115,0.014182884246110916,0.0045799557119607925,-0.008907661773264408,0.03311297297477722,0.012869722209870815,0.06201343610882759,-0.0718240737915039,-0.015615313313901424,0.008470670320093632,0.026098810136318207,-0.009471059776842594,0.06384636461734772,0.01986810937523842,-0.02460596337914467,-0.02104220539331436,-0.0037335441447794437,0.015712181106209755,-0.01852724514901638,0.023015836253762245,-0.008031606674194336,0.04088997840881348,-0.01568334922194481,0.0004215264634694904,0.017286140471696854,0.026437845081090927,-0.028694618493318558,0.006166290957480669,0.07576880604028702,-0.06185773387551308,0.013582919724285603,-0.020612534135580063,-0.010974861681461334,0.01660420000553131,0.012431212700903416,-0.02192107029259205,-0.005487153306603432,0.03290967643260956,0.021738871932029724,-0.042747367173433304,-0.023978935554623604,0.01618177630007267,-0.008249420672655106,-0.0014825601829215884,0.02456306666135788,-0.047248098999261856,0.00307324156165123,0.05723120644688606,0.041109178215265274,0.03177572041749954,-0.04065265133976936,0.006078029051423073,0.03029862977564335,0.0012515439884737134,0.009623883292078972,-0.007024236489087343,-0.013047002255916595,-0.001545630395412445,0.009303946979343891,-0.005769356153905392,-0.022508176043629646,-0.016652647405862808,-0.006205822341144085,0.02024058997631073,-0.006125612650066614,0.009544804692268372,-0.032697081565856934,0.04972358047962189,0.04814423620700836,0.01945786364376545,0.0531240850687027,-0.017843089997768402,-0.03642312064766884,-0.014142653904855251,0.01097639836370945,0.026830116286873817,-0.004814081825315952,-0.04310842975974083,-0.01850038766860962,-0.029552489519119263,-0.040665119886398315,0.008604511618614197,0.030894506722688675,0.022918427363038063,0.003929853904992342,-0.005197491496801376,0.008082756772637367,0.01858951523900032,0.001992270816117525,-0.008029329590499401,0.024787895381450653,-0.014316762797534466,0.021071644499897957,-0.01045315433293581,-0.04915585741400719,0.0013247349997982383,0.023486729711294174,0.020495284348726273,-0.018821481615304947,-0.012341459281742573,0.0068229069001972675,0.025359734892845154,0.012429186142981052,0.01385562028735876,0.016972048208117485,0.02167355827987194,0.019850289449095726,-0.0023670722730457783,0.03740423917770386,-0.025469869375228882,0.00736643373966217,-0.001302956254221499,-0.06237242743372917,-0.013570167124271393,0.10359209775924683,0.022523075342178345,-0.03948373347520828,0.006516149267554283,0.009529626928269863,0.020768476650118828,-0.004224792122840881,0.020352963358163834,-0.0398266538977623,-0.005106796510517597,-0.024552902206778526,-0.021184537559747696,-0.06319212168455124,0.0034616091288626194,0.05809178203344345,0.006277784705162048,0.029130969196558,0.030789334326982498,-0.02608659118413925,-0.14473380148410797,0.03436833992600441,0.01731659658253193,-0.010467703454196453,-0.003655273001641035,0.004834527615457773,-0.012771524488925934,0.029895486310124397,-0.04573329910635948,0.04048633202910423,-0.031099997460842133,-0.06208915263414383,-0.013849781826138496,-0.010142907500267029,0.011545529589056969,0.020596686750650406,-0.017598772421479225,0.005021257326006889,-0.05265125259757042,-0.024500034749507904,-0.03532278910279274,-0.0024533208925276995,0.012092066928744316,0.021841449663043022,-0.05548229068517685,-0.02402135170996189,0.08307601511478424,-0.015524533577263355,2.4041666620178148e-05,0.0008198997238650918,-0.004203050397336483,0.009558912366628647,0.010369881056249142,0.020094892010092735,-0.05814710631966591,0.014279439114034176,-0.026684720069169998,-0.03133893385529518,-0.0005905274883843958,-0.04902614280581474,0.021462006494402885,0.08537115156650543,0.011188450269401073,0.013939645141363144,0.022633366286754608,0.0259905643761158,-0.003763030981644988,-0.009305971674621105,-0.025294238701462746,-0.010534706525504589,-0.0342898964881897,0.008579890243709087,0.03197304904460907,-0.0751412883400917,-0.0481383353471756,-0.0032410710118710995,0.01637471839785576,0.02175247110426426,0.005730876699090004,0.01078258641064167,0.0027382608968764544,-0.03985492140054703,0.03034360148012638,-0.02639016881585121,-0.04316253587603569,0.0178659837692976,0.050203245133161545,-0.034644097089767456,0.005449914839118719,-0.029066478833556175,0.0009571831906214356,-0.07012125104665756,-0.016474394127726555,0.01499226875603199,-0.013276185840368271,0.022897599264979362,-0.043623387813568115,0.01349785178899765,-0.005255483090877533,-0.11833047866821289,0.00704865762963891,0.013374822214245796,0.05789214000105858,0.024273687973618507,-0.020891264081001282,0.0007510942523367703,0.019260942935943604,-0.03340505436062813,0.017727049067616463,0.2307160496711731,-0.0024622869677841663,-0.024566959589719772,0.015916090458631516,0.0370745025575161,-0.03577905893325806,0.03576318919658661,0.06887772679328918,-0.022686554118990898,-0.0016488295514136553,-0.009402294643223286,0.03264594078063965,-0.0038351393304765224,-0.009321576915681362,0.015942325815558434,0.00771339749917388,-0.033759020268917084,0.01527162455022335,0.05306056886911392,-0.032791659235954285,0.008946043439209461,0.017482468858361244,-0.02800716646015644,0.041274845600128174,-0.04696992412209511,0.008323726244270802,0.006510382518172264,0.013807914219796658,-0.0030876989476382732,0.06389563530683517,-0.012639467604458332,0.035861141979694366,0.02587851509451866,0.027462568134069443,-0.009599078446626663,0.052766334265470505,0.00719944853335619,-0.03496512770652771,-0.04700260981917381,0.012214025482535362,-0.036281634122133255,-0.040525343269109726,0.003965792711824179,0.024666057899594307,-0.0028721699491143227,-0.02931004762649536,0.02593029849231243,0.012630905956029892,-0.027964459732174873,0.004405288957059383,0.014150281436741352,-0.026080582290887833,0.027388373389840126,-0.015045956708490849,-0.0026968326419591904,-0.012165801599621773,-0.006460492964833975,-0.02967364713549614,0.008538980968296528,-0.002016949001699686,0.0053039491176605225,-0.02003459446132183,-0.04462498426437378,-0.037013791501522064,-0.04454006254673004,-0.037461988627910614,-0.012494290247559547,0.019619205966591835,0.02613702416419983,0.005717381369322538,0.01030614785850048,0.04354410618543625,0.028818562626838684,-0.013281740248203278,0.030758114531636238,-0.061422888189554214,0.018513264134526253,-0.004968259483575821,-0.08222849667072296,-0.022433383390307426,-0.06325052678585052,0.004822314251214266,-0.009581607766449451,0.030314642935991287,0.02380853146314621,0.04984177276492119,-0.049309853464365005,0.07193586975336075,-0.020313870161771774,0.029594561085104942,0.03727710247039795,-0.010280449874699116,-0.026872150599956512,0.02918367274105549,0.032730236649513245,0.058254044502973557,-0.04523491859436035,-0.025470279157161713,-0.035253189504146576,0.0327659472823143,-0.011173953302204609,-0.04544676095247269,-0.030126260593533516,-0.035308901220560074,0.0011284144129604101,-0.02662663161754608,-0.0003635902830865234,0.025739343836903572,0.006485759746283293,0.011502533219754696,-0.06299091875553131,0.01287753228098154,0.02183588035404682,-0.03414540737867355,-0.015217022970318794,0.054596591740846634,0.0578046515583992,-0.007818242534995079,0.014204882085323334,-0.039672933518886566,-0.01986336149275303,0.05405673012137413,-0.001021666219457984,0.04236672446131706,-0.0015007606707513332,-0.09268993139266968,-0.019189123064279556,0.030765315517783165,-0.019815050065517426,0.04959391430020332,-0.03383374959230423,-0.015421323478221893,-0.027826281264424324,-0.0069686053320765495,-0.013188203796744347,-0.01799328252673149,0.03242236748337746,-0.013716444373130798,0.0017398175550624728,0.04760231077671051,0.0004142641555517912,-0.005291820503771305,-0.009095077402889729,0.02851266786456108,0.0010107476264238358,0.06032737344503403,-0.007686658762395382,-0.0021384968422353268,-0.04326735809445381,0.025939777493476868,0.009726844727993011,0.03995714336633682,0.025133714079856873,0.004026747774332762,0.011940096504986286,0.010853874497115612,-0.051102712750434875,-0.008948550559580326,-0.0034605897963047028,-0.006618860177695751,0.011907578445971012,-0.019663680344820023,0.023598844185471535,0.034024227410554886,0.007299662102013826,-0.003960772883147001,-0.03100140392780304,-0.0036781455855816603,-0.00589281739667058,-0.04210273176431656,0.006256892345845699,-0.06238711252808571,-0.07165565341711044,0.021923478692770004,0.03219841793179512,0.01946277730166912,-0.02699289657175541,0.00558839738368988,0.027603879570961,-0.001867876504547894,-0.00019592256285250187,0.000320409337291494,0.005341716110706329,-0.04986998066306114,0.04776786267757416,0.010870850645005703,-0.008528737351298332,-0.009613421745598316,0.0267033651471138,-0.04558834433555603,-0.005526422522962093,0.11309415847063065,0.048569340258836746,-0.011814585886895657,0.04181955009698868,-0.0017316830344498158,0.032622408121824265,0.028205541893839836,0.0008131308131851256,-0.014473006129264832,-0.0018695802427828312,-0.019471323117613792,0.004798711743205786,0.025111820548772812,-0.019361158832907677,0.008262624964118004,0.01038952637463808,-0.018079692497849464,-0.017192071303725243,-0.0002853514743037522,0.010739329271018505,-0.029340030625462532,-0.010300434194505215,0.0007265462190844119,0.05004159361124039,-0.021686237305402756,0.0027071917429566383,0.02959362603724003,0.010699099861085415,-0.06479933112859726,0.0029375997837632895,0.010342670604586601,-0.007307114545255899,-0.025759084150195122,-0.03236260265111923,0.01870804838836193,0.0258626826107502,-0.005804524756968021,-0.02584664523601532,-0.009909648448228836,-0.006749686785042286,0.0274722371250391,0.04052068665623665,-0.015426279045641422,-0.050619617104530334,-0.04155848175287247,-0.012903169728815556,0.010040974244475365,0.003585600992664695,0.009057282470166683,-0.012982657179236412,0.04815711826086044,0.049039408564567566,0.006758609786629677,-0.0025417786091566086,0.011287390254437923,-0.032977040857076645,0.008547578006982803,-0.01208703313022852,0.023855585604906082,-0.0253638606518507,-0.054284293204545975,-0.00020348273392301053,-0.05080856382846832,0.007832656614482403,0.030633196234703064,-0.005157878156751394,-0.02475542575120926,-0.03531857952475548,-0.03818391263484955,-0.04856094345450401,0.014033502899110317,-0.014105894602835178,-0.030962111428380013,-0.028919950127601624,-0.0012220091884955764,-0.0475693978369236,-0.06535927951335907,-0.033149391412734985,-0.05171476677060127,-0.011694726534187794,-0.014134657569229603,0.02681226097047329,0.0042290412820875645,-0.023316651582717896,0.015630856156349182,-0.006435238756239414,0.024719687178730965,0.021716708317399025,-0.00721961772069335,-0.04781310260295868,-0.02952309511601925,-0.007907441817224026,0.02955513820052147,-0.04307127371430397,-0.05302441120147705,0.037679482251405716,-0.03657957538962364,-0.017094645649194717,0.004029923118650913,0.016248801723122597,0.020169727504253387,-0.03615191578865051,0.015375335700809956,0.014124218374490738,0.01950286515057087,-0.014764832332730293,0.025311395525932312,-0.0030530919320881367,0.009549974463880062,0.013147730380296707,0.0008024748531170189,0.027460355311632156,0.01043614000082016,-0.0006726887077093124,-0.0031847089994698763,0.011408651247620583,-0.01464053150266409,0.03125996142625809,-0.004087196663022041,-0.014022713527083397,-0.06123441457748413,0.023599226027727127,-0.00023911184689495713,0.015996549278497696,-0.04527653008699417,0.032111018896102905,-0.08584393560886383,0.020573316141963005,-0.014108327217400074,-0.019376467913389206,0.009093964472413063,-0.02498307079076767,0.023998292163014412,-0.0370979867875576,0.027226272970438004,-0.026502175256609917,-0.001573812449350953,-0.012771368026733398,0.01990361697971821,-0.01824885793030262,-0.030325254425406456,0.017312508076429367,-0.00421118875965476,-0.018917936831712723,-0.00656057009473443,0.0605221763253212,-0.00835984107106924,-0.00650040665641427,0.02412831224501133,0.019548531621694565,0.013947597704827785,0.019736358895897865,-0.011385772377252579,0.02599036507308483,-0.03268987685441971,0.0016932565486058593,-0.0012172675924375653,-0.0051032365299761295,-0.01722523756325245,-0.00973254069685936,0.0009429371566511691,0.005367416422814131,-0.04398893937468529,-0.007147431373596191,-0.033072974532842636,-0.047219209372997284,-0.01263982430100441,0.025952981784939766,0.012360627762973309,-0.003215906210243702,0.037360623478889465,0.002147895051166415,-0.027608178555965424,0.014996035024523735,-0.018446432426571846,0.0379934161901474,-0.004448122810572386,-0.011612268164753914,-0.012668573297560215,-0.014686940237879753,0.0009203166700899601,-0.059157442301511765,-0.00010188443411607295,-0.02956458553671837,0.04146772250533104,-0.04436971992254257,-0.03518921881914139,0.04810246080160141,0.004577662330120802,-0.012283419258892536,0.03466012701392174,-0.014860076829791069,-0.025481155142188072,-0.005506911315023899,-0.018717976287007332,-0.0017218239372596145,0.025934433564543724,-0.011273500509560108,0.0326649509370327,0.0075915600173175335,-0.010307593271136284,0.0003713419719133526,0.04628598690032959,-0.13476897776126862,-0.021783171221613884,-0.008703828789293766,-0.0064551313407719135,-0.006660588551312685,-0.005241679027676582,0.014156310819089413,-0.053166843950748444,-0.011695494875311852,-0.007434491999447346,0.0031988511327654123,-0.010360817424952984,0.0369841642677784,-0.02045457996428013,0.010388913564383984,0.028406890109181404,-0.0063080317340791225,-0.031807638704776764,-0.03388848528265953,0.06590874493122101,-0.007337270770221949,0.03335980698466301,0.0020144989248365164,0.00108242011629045,0.0342521071434021,-0.0004602603439707309,0.024072350934147835,0.013891755603253841,-0.023993179202079773,-0.018658658489584923,-0.02138720452785492,-0.0650784820318222,0.024796608835458755,0.04770012944936752,-0.00934169813990593,0.00867702066898346,0.005979636218398809,-0.022882485762238503,0.0019603094551712275,0.009707166813313961,0.005651864688843489,-0.00516053382307291,-0.03272893652319908,-0.01210071798413992,0.011117248795926571,0.09385862201452255,-0.032359566539525986,-0.022941162809729576,-0.050046008080244064,0.03737427294254303,0.014148104004561901,0.004768691025674343,-0.015342338010668755,0.031888123601675034,-0.012452993541955948,-0.008280866779386997,-0.024584315717220306,-0.026072965934872627,-0.015445982106029987,0.04436880722641945,-0.031828850507736206,0.03162478283047676,-0.015916857868433,-0.03299197927117348,0.02339760586619377,0.03269580379128456,0.0032580827828496695,0.0490647591650486,0.031559549272060394,-0.04489753767848015,0.029324322938919067,-0.0294110719114542,-0.01951669529080391,-0.03007102757692337,0.03228672593832016,-0.01924274116754532,-0.002907073823735118,-0.011362669989466667,-0.023115403950214386,-0.020581891760230064,-0.041023142635822296,-0.032905034720897675,-0.02852656878530979,-0.01888829469680786,0.04243026301264763,-0.02782279998064041,-0.015257081016898155,-0.0055340309627354145,-0.04399735853075981,-0.061460964381694794,-0.023823581635951996,-0.04503011703491211,-0.02592107653617859,0.010000953450798988,-0.02753029577434063,0.01681395247578621,-0.011849712580442429,-0.05103050917387009,0.01971997693181038,0.000848091091029346,0.046102125197649,-0.005735720507800579,0.01934005506336689,-0.01462795864790678,-0.04082716256380081,0.012783249840140343,-0.0075996676459908485,-0.012890070676803589,-0.036823809146881104,-0.009829271584749222,-0.00802750512957573,0.0394519567489624,-0.012015032581984997,0.023370347917079926,-0.05114365369081497,0.0024341123644262552,0.03546455129981041,0.02857355773448944,0.0029206941835582256,0.012900732457637787,0.025804612785577774,0.00925440527498722,0.005739630199968815,-0.017101632431149483,0.04591813310980797,-0.0130021246150136,-0.0025716163218021393,0.045459993183612823,0.013625416904687881,-0.025206629186868668,0.0014738085446879268,-0.010500487871468067,-0.02130971848964691,0.024530865252017975,0.041122786700725555,0.03540007770061493,0.01425484474748373,0.03432537987828255,-0.04355047643184662,-0.0035438595805317163,-0.02325226180255413,-0.0017989110201597214,0.0025110444985330105,-0.029684005305171013,0.07518351078033447,-0.00856881495565176,0.017043229192495346,0.0011612112866714597,-0.004432592540979385,-0.04449768364429474,-0.016123471781611443,-0.014249646104872227,-0.013666978105902672,0.03163525462150574,-0.03180358186364174,0.015807533636689186,0.03208014369010925,0.02478199452161789,-0.037533026188611984,0.04855668172240257,0.009058262221515179,-0.016922131180763245,-0.004392431117594242,-0.021898070350289345,-0.00012464119936339557,-0.008598670363426208,-0.04160132259130478,0.00084421451902017,-0.05110914260149002,0.006527567747980356,0.004155502654612064,0.025419486686587334,-0.015747636556625366,-0.010969378985464573,0.022327085956931114,-0.023548848927021027,-0.010121379047632217,-0.0026182616129517555,0.019266732037067413,0.02265666425228119,-0.003630053484812379,-0.02749946527183056,0.03716582804918289,0.018063519150018692,0.03987397998571396,0.05028140917420387,0.031549159437417984,-3.3524949685670435e-05,-0.006646136753261089,0.0036393108312040567,-0.008420484140515327,0.01486467570066452,0.012139768339693546,-0.00631633261218667,0.011486221104860306,-0.029231268912553787,0.03247547149658203,-0.016157183796167374,-0.008325455710291862,0.049363285303115845,-0.052950095385313034,0.0010937664192169905,-0.00551651744171977,0.01322629302740097,0.018597442656755447,-0.02764652669429779,0.010380671359598637,0.0008880804525688291,0.05449722707271576,0.0184470321983099,0.029760288074612617,-0.023496856912970543,-0.012063434347510338,0.042220160365104675,-0.011870816349983215,-0.011157146655023098,-0.0270051509141922,-0.004390012938529253,-0.017998531460762024,-0.009991628117859364,0.035998642444610596,0.03465338796377182,-0.010208777152001858,6.106519140303135e-05,-0.06275570392608643,-0.03207897022366524,0.041381921619176865,0.01952640898525715,0.02940487489104271,-0.019160648807883263,-0.012819529511034489,0.013719691894948483,0.013101610355079174,0.008940575644373894,0.042914628982543945,0.02481103129684925,-0.07562687993049622,-0.03366244584321976,-0.009725527837872505,0.021836938336491585,0.028439640998840332,0.012992766685783863,0.02608666941523552,-0.030816132202744484"
https://help.ptsecurity.com/ru-RU/projects/mp10/27.4/help/2898745739,https://help.ptsecurity.com/ru-RU/projects/mp10/27.4/help/2898745739,Работа с уведомлениями · MaxPatrol 10 · Справочный портал,"Ра­бо­та с уве­дом­ле­ни­я­ми
Уве­дом­ле­ния MaxPatrol 10 со­дер­жат ин­фор­ма­цию об из­ме­не­ни­ях в IT-ин­фра­струк­ту­ре пред­при­я­тия, о ра­бо­те за­дач сбо­ра дан­ных, со­би­ра­е­мых со­бы­ти­ях и па­ра­мет­рах по­то­ка со­бы­тий, а та­к­же о вы­яв­ля­е­мых ин­ци­ден­тах ИБ и со­сто­я­нии си­сте­мы.
Вы мо­же­те ав­то­ма­ти­зи­ро­вать от­прав­ку уве­дом­ле­ний, со­зда­вая за­да­чи на стра­ни­це
Уве­дом­ле­ния
.
Удаление шаблона для экспорта записей
Создание задачи на отправку уведомления об изменении общего числа активов",0,работа уведомлениями уведомления maxpatrol10 содержат информацию изменениях it инфраструктуре предприятия работе задач сбора данных собираемых событиях параметрах потока событий также выявляемых инцидентах иб состоянии системы можете автоматизировать отправку уведомлений создавая задачи странице уведомления удаление шаблона экспорта записей создание задачи отправку уведомления изменении общего числа активов,"-0.010366315953433514,-0.01974627375602722,-0.04886086657643318,0.06873571872711182,-0.05051134154200554,-0.07612403482198715,0.01503689307719469,0.04118852689862251,0.032202549278736115,-0.017286719754338264,-0.022932013496756554,-0.03674384951591492,-0.02497413009405136,0.014772661030292511,0.05131227523088455,0.02138572372496128,0.02337668277323246,-0.005392685532569885,0.0083693852648139,-0.0039064353331923485,-0.004943643230944872,-0.013367944397032261,-0.015425880439579487,0.012160069309175014,-0.026569468900561333,-0.010607288219034672,-0.0236353799700737,-0.01517729926854372,0.02190626971423626,0.051239561289548874,0.0002980773278977722,-0.035484787076711655,0.01563105545938015,-0.004807706922292709,-0.02556847594678402,-0.029322823509573936,-0.029006818309426308,-0.028738316148519516,-0.039917364716529846,0.05970500037074089,-0.017374452203512192,0.010049957782030106,-0.01240853127092123,-0.04003667086362839,-0.022523319348692894,-0.01626788266003132,-0.018817776814103127,-0.026152921840548515,-0.047199543565511703,-0.03232140094041824,-0.023640744388103485,0.01769285649061203,0.014224838465452194,-0.05458373203873634,0.0061666276305913925,0.046204306185245514,-0.05732673779129982,0.029797440394759178,-0.032831110060214996,0.04538016393780708,-0.048594243824481964,0.015870295464992523,-0.0004802946059498936,-0.013550438918173313,0.011383852921426296,0.07586172223091125,-0.016755424439907074,0.015546061098575592,0.0023028713185340166,-0.02819647826254368,0.018065031617879868,-0.007161120418459177,-0.02312939427793026,-0.03181105852127075,-0.04363008216023445,0.01566561684012413,0.021148478612303734,-0.06404586136341095,-0.027956567704677582,-0.02197098359465599,-0.03812984377145767,-0.009197430685162544,-0.04679609835147858,0.03527328372001648,-0.0006581182242371142,-0.021453049033880234,0.0003560018085408956,0.041443027555942535,-0.0016843255143612623,0.025433281436562538,0.030797965824604034,-0.02164750173687935,0.03932594507932663,-0.04542921856045723,-0.044253092259168625,-0.04284769296646118,-0.012010341510176659,-0.0038453591987490654,0.008320915512740612,0.027632756158709526,0.025542663410305977,0.009285932406783104,-0.013940912671387196,0.0002911643823608756,0.03875136375427246,-0.02654138021171093,0.06881722807884216,0.020472249016165733,0.001307183876633644,0.0002625483903102577,0.013899430632591248,-0.030733920633792877,0.018322603777050972,0.02023446001112461,0.0253117848187685,-0.013107970356941223,0.0028891502879559994,-0.008205042220652103,0.027547558769583702,-0.04114209860563278,0.02466755360364914,0.041335612535476685,0.04502732679247856,0.025888293981552124,-0.037391308695077896,-0.030377773568034172,-0.02470450848340988,0.003305529011413455,0.03580516204237938,-0.0014958069659769535,0.0366474986076355,0.0532686710357666,0.03378874808549881,-0.023700591176748276,-0.033765845000743866,-0.0260988250374794,-0.006363740656524897,0.033610619604587555,-0.004267862532287836,-0.02522948570549488,0.025408901274204254,0.024167895317077637,-0.05445442348718643,-0.0205947645008564,0.002652105875313282,-0.05687977373600006,0.05053586885333061,0.022061442956328392,0.015032072551548481,-0.0005723387002944946,-0.023896627128124237,0.0541331022977829,0.02008066140115261,0.0375714935362339,0.019124353304505348,-0.014474592171609402,0.0037015064153820276,-0.0427786149084568,0.03625597432255745,0.00948104914277792,0.01680086739361286,0.007667203433811665,-0.03672317788004875,0.03853320702910423,0.007372797001153231,-0.009128189645707607,-0.02320302091538906,0.014073768630623817,0.008074087090790272,-0.041201766580343246,0.04325353726744652,-0.0608990341424942,-0.00678753899410367,0.005066731479018927,0.016470694914460182,-0.006222091149538755,0.07705230265855789,0.02370234951376915,-0.027128368616104126,-0.043651778250932693,0.004629626404494047,-0.014508595690131187,-0.007628822699189186,0.0024208673276007175,-0.005574934184551239,0.044840265065431595,-0.02741222083568573,-0.012779357843101025,0.00862520094960928,-0.01332020666450262,-0.0261446014046669,-0.03214767947793007,0.05373026803135872,0.010079240426421165,0.0060158721171319485,-0.012286444194614887,0.0034155359026044607,0.02722901664674282,0.0013643319252878428,0.020973702892661095,0.014636439271271229,0.026671133935451508,0.03184743598103523,-0.04991976544260979,-0.03931716829538345,-0.007779262028634548,0.015483735129237175,-0.04060608148574829,-0.010745992884039879,-0.0636354386806488,-0.0019998650532215834,0.01770162209868431,0.016441456973552704,0.008494348265230656,-0.03700728714466095,-0.0026839072816073895,0.016298500820994377,-0.01949739269912243,-0.005236684810370207,-0.0615009143948555,-0.0031789757777005434,0.05516648665070534,-0.009405945427715778,-0.002153051318600774,-0.038783881813287735,-0.01417153887450695,0.00026802238426171243,0.012371717020869255,-0.008949188515543938,0.0077544632367789745,-0.010426259599626064,0.03400740399956703,0.036530330777168274,-0.031835608184337616,0.021499447524547577,-0.02668691612780094,-0.026620106771588326,0.0020525879226624966,0.0003086184442508966,0.03369124233722687,-0.019941803067922592,-0.055327408015728,-0.01658378355205059,-0.009582599624991417,-0.032108958810567856,0.0642574280500412,-0.03234453871846199,0.027699977159500122,-0.0044542839750647545,-0.01701091229915619,0.003736663144081831,0.005190814379602671,0.019151031970977783,-0.02070699818432331,0.026216596364974976,-0.03293684497475624,0.006043938919901848,0.016543833538889885,0.007291701622307301,0.009432520717382431,-0.001741591258905828,0.030549248680472374,-0.004115342628210783,-0.00359844951890409,0.01802670955657959,0.015496776439249516,0.014371688477694988,-0.025257563218474388,0.005095052998512983,0.021665778011083603,0.004658457823097706,-0.06540872156620026,0.048204515129327774,-0.015805821865797043,0.029421208426356316,-0.012944096699357033,-0.05278075486421585,0.013056239113211632,0.08047658205032349,0.020324457436800003,-0.014596949331462383,0.006561493035405874,0.016274482011795044,0.011321302503347397,0.006420014426112175,0.014403760433197021,-0.03830023854970932,0.0144581263884902,-0.024429870769381523,-0.008369345217943192,-0.06824547797441483,0.003326260484755039,0.06089697405695915,-0.03299948200583458,0.05066275596618652,0.04874763265252113,-0.028520256280899048,-0.13182909786701202,-0.0013192419428378344,-0.03266265243291855,0.015297354198992252,0.0019900023471564054,0.01181821245700121,-0.005116878543049097,0.023662788793444633,-0.04454903304576874,0.06285945326089859,-0.006111753173172474,-0.04925800859928131,-0.022801287472248077,-0.001821015146560967,0.004947657696902752,0.01761351153254509,-0.04664656147360802,0.015004914253950119,-0.02166144736111164,-0.029264437034726143,-0.037145908921957016,-0.0018534357659518719,-0.0024343160912394524,0.010430692695081234,-0.09056900441646576,-0.03394996374845505,0.03204123303294182,-0.04783858358860016,0.00032098815427161753,0.03399183601140976,-0.0172727108001709,-0.00264973402954638,0.0062207612209022045,0.0016707225004211068,-0.013657787814736366,0.00027724282699637115,-0.0004159965319558978,-0.012771756388247013,0.013756825588643551,-0.004246432334184647,0.06122376397252083,0.011192220263183117,0.012689175084233284,0.0328967422246933,-0.007471723016351461,0.007109656929969788,0.0024623398203402758,-0.02285955473780632,-0.025586964562535286,-0.01745091937482357,-0.05104568600654602,0.0015257028862833977,0.021706895902752876,-0.050570983439683914,-0.03694150596857071,-0.02916538715362549,0.017208201810717583,0.04686851426959038,0.02992050163447857,0.023926114663481712,0.02076578140258789,0.005676060449331999,0.0071159894578158855,-0.044303689152002335,0.015726841986179352,0.0027842922136187553,0.06223365664482117,0.019629668444395065,-0.014598331414163113,-0.04255438968539238,0.007227008696645498,-0.051358457654714584,-0.012084975838661194,0.031109323725104332,-0.001515131676569581,0.014095674268901348,-0.03313922509551048,0.022287338972091675,-0.005188721232116222,-0.10862340778112411,-0.018910154700279236,-0.005103865172713995,0.02246830239892006,0.007953953929245472,-0.0159737728536129,-0.05211278051137924,0.029036078602075577,-0.010258632712066174,0.03882231190800667,0.22418217360973358,-0.011424420401453972,-0.015002341940999031,0.01988723874092102,0.047625698149204254,-0.05992870032787323,-0.0014582438161596656,0.05246364697813988,0.015851160511374474,-0.011813990771770477,0.021611234173178673,0.04530230164527893,0.017543837428092957,0.028624843806028366,0.004393207840621471,-0.03215187415480614,-0.01556008867919445,0.02064521424472332,0.03517525643110275,-0.01640205644071102,0.018213830888271332,-0.02199309691786766,-0.017119228839874268,0.011217284016311169,-0.039384931325912476,-0.02714887633919716,0.010710082948207855,0.04551534354686737,-0.033790502697229385,0.034528568387031555,-0.03764047846198082,0.020951446145772934,0.040740326046943665,0.03780144453048706,-0.042148247361183167,0.04567067697644234,0.017633117735385895,-0.03406699001789093,-0.013217875733971596,-0.010034051723778248,-0.023410316556692123,-0.03555847331881523,0.014124068431556225,-0.01996627449989319,-0.00946047529578209,-0.055679451674222946,0.0037584847304970026,0.015794117003679276,-0.031159382313489914,-0.016435090452432632,0.04647716134786606,-0.027147427201271057,-0.009365912526845932,-0.011781764216721058,-0.029510876163840294,0.0007611584733240306,-0.010231200605630875,0.007775770500302315,0.005455674137920141,0.023211201652884483,0.0238089207559824,-0.008100511506199837,-0.008455000817775726,0.005653344094753265,-0.0656445100903511,-0.03699145466089249,-0.03215121477842331,-0.03583450987935066,-0.0014851244632154703,0.01646992564201355,0.010135983116924763,0.039469558745622635,0.03112766146659851,-0.01537728775292635,-0.006424078717827797,-0.060285985469818115,0.01216167863458395,0.04118325561285019,-0.05758446082472801,-0.007114773150533438,-0.05263872817158699,0.001329892547801137,-0.047752559185028076,0.03145232051610947,0.017672162503004074,0.0331985205411911,0.010498590767383575,0.058120522648096085,-0.027096446603536606,0.06321604549884796,0.02040504477918148,-0.015822632238268852,0.012113647535443306,-0.004760094452649355,0.009094342589378357,0.04854607209563255,-0.017241502180695534,-0.02183806337416172,-0.005340289790183306,0.028584348037838936,0.003282787511125207,-0.029170168563723564,-0.018511304631829262,0.002676841802895069,0.022996343672275543,0.0017277165316045284,-0.015816880390048027,0.02271004393696785,-0.012092767283320427,0.04736320674419403,-0.045593228191137314,-0.003806926542893052,0.01445399597287178,-0.07566576451063156,0.0031520905904471874,0.04331638291478157,0.060770925134420395,0.03165244683623314,0.037720657885074615,-0.029474087059497833,-0.0334121435880661,0.047143734991550446,0.006444807164371014,0.05462108179926872,0.020402558147907257,-0.08131232857704163,0.015660293400287628,0.03451501950621605,-0.002453490160405636,0.04378857836127281,0.0015324990963563323,-0.007348726503551006,0.023289574310183525,-0.003553414950147271,0.0063909003511071205,0.006747164763510227,-0.032997243106365204,0.010928845033049583,0.03733351081609726,0.07423435896635056,-0.04229702427983284,0.017584776505827904,-0.024576472118496895,0.027639811858534813,-0.006580582354217768,0.01167701743543148,-0.030082333832979202,0.0063828458078205585,-0.06538142263889313,0.03159182146191597,-0.021667378023266792,0.0051829819567501545,0.04782315716147423,0.020400410518050194,0.020746629685163498,-0.08098926395177841,-0.0374952033162117,0.019770199432969093,0.018118713051080704,0.0054570636712014675,-0.008735292591154575,0.0013142257230356336,0.012700513005256653,0.06099831312894821,-0.025963135063648224,-0.005731454584747553,-0.006841094233095646,-0.020205819979310036,-0.015436108224093914,-0.020971575751900673,-0.0029220592696219683,-0.0674377903342247,-0.052946168929338455,0.0008739444310776889,0.014545207843184471,0.03634241595864296,-0.007502787746489048,0.02320106327533722,-0.03411409631371498,0.005585504695773125,-0.03369385376572609,0.009259412996470928,-0.0050408984534442425,-0.0377548448741436,0.029993368312716484,0.0014928277814760804,-0.0076705822721123695,-0.0004707537009380758,0.033354099839925766,-0.041083816438913345,-0.02717176266014576,0.1090131625533104,-0.0002476712688803673,-0.016488736495375633,0.06077263504266739,0.012218439020216465,0.030560513958334923,0.020812375470995903,0.01939576491713524,-0.007865021005272865,-0.018365096300840378,0.024031246080994606,-0.003270028857514262,0.011095314286649227,-0.001995493657886982,0.01891995221376419,-0.025933505967259407,-0.026349784806370735,0.023863106966018677,0.01614312455058098,0.005166618153452873,-0.00553898373618722,-0.031590115278959274,0.006161080673336983,0.021265022456645966,0.012702046893537045,0.011007988825440407,0.04400923103094101,0.02860838733613491,-0.07150156050920486,0.03680970147252083,0.019429760053753853,0.016285449266433716,-0.02179027907550335,-0.01447480358183384,0.03638743609189987,0.012553244829177856,-0.03511395305395126,-0.012350172735750675,-0.016113044694066048,-0.007945246994495392,-0.03996625542640686,0.07263267785310745,-0.005610126070678234,-0.0557686947286129,-0.04369131103157997,0.006944475695490837,0.008016284555196762,0.002227458404377103,0.0017561465501785278,-0.05605742707848549,0.0500870905816555,0.0710802897810936,0.04565735161304474,0.016480106860399246,0.0018418369581922889,-0.045513004064559937,-0.023563852533698082,-0.00777496537193656,-0.0005265510408207774,-0.017665795981884003,-0.06365681439638138,0.029428059235215187,-0.06640682369470596,-0.0014528445899486542,0.02718113362789154,-0.0264496598392725,0.008215609937906265,0.009130415506660938,-0.023321907967329025,-0.018600843846797943,-0.006431230343878269,0.008742624893784523,-0.007900796830654144,-0.0049204654060304165,-0.029773730784654617,-0.034473270177841187,-0.018381264060735703,-0.04693915694952011,-0.00987654086202383,-0.03446348011493683,-0.0008328590192832053,0.005112235900014639,-0.035868242383003235,0.007176360581070185,-0.004484446253627539,0.002552599646151066,0.03422851115465164,0.029086831957101822,0.00195710314437747,-0.02293737418949604,0.005699879955500364,0.02502351440489292,0.053570691496133804,0.02254459075629711,-0.04226359352469444,0.029304934665560722,-0.051003165543079376,-0.01633816957473755,-0.022196413949131966,0.005472363438457251,0.007825608365237713,-0.03099375031888485,0.005090862046927214,-0.009993036277592182,0.005345876794308424,0.012710529379546642,0.029687343165278435,-0.0039635612629354,0.0013714568922296166,-0.006937535014003515,-0.013981465250253677,0.016276581212878227,0.015280275605618954,-0.006794912274926901,-0.0008661243482492864,0.004769455175846815,-0.0360504612326622,0.014874771237373352,0.024776801466941833,-0.012310792692005634,-0.07023351639509201,0.018539292737841606,0.06622885912656784,0.014553068205714226,-0.03166201710700989,0.07293318957090378,-0.02276458591222763,0.009788170456886292,-0.02169407717883587,-0.034314390271902084,0.04190872609615326,-0.03603743389248848,0.02017074078321457,-0.055268023163080215,0.018487224355340004,-0.05606624484062195,-0.0281597338616848,-0.0355817936360836,0.00032100870157592,-0.030893972143530846,-0.027412354946136475,0.020706182345747948,-0.011583138257265091,-0.02259550616145134,-0.01857990399003029,0.02783154509961605,-0.001411846955306828,0.023024285212159157,-0.006104245316237211,-0.002914984943345189,-0.025926589965820312,0.06323297321796417,-0.01738187111914158,0.047046516090631485,-0.05664081126451492,0.010789619758725166,0.0038176863454282284,0.034924864768981934,-0.036713387817144394,-0.019313713535666466,0.010672972537577152,-0.04013691842556,-0.06433402001857758,0.01576887257397175,-0.007611154578626156,-0.03389669209718704,0.010491924360394478,0.02355782315135002,0.031481318175792694,-0.029888033866882324,0.07864178717136383,-0.0010656560771167278,-0.020320888608694077,0.012087834067642689,-0.010029656812548637,-0.002783185103908181,0.04983677342534065,-0.0016267645405605435,-0.011006061919033527,-0.013874311931431293,-0.0070545971393585205,-0.017469104379415512,0.04490784928202629,-0.015207955613732338,0.02534889057278633,-0.02931451052427292,-0.022642018273472786,0.020108886063098907,-0.01421040203422308,-0.01995265670120716,0.034856848418712616,0.008306643925607204,-0.03476902097463608,0.0019394310656934977,-0.056416887789964676,-0.02439638413488865,0.008402966894209385,0.018892640247941017,0.05171164125204086,-0.0007320295553654432,-0.026585061103105545,-0.010300143621861935,0.006454573944211006,-0.1225612610578537,-0.00834400299936533,0.0061780670657753944,0.005770305171608925,0.008665436878800392,0.0062476941384375095,-0.003011513501405716,-0.00967541802674532,-0.025883592665195465,0.0024726183619350195,0.02057877741754055,-0.03199945017695427,0.06115555763244629,-0.044855423271656036,0.023945219814777374,0.04038020968437195,-0.011785674840211868,-0.03050319291651249,0.010684050619602203,0.04307517781853676,-0.027052121236920357,0.00677790492773056,-0.024013331159949303,0.024192316457629204,0.030045704916119576,0.009991250932216644,0.019273169338703156,-0.010763543657958508,-0.02939651347696781,-0.00344273098744452,-0.009021907113492489,-0.027334749698638916,0.048933230340480804,0.042924635112285614,-0.03839566186070442,0.0004312902456149459,-0.012473502196371555,-0.013108612038195133,0.01010834239423275,-0.015637487173080444,-0.04360628500580788,0.014610511250793934,-0.046835239976644516,-0.024479176849126816,0.02419290505349636,0.05557205155491829,0.013040161691606045,-0.029007038101553917,-0.04910898208618164,0.04068159684538841,0.029265787452459335,0.0113243842497468,-0.016348188742995262,0.015287247486412525,-0.011893361806869507,-0.007294768001884222,-0.017643451690673828,-0.032106876373291016,-0.011738209053874016,0.07077598571777344,-0.0325692780315876,0.06657978147268295,-0.040421973913908005,-0.011510348878800869,0.020158089697360992,-0.012845550663769245,0.008921094238758087,0.017611578106880188,0.010956797748804092,-0.00488142017275095,0.006376506760716438,-0.005834067706018686,-0.010597020387649536,-0.0014358593616634607,-0.036706674844026566,0.006755278445780277,0.032353077083826065,-0.014271587133407593,-0.026597363874316216,0.009821668267250061,-0.0963430181145668,-0.03398262336850166,-0.030416138470172882,-0.0037207247223705053,-0.0007710986537858844,-0.005519398488104343,0.011961114592850208,-0.030273012816905975,-0.05259901285171509,-0.047268278896808624,-0.04871306195855141,-0.05509344860911369,-0.02077046036720276,0.03877213969826698,-0.018514778465032578,0.02582964301109314,-0.02231171540915966,-0.019345499575138092,0.013065055944025517,0.009227901697158813,-0.014709931798279285,-0.028182342648506165,0.040297821164131165,-0.009524566121399403,-0.05139271914958954,0.022206831723451614,0.02167104184627533,-0.007487957365810871,0.0051472787745296955,-0.0019938310142606497,-0.010053244419395924,0.049598317593336105,-0.00651613250374794,0.00323129678145051,-0.038121145218610764,-0.006091248709708452,0.05301392450928688,0.027235131710767746,0.02334461361169815,0.007599134463816881,0.000372532318579033,-0.0027610331308096647,-0.006357742007821798,-0.016929227858781815,0.017390377819538116,0.016911914572119713,0.021518798545002937,0.03634665161371231,-0.013357050716876984,0.010413410142064095,-0.0008713278803043067,-0.039332009851932526,-0.0445595420897007,0.016665346920490265,0.0640256404876709,0.03243907168507576,0.0031861739698797464,0.0308554507791996,-0.04147836193442345,-0.022986726835370064,0.00027359966770745814,-0.005096687003970146,0.019142083823680878,-0.026948289945721626,0.03659747913479805,-0.024556666612625122,-0.013605873100459576,-0.009630469605326653,0.01260340865701437,-0.05055715888738632,0.01029867585748434,0.03842930868268013,0.028314270079135895,0.0519195981323719,-0.012817534618079662,0.02320624142885208,-0.028450356796383858,0.04018094018101692,-0.012437526136636734,0.05080350115895271,0.004778830800205469,-0.011463849805295467,-0.024725360795855522,-0.05184770002961159,0.00910578016191721,0.022319525480270386,-0.02356589213013649,0.005665548145771027,-0.05372216925024986,0.025447160005569458,-0.04340972751379013,0.020184464752674103,-0.05322343111038208,-0.0011404012329876423,0.026899075135588646,-0.011934108100831509,0.004998588468879461,-0.019085649400949478,0.029844285920262337,0.005395951215177774,-0.002899887738749385,-0.018005982041358948,0.07339423894882202,0.020525986328721046,0.03229627013206482,0.039106518030166626,0.038965459913015366,0.016764601692557335,0.0027821571566164494,-0.018276935443282127,-0.02119593508541584,-0.013920939527451992,0.046591319143772125,-0.006034891586750746,0.04493771120905876,0.026805201545357704,0.04448661208152771,0.039672330021858215,0.014041164889931679,0.07441601157188416,-0.06003391370177269,0.02258235029876232,0.031706273555755615,0.031234554946422577,0.010216839611530304,-0.002292156685143709,0.027496006339788437,-0.001679773791693151,0.03406979516148567,-0.01941004768013954,0.03552117198705673,0.0005803296226076782,0.004049967508763075,0.017150461673736572,-0.007668878883123398,-0.02259567566215992,0.004475675523281097,0.0027367642614990473,-0.026156410574913025,-0.012198973447084427,0.015431403182446957,-0.013808319345116615,0.019788743928074837,-0.006948980502784252,-0.044291794300079346,-0.026653554290533066,0.04092247039079666,-0.0011774750892072916,-0.0022492932621389627,0.012390805408358574,0.006407398730516434,0.01952955313026905,0.02518720179796219,0.02544083073735237,-0.007466689217835665,0.006834802217781544,-0.08236045390367508,0.0014228483196347952,-0.03106638789176941,0.016533413901925087,-0.003494902513921261,0.018245376646518707,-0.0035970183089375496,-0.01650892198085785"
https://help.ptsecurity.com/ru-RU/projects/mp10/27.4/help/1190452235,https://help.ptsecurity.com/ru-RU/projects/mp10/27.4/help/1190452235,Администрирование MaxPatrol 10 · MaxPatrol 10 · Справочный портал,"Ад­ми­ни­стри­ро­ва­ние MaxPatrol 10
В этом раз­де­ле при­во­дят­ся ин­струк­ции по рас­ши­рен­ной на­строй­ке MaxPatrol 10 по­сле раз­вер­ты­ва­ния.
Привязка лицензии MaxPatrol 10 к приложению в PT MC
Предоставление прав доступа",0,администрирование maxpatrol 10 разделе приводятся инструкции расширенной настройке maxpatrol10 развертывания привязка лицензии maxpatrol10 приложению ptmc предоставление прав доступа,"0.004043302033096552,0.00964957196265459,-0.045855920761823654,0.01837100274860859,-0.07240967452526093,-0.0235749501734972,0.05533529072999954,0.01776864193379879,0.051741018891334534,-0.0022043308708816767,-0.01247775461524725,-0.0377231128513813,-0.05436459183692932,0.01233682781457901,0.003672091057524085,0.029336849227547646,0.03819271922111511,-0.012478590942919254,0.022614838555455208,-0.012572201900184155,0.034657031297683716,-0.004417535848915577,-0.0013117934577167034,0.07041065394878387,-0.02963060326874256,-0.02148410864174366,-0.008371967822313309,0.026460925117135048,0.006169848144054413,0.006754310801625252,-0.033108189702034,-0.04362921789288521,0.015132378786802292,-0.011595808900892735,0.002766036195680499,-0.054739102721214294,-0.0249903816729784,0.009732566773891449,-0.023722492158412933,0.0409926101565361,0.007478180341422558,-0.01804707571864128,-0.009550102055072784,-0.020711561664938927,-0.05697963014245033,-0.02940731681883335,-0.0077361129224300385,-0.03205103054642677,-0.034499283879995346,0.004268090706318617,0.0002921831328421831,0.0017872799653559923,0.007301535457372665,-0.02762707695364952,-0.02002074383199215,0.0674028992652893,0.0028600958175957203,0.005265748593956232,-0.023932527750730515,0.008593547157943249,-0.022954419255256653,-0.023044267669320107,-0.030051307752728462,-0.01506765652447939,0.024414148181676865,0.024707244709134102,0.01996771991252899,0.011867496185004711,0.013869213871657848,-0.00582628371194005,0.005739353131502867,0.02074611373245716,0.012460407800972462,-0.03948630020022392,-0.06175312027335167,0.030675292015075684,0.07721373438835144,-0.019683094695210457,0.02982255257666111,0.02730896882712841,-0.050453998148441315,-0.02187863364815712,0.024366993457078934,-0.020968778058886528,-0.0008624616893939674,-0.03001847118139267,-0.019377898424863815,0.022413333877921104,0.0241953544318676,0.01181398332118988,0.03499619662761688,-0.009310772642493248,0.03733979910612106,-0.06288086622953415,-0.0063909972086548805,-0.035362061113119125,-0.025626638904213905,8.397962665185332e-05,0.033020615577697754,0.022457877174019814,0.011898186057806015,0.01134113222360611,0.02272316999733448,0.012348690070211887,0.00671760831028223,0.0036079236306250095,0.01544567383825779,-0.004790716338902712,0.03613319247961044,0.0129574965685606,0.003519039135426283,-0.022726427763700485,0.01090237870812416,-0.008101961575448513,0.019408978521823883,-0.026256246492266655,-0.0007415073923766613,-0.029551636427640915,0.00345798977650702,-0.027934450656175613,0.006504963617771864,0.028659427538514137,0.05342783406376839,0.0016310762148350477,-0.009749510325491428,-0.03014272265136242,-0.05786111578345299,-0.013240497559309006,0.03890018165111542,0.04036178067326546,0.030529852956533432,-0.016012635082006454,0.037274040281772614,-0.02438555285334587,0.0070868670009076595,0.002024959772825241,-0.01790081523358822,0.03977682814002037,-0.008478587493300438,-0.045118071138858795,0.028114546090364456,0.009335536509752274,0.01334118377417326,-0.020978230983018875,0.048012688755989075,-0.0519123300909996,0.0008865524432621896,-0.02408796362578869,-0.018283629789948463,0.004704364109784365,-0.02357957884669304,0.04239749535918236,-0.00022075112792663276,0.006439183373004198,0.015318608842790127,-0.03240402415394783,-0.028806176036596298,-0.03532760962843895,0.04399791732430458,0.008296330459415913,-0.029265394434332848,0.015853071585297585,0.008629350923001766,0.008632252924144268,0.020184477791190147,-0.05738447606563568,-0.012474719434976578,0.0024963433388620615,-0.03579959645867348,-0.03896456956863403,0.032283250242471695,-0.043990008533000946,-0.031855158507823944,-0.012143229134380817,-0.021277330815792084,0.0035118097439408302,0.017789997160434723,0.0035087335854768753,-0.021860111504793167,-0.03436286747455597,0.012585628777742386,-0.009572121314704418,-0.012658263556659222,0.03221709281206131,0.032240185886621475,0.0014746643137186766,-0.016167448833584785,-0.02497492916882038,0.017292601987719536,0.06040852516889572,-0.011498895473778248,-0.004198185633867979,0.05176699906587601,-0.05772719532251358,0.005053875036537647,0.02075161226093769,0.03403322771191597,-0.014765480533242226,0.0034219608642160892,0.008175207301974297,-0.009892200119793415,0.011278362944722176,0.04858548566699028,-0.02292885072529316,-0.02382221817970276,0.0006043671164661646,0.027207082137465477,-0.0302144642919302,-0.021582836285233498,-0.060333166271448135,-0.01599348522722721,0.02238343097269535,-0.005800601560622454,0.01789948344230652,0.015886886045336723,0.016345353797078133,0.02721070498228073,0.01932191289961338,0.05186399072408676,-0.013466390781104565,-0.055140379816293716,0.0663185864686966,-0.019882094115018845,0.01391410268843174,-0.0003112632839474827,0.0043916720896959305,0.020586878061294556,0.03120589070022106,-0.011383650824427605,0.007571172900497913,-0.029662085697054863,0.014947629533708096,0.008706431835889816,-0.026737920939922333,0.04120780900120735,0.0030098939314484596,-0.032130926847457886,-0.019191140308976173,0.014202974736690521,-0.013173433020710945,-0.022713610902428627,-0.08043655008077621,0.006171774119138718,-0.03646666184067726,-0.030996300280094147,0.03017324022948742,-0.0435090996325016,0.013852170668542385,0.02109832502901554,-0.0017429275903850794,-0.0063645667396485806,-0.013881271705031395,0.014239481650292873,0.007958436384797096,0.007310085464268923,-0.02172977477312088,0.034033212810754776,-0.010947974398732185,-0.030051613226532936,-0.04685542732477188,0.003698084270581603,0.04165422171354294,0.008794214576482773,-0.005685817915946245,-0.0017141944263130426,0.012077335268259048,0.05578348785638809,-0.03961220383644104,0.02355201542377472,0.02510196343064308,0.009291092865169048,-0.03741084411740303,0.036577433347702026,-0.03873813524842262,0.004862234927713871,0.029076384380459785,-0.052474621683359146,-0.0351986363530159,0.08429834246635437,0.015807894989848137,-0.009145478717982769,0.02584494836628437,0.011218834668397903,0.005248081870377064,0.05330822244286537,0.024906255304813385,-0.040048759430646896,-0.0138130197301507,-0.03559629246592522,-0.006262259092181921,-0.05611437186598778,0.014712091535329819,0.07954562455415726,-0.06617391109466553,0.011037249118089676,0.05793333053588867,-0.0266688484698534,-0.14905162155628204,0.022054852917790413,0.016627008095383644,-0.0023503084667026997,-0.007628158200532198,-0.0018640583148226142,-0.043574728071689606,0.046691302210092545,-0.05547671765089035,0.024507366120815277,-0.02361844666302204,-0.049300700426101685,0.03607689216732979,0.019337432458996773,0.019513294100761414,0.021141331642866135,-0.042513761669397354,0.05012766644358635,-0.043818533420562744,-0.02021988295018673,0.0222257561981678,0.007193530444055796,-0.010243354365229607,0.057155393064022064,-0.06767588108778,-0.024687951430678368,0.09052039682865143,-0.027657346799969673,-0.042314060032367706,0.011395719833672047,-0.0043979366309940815,0.024066705256700516,0.004425015766173601,-0.01245678961277008,-0.005633482243865728,0.003170280484482646,0.05535086244344711,-0.015516843646764755,0.02761932462453842,-0.02757500857114792,0.017588850110769272,0.041557349264621735,-0.004521779250353575,-0.021383650600910187,-0.0013487094547599554,-0.01830112375319004,0.023638026788830757,-0.025960415601730347,-0.00875821989029646,0.023707430809736252,-0.04638085886836052,0.0050192889757454395,-0.008709382265806198,-0.012782209552824497,-0.045035865157842636,-0.004664171952754259,0.01840141974389553,0.027549467980861664,0.0082694785669446,-0.008441592566668987,0.0019157263450324535,0.00847062561661005,0.007748864125460386,-0.06154979020357132,-0.025719603523612022,0.015155358240008354,0.05655095726251602,-0.011152992956340313,0.019486090168356895,-0.012166757136583328,0.005276854615658522,-0.07398267090320587,0.011796609498560429,0.015714434906840324,0.02028352953493595,0.038606222718954086,-0.030201811343431473,0.01978188194334507,-0.054339755326509476,-0.10137336701154709,-0.010296066291630268,0.010442993603646755,0.028557254001498222,-0.01784464530646801,-0.03723937273025513,-0.03018561564385891,0.007308545056730509,-0.01080562174320221,0.06663816422224045,0.24015620350837708,0.014647974632680416,0.006421995814889669,0.009558223187923431,0.01498550083488226,-0.013634842820465565,0.004194713197648525,0.044495590031147,-0.0029324775096029043,-0.022781018167734146,0.001183843705803156,0.02981150522828102,0.026119962334632874,0.036188092082738876,0.016978833824396133,-0.0011816543992608786,-0.025336790829896927,-0.00811023823916912,0.03318189084529877,-0.008951579220592976,-0.005585968028753996,-0.006985671352595091,0.005494306329637766,-0.02423415146768093,-0.02853785827755928,-0.036402806639671326,-0.013792162761092186,0.03850706294178963,-0.025175711140036583,0.014335357584059238,-0.016157180070877075,0.02370227687060833,0.02031710371375084,0.02843841165304184,-0.06640356034040451,0.012270375154912472,-0.0023581909481436014,0.02191978320479393,0.0017792859580367804,0.004348482470959425,-0.052018970251083374,-0.031844303011894226,-0.04064567759633064,-0.04135482385754585,0.00666431849822402,-0.018608110025525093,-0.011763066984713078,0.04319468513131142,-0.004440024960786104,-0.021077532321214676,0.021985294297337532,-0.02899528667330742,0.012145024724304676,-0.02053600549697876,-0.0003156878228764981,-0.003515345975756645,0.00720587931573391,0.00493908254429698,0.037720128893852234,-0.03723366558551788,0.025200627744197845,0.006044682115316391,-0.022421501576900482,0.006621452979743481,-0.05081053450703621,-0.005491186399012804,-0.03819292038679123,-0.04187029227614403,0.04801564663648605,0.023240476846694946,-0.01393280178308487,0.019959697499871254,0.02537601813673973,0.023507118225097656,0.03671730309724808,-0.045329511165618896,0.06253276765346527,0.00870335940271616,-0.08151855319738388,-0.004497988615185022,-0.03438178822398186,-0.0031646930146962404,-0.04790745675563812,0.006753640715032816,0.022190673276782036,-0.008907411247491837,0.02176995389163494,0.03344627469778061,-0.042619358748197556,0.026017310097813606,0.03487757593393326,-0.020070817321538925,0.02442183345556259,-0.007120296824723482,-0.005569920875132084,0.03516378626227379,-0.010174503549933434,-0.03773351013660431,-0.05110442265868187,-0.011621873825788498,0.01561152096837759,-0.023238826543092728,-0.03328495845198631,-0.0345684289932251,0.015159046277403831,-0.022692877799272537,-0.00028188948635943234,0.005018960684537888,-0.009617598727345467,0.03366820514202118,-0.019026393070816994,0.0031545457895845175,-0.006679780315607786,-0.0550587996840477,-0.019908856600522995,0.033485766500234604,0.05979100614786148,0.02207905426621437,0.004651837516576052,-0.006293869577348232,0.025601133704185486,0.02915213443338871,-0.02301068790256977,0.052519816905260086,-0.0023659318685531616,-0.057421281933784485,-0.01673034392297268,0.039836231619119644,-0.040921978652477264,0.006715430878102779,-0.023532919585704803,-0.003911671228706837,-0.005506324116140604,-0.033329468220472336,-0.008962354622781277,0.006853566039353609,-0.0013379694428294897,-0.001068974961526692,0.025144167244434357,0.05109487846493721,-0.051640208810567856,-0.038845427334308624,-0.03325800597667694,0.022167928516864777,0.02906806953251362,0.03085034340620041,-0.017960965633392334,-0.0026880912482738495,-0.004091463051736355,0.03773036226630211,-0.006426542531698942,0.0032380654010921717,0.06140786409378052,0.003221655497327447,0.008393985219299793,-0.011753995902836323,-0.01956705003976822,-0.01760270446538925,0.0279200691729784,-0.024077603593468666,0.004643679596483707,0.019689660519361496,0.01614631898701191,0.02539498545229435,-0.002421524142846465,-0.022137712687253952,-0.028034159913659096,0.002093757037073374,-0.0046088178642094135,-0.014495792798697948,-0.016357362270355225,-0.07634688168764114,-0.05396788939833641,0.021129237487912178,-0.015216582454741001,-0.008019445464015007,-0.008156433701515198,-0.03240283578634262,-0.011567194946110249,-0.03537866473197937,0.0174991637468338,0.008333916775882244,-0.017037974670529366,-0.04178345203399658,0.072787806391716,-0.012926478870213032,0.023189261555671692,-0.03356900066137314,0.03752358257770538,-0.01205520424991846,-0.03847363218665123,0.09875678271055222,0.01457118522375822,-0.01780814863741398,0.02565472573041916,0.05041927099227905,0.025398720055818558,0.013367462903261185,0.027599912136793137,0.005808230023831129,-0.005086464341729879,0.03275907039642334,-0.018399031832814217,0.012693347409367561,-0.021782727912068367,-0.019542314112186432,-0.009855716489255428,-0.04660436511039734,0.014235236681997776,-0.010001718066632748,0.005174808669835329,-0.02565780282020569,-0.03455526381731033,0.006814676336944103,0.05181281268596649,-0.028027411550283432,0.045178208500146866,0.05441877990961075,-0.012083464302122593,-0.029288919642567635,0.021998325362801552,0.013080081902444363,0.02924308367073536,-0.05061239376664162,-0.021176543086767197,0.025932755321264267,-0.012558954767882824,-0.07089311629533768,-0.024009227752685547,-0.04915330559015274,-0.01541210152208805,-0.014323036186397076,0.04558466374874115,-0.022568289190530777,-0.055401936173439026,0.0009104039636440575,0.06708632409572601,0.007921279408037663,0.011001653037965298,-0.024390308186411858,-0.02044004760682583,0.022146642208099365,0.041771382093429565,0.03008440136909485,0.014293248765170574,0.020412491634488106,-0.046290282160043716,-0.0027997526340186596,0.02137770690023899,0.014545152895152569,-0.030945319682359695,-0.07370636612176895,0.01841825060546398,-0.02397731877863407,0.03587969392538071,-0.027890866622328758,0.024455124512314796,-0.025073520839214325,0.012171326205134392,0.0013584336265921593,-0.03763538971543312,-0.011943385004997253,0.04393955320119858,-0.03339974209666252,0.017767803743481636,-0.006706343498080969,-0.025249000638723373,-0.021770384162664413,-0.03696011006832123,-0.0037078564055263996,-0.0092003820464015,0.01848294399678707,-0.01216199155896902,-0.0005552341463044286,0.04092216491699219,-0.012104940600693226,-0.0016002419870346785,0.040865279734134674,0.01858043484389782,-0.0021696484182029963,-0.06055339053273201,-0.03095371276140213,-0.004492828156799078,0.009199192747473717,0.02627585269510746,-0.014524557627737522,0.042561791837215424,-0.02055881731212139,-0.02828075923025608,-0.026878369972109795,0.023468811064958572,0.012851450592279434,-0.026200318709015846,0.04301251843571663,-0.045052457600831985,-0.009763866662979126,0.01365624275058508,0.024360744282603264,0.020138151943683624,0.005763692781329155,-0.004733200650662184,0.019035305827856064,-0.005010282155126333,-0.024741843342781067,0.04793950542807579,-0.017648648470640182,0.040272969752550125,-0.04389289766550064,0.01189158670604229,0.012564540840685368,0.03236806020140648,-0.04107969254255295,0.03203533589839935,-0.006389901041984558,-0.004449320491403341,-0.0034740911796689034,0.053633663803339005,-0.03239453211426735,0.008607915602624416,-0.035073958337306976,-0.022113945335149765,0.056161534041166306,-0.008792352862656116,0.0561148039996624,-0.026343749836087227,-0.011021965183317661,-0.039371468126773834,0.0033555736299604177,-0.029124759137630463,0.03754672035574913,-0.005087231285870075,-0.021556297317147255,0.008570216596126556,0.05089506134390831,0.005227498710155487,0.006850804202258587,0.044385191053152084,-0.018945934250950813,0.018857317045331,-0.021677805110812187,-0.0028091869316995144,-0.06231994554400444,0.01801367662847042,-0.018502429127693176,0.03475261479616165,-0.0450589656829834,-0.013183987699449062,-0.013901351019740105,-0.023765435442328453,0.0039028548635542393,-1.3949565072834957e-05,-0.021051226183772087,-0.03261196240782738,-0.053415246307849884,0.007012546062469482,-0.009767599403858185,0.010217665694653988,0.02431413345038891,-0.012182217091321945,-0.000943212304264307,-0.04817228391766548,0.04323853924870491,0.020078258588910103,0.04195154085755348,-0.014079544693231583,0.008835081942379475,0.01678231731057167,0.011137651279568672,0.008899558335542679,-0.018121447414159775,-0.0001791201502783224,-0.02346908487379551,-0.041042592376470566,0.04661347344517708,-0.03710716590285301,0.006411651615053415,0.003404419170692563,-0.011932945810258389,0.048403769731521606,-0.04038709029555321,-0.03058585152029991,-0.0037326477468013763,0.008394529111683369,-0.06209656596183777,-0.007858315482735634,-0.05822071060538292,-0.006673451513051987,0.029084933921694756,-0.026894211769104004,0.07073087245225906,-0.015958908945322037,0.0214737206697464,-0.019668137654662132,-0.007673121057450771,-0.11452559381723404,-0.030370544642210007,-0.031025122851133347,-0.013254586607217789,0.003227631328627467,-0.0005795906181447208,-0.012491452507674694,-0.00839963648468256,-0.06098921597003937,-0.047234587371349335,-0.049934420734643936,-0.03844308853149414,0.07011399418115616,-0.04013827070593834,0.01933158189058304,0.012156059965491295,0.02569829486310482,-0.006436195224523544,-0.010332822799682617,0.07125045359134674,-0.0007626760052517056,0.0053545041009783745,-0.00173410982824862,-0.004471957217901945,0.013160035945475101,-0.01507971528917551,-0.00012010954378638417,-0.02953670360147953,-0.028339127078652382,-0.0007481701904907823,0.0011808720882982016,-0.005856641102582216,0.020931914448738098,0.05858782306313515,-0.011322028934955597,0.009268553927540779,-0.03698348626494408,-0.004568921402096748,-0.024677352979779243,0.02164142020046711,-0.021482115611433983,0.012098805047571659,-0.04437688738107681,-0.007046826649457216,-0.02385091409087181,0.05070314556360245,0.006924557965248823,-0.02615274116396904,-0.07286546379327774,0.03357516601681709,-0.002669408218935132,-0.01869315840303898,0.019216159358620644,0.04733363911509514,0.005414165090769529,0.007869123481214046,-0.013630896806716919,-0.008821207098662853,0.01030851062387228,0.10570792108774185,-0.06609974801540375,0.07152889668941498,-0.028707288205623627,0.0402400940656662,0.04382317513227463,0.02673761546611786,-0.02193467877805233,0.00799768790602684,-0.014055149629712105,0.015441864728927612,0.05173538252711296,-0.03265250474214554,-0.023937027901411057,-0.01419312134385109,-0.016427284106612206,-0.035486940294504166,0.000123680176329799,0.006672055460512638,0.009468872100114822,0.0012028982164338231,-0.07112634927034378,-0.025091635063290596,-0.00956034380942583,0.03510909155011177,0.049020539969205856,0.010418374091386795,0.03824590519070625,-0.01992771402001381,-0.017805205658078194,-0.05881594866514206,-0.008651413954794407,-0.05071808025240898,0.00042945865425281227,0.003892631735652685,0.004123354330658913,0.02305690199136734,0.016552915796637535,0.022094598039984703,0.04236994683742523,0.016188621520996094,-0.01648089848458767,0.02985367551445961,-0.0027590179815888405,-0.02021695487201214,0.01652621105313301,0.04514285922050476,-0.019367914646863937,-0.0063338191248476505,-0.003117978572845459,-0.03560716658830643,-0.036072421818971634,-0.002794374478980899,-0.011730330996215343,0.014835775829851627,-0.04676799848675728,-0.008760616183280945,0.041692040860652924,0.01820276491343975,0.004881939385086298,-0.019894732162356377,0.014108222909271717,-0.009838543832302094,0.04997352138161659,-0.013463164679706097,0.004624968860298395,0.014224845916032791,0.06262777745723724,0.05261610820889473,0.02734450250864029,-0.00228985701687634,0.0073226941749453545,0.0012503218604251742,-0.028517041355371475,0.026232518255710602,0.001657263026572764,0.007422828581184149,-0.01044826116412878,0.029956040903925896,0.003484272165223956,-0.010413529351353645,-0.030825359746813774,0.008410272188484669,0.02408869005739689,-0.035200439393520355,0.006201936863362789,-0.027420395985245705,-0.03143344447016716,-0.008774521760642529,0.0054471855983138084,-0.051047950983047485,0.017978789284825325,0.035914771258831024,0.016094617545604706,0.061113644391298294,-0.002886445028707385,0.013025491498410702,-0.017526376992464066,-0.01145871914923191,0.000157070709974505,0.034573979675769806,-0.026243342086672783,-0.0351412259042263,-0.01816684566438198,-0.031654469668865204,-0.004920578561723232,0.007905312813818455,0.012375668622553349,-0.006293950602412224,-0.07181040942668915,0.03387248143553734,0.00015862606232985854,0.031581632792949677,-0.023582689464092255,0.00561448372900486,0.07346975058317184,-0.0016488009132444859,-0.007345929276198149,-0.02934160828590393,-0.014571784995496273,-0.027015959843993187,0.022529538720846176,-0.002216908149421215,0.07991248369216919,0.02826380357146263,0.006916289683431387,-0.006343512330204248,0.017099633812904358,-0.05333378538489342,-0.022359052672982216,-0.005766363348811865,-0.03905040770769119,-0.012366662733256817,0.034056466072797775,-0.03089914470911026,-0.019605686888098717,-0.03449335694313049,0.02980249561369419,0.0012362803099676967,0.013048939406871796,0.04493558406829834,-0.009012467227876186,0.001267693005502224,0.07678224891424179,-0.011105754412710667,-0.004223600961267948,-0.01706414297223091,0.017768733203411102,-0.028681185096502304,0.04495606943964958,-0.027915464714169502,0.03729431703686714,-0.0003939710441045463,-0.030900154262781143,0.05391658842563629,-0.013996320776641369,-0.027617644518613815,0.05098253861069679,0.04019169136881828,-0.01746932789683342,-0.03814622759819031,0.028294174000620842,0.006814023479819298,0.024838974699378014,-0.018613779917359352,-0.014326284639537334,-0.018548263236880302,0.01991135999560356,0.0102549958974123,0.009774219244718552,0.008424686267971992,-0.000513843318913132,0.01600048504769802,0.021900884807109833,-0.006213818211108446,-0.005086613353341818,-0.01202409528195858,-0.029919056221842766,0.010730927810072899,-0.032877035439014435,0.0394781269133091,0.053632576018571854,0.013331517577171326,0.03931157663464546,0.011334462091326714"
https://help.ptsecurity.com/ru-RU/projects/mp10/27.4/help/702318859,https://help.ptsecurity.com/ru-RU/projects/mp10/27.4/help/702318859,Работа с инцидентами · MaxPatrol 10 · Справочный портал,"Ра­бо­та с ин­ци­ден­та­ми
В этой статье
Выявление инцидентов
Приоритизация инцидентов
Анализ инцидента
Расследование инцидента
MaxPatrol 10 по­мо­га­ет вам вы­яв­лять и рас­сле­до­вать ин­ци­ден­ты ин­фор­ма­ци­он­ной без­опас­но­сти.
Ин­ци­дент ин­фор­ма­ци­он­ной без­опас­но­сти (та­к­же ин­ци­дент) — это одно или несколь­ко неже­ла­тель­ных или неожи­дан­ных со­бы­тий, ко­то­рые мо­гут по­вли­ять на ин­фор­ма­ци­он­ную без­опас­ность ор­га­ни­за­ции.
При­ме­ра­ми ин­ци­ден­тов ИБ мо­гут слу­жить:
несанк­ци­о­ни­ро­ван­ное из­ме­не­ние дан­ных;
уста­нов­ка за­пре­щен­но­го ПО;
об­на­ру­же­ние ви­ру­са;
ска­ни­ро­ва­ние сети;
спам;
утеч­ка дан­ных.
MaxPatrol 10 пред­на­зна­чен для вы­яв­ле­ния ин­ци­ден­тов и по­мо­га­ет ана­ли­зи­ро­вать и рас­сле­до­вать ин­ци­ден­ты, а та­к­же хра­нить ин­фор­ма­цию о них.
MaxPatrol 10 ска­ни­ру­ет IT-ин­фра­струк­ту­ру ор­га­ни­за­ции с по­мо­щью мо­ду­лей и со­би­ра­ет ин­фор­ма­цию, на ос­но­ве ко­то­рой фор­ми­ру­ет внут­рен­нюю мо­дель ак­ти­вов.
На ос­но­ве ана­ли­за со­бы­тий MaxPatrol 10 ав­то­ма­ти­че­ски ре­ги­стри­ру­ет ин­ци­ден­ты ин­фор­ма­ци­он­ной без­опас­но­сти. Та­к­же вы мо­же­те за­ре­ги­стри­ро­вать их вруч­ную.
MaxPatrol 10 по­мо­га­ет вам точ­но и быст­ро ре­а­ги­ро­вать на ин­ци­ден­ты, что поз­во­лит в крат­чай­шие сро­ки вос­ста­но­вить ра­бо­то­спо­соб­ность IT-ин­фра­струк­ту­ры ор­га­ни­за­ции и све­сти к ми­ни­му­му небла­го­при­ят­ное вли­я­ние ин­ци­ден­тов на IT-ин­фра­струк­ту­ру ор­га­ни­за­ции.
Про­цесс ра­бо­ты с ин­ци­ден­та­ми в MaxPatrol 10 со­сто­ит из сле­ду­ю­щих эта­пов:
Вы­яв­ле­ние ин­ци­ден­тов.
При­о­ри­ти­за­ция ин­ци­ден­тов.
Ана­лиз ин­ци­ден­та.
Рас­сле­до­ва­ние ин­ци­ден­та.
Вы­яв­ле­ние ин­ци­ден­тов
Цель эта­па: узнать о по­яв­ле­нии ин­ци­ден­та (если он со­здан ав­то­ма­ти­че­ски) или, если вы об­на­ру­жи­ли его са­мо­сто­я­тель­но, вне­сти ин­фор­ма­цию о нем в MaxPatrol 10.
Если ин­ци­дент был со­здан ав­то­ма­ти­че­ски, вы мо­же­те узнать об этом из уве­дом­ле­ния, при­шед­ше­го на вашу элек­трон­ную по­чту. Ста­тус со­здан­но­го ин­ци­ден­та в си­сте­ме —
Но­вый
.
Ин­ци­ден­ты со ста­ту­сом
Но­вый
пе­ре­хо­дят на сле­ду­ю­щий этап жиз­нен­но­го цик­ла в си­сте­ме — этап при­о­ри­ти­за­ции ин­ци­ден­тов.
При­о­ри­ти­за­ция ин­ци­ден­тов
Цель эта­па: вы­брать ин­ци­ден­ты, ко­то­рые вам нуж­но взять в ра­бо­ту в первую оче­редь.
Ваши дей­ствия:
От­сор­ти­ро­вать и от­филь­тро­вать ин­ци­ден­ты с по­мо­щью встро­ен­ных в MaxPatrol 10 ин­стру­мен­тов — сор­ти­ров­ки и филь­тра­ции:
Сор­ти­ров­ка ин­ци­ден­тов. Вы мо­же­те сор­ти­ро­вать ин­ци­ден­ты по па­ра­мет­рам: по вре­ме­ни со­зда­ния, по сте­пе­ни опас­но­сти, по ста­ту­су.
Филь­тра­ция ин­ци­ден­тов. Вы мо­же­те ис­поль­зо­вать стан­дарт­ные, вре­мен­ные или свои на­стро­ен­ные (поль­зо­ва­тель­ские) филь­тры, что­бы быст­ро най­ти нуж­ный вам ин­ци­дент или группу ин­ци­ден­тов по за­дан­ным па­ра­мет­рам.
Вы­пол­нить ди­а­гно­сти­ку ин­ци­ден­та. В ходе ди­а­гно­сти­ки вы долж­ны при­нять ре­ше­ние о том, ну­жен ли даль­ней­ший ана­лиз и рас­сле­до­ва­ние ин­ци­ден­та:
Если ин­ци­дент яв­ля­ет­ся лож­ным сра­ба­ты­ва­ни­ем, вы долж­ны из­ме­нить его ста­тус с
Но­вый
на
За­крыт
. Ин­ци­дент бу­дет хра­нить­ся в си­сте­ме со ста­ту­сом
За­крыт (лож­ное сра­ба­ты­ва­ние)
, из­ме­не­ние это­го ста­ту­са невоз­мож­но.
Если ин­ци­дент яв­ля­ет­ся ис­тин­ным (не лож­ным сра­ба­ты­ва­ни­ем), вы долж­ны из­ме­нить его ста­тус с
Но­вый
на
Утвер­жден
. Утвер­жден­ный ин­ци­дент пе­ре­хо­дит на сле­ду­ю­щий этап жиз­нен­но­го цик­ла ин­ци­ден­та в си­сте­ме — этап ана­ли­за.
Ана­лиз ин­ци­ден­та
Цель эта­па: рас­ши­рить кон­текст ин­ци­ден­та и при­нять ре­ше­ние, нуж­но ли даль­ней­шее рас­сле­до­ва­ние.
Ваши дей­ствия:
Про­ана­ли­зи­ро­вать свя­зи ин­ци­ден­та; со­бы­тия и ак­ти­вы, при­вя­зан­ные к ин­ци­ден­ту; дан­ные из кар­точ­ки.
При­нять ре­ше­ние, нуж­но ли даль­ней­шее рас­сле­до­ва­ние или ин­ци­дент был раз­ре­шен без ва­ше­го уча­стия:
Если ин­ци­дент был раз­ре­шен без ва­ше­го уча­стия (на­при­мер, был со­здан ин­ци­дент
Об­на­ру­же­ние ви­ру­са
, но к эта­пу ана­ли­за ан­ти­ви­рус уже успел уда­лить вре­до­нос­ное ПО), вы долж­ны из­ме­нить ста­тус ин­ци­ден­та с
Утвер­жден
на
За­крыт
.
Если нуж­но даль­ней­шее рас­сле­до­ва­ние, вы долж­ны из­ме­нить ста­тус ин­ци­ден­та с
Утвер­жден
на
В ра­бо­те
. Ин­ци­дент со ста­ту­сом
В ра­бо­те
пе­ре­хо­дит на сле­ду­ю­щий этап жиз­нен­но­го цик­ла в си­сте­ме — этап рас­сле­до­ва­ния.
На эта­пе рас­сле­до­ва­ния из­ме­не­ние на­зва­ния и опи­са­ния ста­ту­са ин­ци­ден­та ста­но­вит­ся недо­ступ­ным.
Рас­сле­до­ва­ние ин­ци­ден­та
Цель эта­па: опре­де­лить ис­точ­ник угроз, вы­явить об­сто­я­тель­ства, ко­то­рые при­ве­ли к воз­ник­но­ве­нию ин­ци­ден­та, со­брать до­ка­за­тель­ства ин­ци­ден­та, дать ре­ко­мен­да­ции по устра­не­нию ин­ци­ден­та и за­крыть ин­ци­дент.
Ваши дей­ствия:
Ка­те­го­ри­зи­ро­вать ин­ци­дент. Вы долж­ны оце­нить си­ту­а­цию и пред­ва­ри­тель­но при­сво­ить ин­ци­ден­ту ка­те­го­рию на ос­но­ве ин­фор­ма­ции, до­ступ­ной вам на мо­мент вы­яв­ле­ния ин­ци­ден­та: на­при­мер,
Уста­нов­ка за­пре­щен­но­го ПО
или
Утеч­ка дан­ных
.
Ло­ка­ли­зо­вать ин­ци­дент. Вы долж­ны про­смот­реть то­по­ло­гию ин­ци­ден­та и до­сти­жи­мо­сти, что­бы опре­де­лить, ка­кие ак­ти­вы во­вле­че­ны в ин­ци­дент.
По­ста­вить за­да­чи по ин­ци­ден­ту. Вы мо­же­те по­ста­вить за­да­чу на дру­го­го со­труд­ни­ка, что­бы при­влечь его к рас­сле­до­ва­нию ин­ци­ден­та, сбо­ру до­ка­за­тельств по ин­ци­ден­ту или вос­ста­нов­ле­нию ра­бо­то­спо­соб­но­сти си­сте­мы. В рам­ках рас­сле­до­ва­ния каж­до­го ин­ци­ден­та вы мо­же­те со­зда­вать несколь­ко за­дач.
Раз­ра­бо­тать план и при­нять меры по ин­ци­ден­ту. По­сле того, как вы ис­сле­до­ва­ли все об­сто­я­тель­ства ин­ци­ден­та, вам нуж­но раз­ра­бо­тать пла­ны и дать ре­ко­мен­да­ции во­вле­чен­ным в ин­ци­дент со­труд­ни­кам, что­бы предот­вра­тить по­втор­ное воз­ник­но­ве­ние вы­яв­лен­но­го ин­ци­ден­та. За­тем вы долж­ны из­ме­нить ста­тус ин­ци­ден­та с
В ра­бо­те
на
Раз­ре­шен
.
Про­кон­тро­ли­ро­вать ис­пол­не­ние ре­ко­мен­да­ций (оп­ци­о­наль­но):
Если ваши ре­ко­мен­да­ции вы­пол­не­ны, а ин­ци­дент и по­след­ствия устра­не­ны, вы долж­ны из­ме­нить ста­тус ин­ци­ден­та с
Раз­ре­шен
на
За­крыт
. При­ня­тые меры по ин­ци­ден­ту вам нуж­но за­фик­си­ро­вать в кар­точ­ке ин­ци­ден­та.
Если ваши ре­ко­мен­да­ции не вы­пол­не­ны либо при­ня­тых мер ока­за­лось недо­ста­точ­но и ин­ци­дент воз­ни­ка­ет по­втор­но, вы долж­ны из­ме­нить ста­тус ин­ци­ден­та с
Раз­ре­шен
на
В ра­бо­те
.
Но­вый
Утвер­жден
За­крыт
В ра­бо­те
Раз­ре­шен
Ста­ту­сы ин­ци­ден­та
В лю­бой мо­мент ра­бо­ты с ин­ци­ден­та­ми вы мо­же­те экс­пор­ти­ро­вать их в уни­фи­ци­ро­ван­ном фор­ма­те об­ме­на для по­сле­ду­ю­ще­го им­пор­та в дру­гие си­сте­мы.
Та­к­же вы мо­же­те про­смат­ри­вать клю­че­вые по­ка­за­те­ли ра­бо­ты по ин­ци­ден­там, на­при­мер от­сле­жи­вать ди­на­ми­ку по­яв­ле­ния ин­ци­ден­тов, как быст­ро они об­ра­ба­ты­ва­ют­ся, сколь­ко вре­ме­ни в сред­нем тра­тит­ся на устра­не­ние ин­ци­ден­та.
На стра­ни­це Ин­ци­ден­ты вы мо­же­те про­смат­ри­вать таб­ли­цу ин­ци­ден­тов и вы­пол­нять ти­по­вые дей­ствия с ин­ци­ден­та­ми.
Ошибки при просмотре событий
Выявление инцидентов",0,работа инцидентами статье выявление инцидентов приоритизация инцидентов анализ инцидента расследование инцидента maxpatrol10 помогает выявлять расследовать инциденты информационной безопасности инцидент информационной безопасности также инцидент это одно несколько нежелательных неожиданных событий которые могут повлиять информационную безопасность организации примерами инцидентов иб могут служить несанкционированное изменение данных установка запрещенного обнаружение вируса сканирование сети спам утечка данных maxpatrol10 предназначен выявления инцидентов помогает анализировать расследовать инциденты также хранить информацию maxpatrol10 сканирует it инфраструктуру организации помощью модулей собирает информацию основе которой формирует внутреннюю модель активов основе анализа событий maxpatrol10 автоматически регистрирует инциденты информационной безопасности также можете зарегистрировать вручную maxpatrol10 помогает точно быстро реагировать инциденты позволит кратчайшие сроки,"0.00047963662655092776,-0.007068220060318708,-0.023118823766708374,0.051821257919073105,-0.03984159976243973,-0.03219173476099968,0.017873892560601234,0.0288383848965168,0.02279697358608246,0.026223573833703995,-0.033188894391059875,-0.0062244487926363945,-0.05363110080361366,-0.005262025166302919,0.05359445884823799,0.037333447486162186,0.022542160004377365,0.0030620901379734278,0.013626323081552982,-0.037328142672777176,-0.01761620119214058,-0.0037683816626667976,0.003879210213199258,0.0504220649600029,-0.011948109604418278,0.011524449102580547,-0.012874486856162548,-0.03971026837825775,0.025273466482758522,0.04586049169301987,-0.02202071063220501,-0.020176226273179054,0.046974848955869675,0.008199134841561317,-0.03948335349559784,-0.013354580849409103,-0.04024586081504822,-0.019451560452580452,-0.02980196475982666,0.03913694620132446,0.01432364247739315,0.021427087485790253,0.01007586345076561,-0.03826531022787094,-0.012832232750952244,-0.04470722749829292,0.012054289691150188,-0.012150038965046406,-0.03569824993610382,-0.0045751542784273624,-0.013064463622868061,0.00209736917167902,0.029439613223075867,-0.08025185018777847,0.006478200666606426,0.010788265615701675,-0.02105271816253662,0.027859581634402275,-0.014373548328876495,0.009938673116266727,-0.02723851427435875,-0.01583615317940712,3.98076736018993e-06,-0.058414410799741745,0.025141723453998566,0.07042408734560013,-0.009979614056646824,0.015156558714807034,-0.0005199367878958583,-0.021876968443393707,0.02485906518995762,-0.012566915713250637,0.002493120962753892,-0.014384864829480648,-0.051247596740722656,0.0013622065307572484,0.06094345077872276,-0.028948813676834106,-0.00042818996007554233,0.0038745752535760403,-0.02768513560295105,0.005712735466659069,-0.03296973183751106,0.0424361415207386,0.023426994681358337,-0.018770728260278702,-0.008200752548873425,0.026709403842687607,0.021372998133301735,0.006160851567983627,0.025889242067933083,0.009763550944626331,0.016423488035798073,-0.021955424919724464,-0.03544584661722183,-0.01257765106856823,-0.008868915028870106,0.009496214799582958,0.015668977051973343,0.0012343284906819463,0.04405456781387329,0.02579304948449135,0.01504142303019762,-0.029433736577630043,0.05599825829267502,-0.01513868011534214,0.06384376436471939,0.04889465868473053,0.006470144260674715,0.004743378143757582,5.3194242354948074e-05,-0.01585504785180092,0.022809576243162155,0.00039136482519097626,0.015412367880344391,-0.022231077775359154,0.01368990819901228,0.017728373408317566,0.006410698872059584,-0.04965035617351532,0.037800103425979614,0.027116267010569572,0.04844823107123375,-0.0005825968110002577,-0.033797960728406906,-0.017772410064935684,-0.02864285185933113,0.010910404846072197,0.05772578716278076,-0.004420958459377289,0.040639206767082214,0.0025255735963582993,0.05275905504822731,-0.01207962166517973,-0.022072503343224525,-0.021032938733696938,-0.01536527555435896,0.07286931574344635,0.003829006338492036,-0.05852195993065834,0.07203127443790436,0.029603833332657814,-0.026312867179512978,-0.038856104016304016,0.012231536209583282,-0.04606366902589798,0.039466213434934616,0.012656941078603268,0.003042754251509905,-0.001967540243640542,-0.005390303675085306,0.04979730397462845,0.0059424713253974915,-0.006022889632731676,0.004343068692833185,-0.046511564403772354,0.0007501214276999235,-0.021136736497282982,0.01678517460823059,-0.005220122169703245,0.021983427926898003,-0.02581515535712242,-0.03247188404202461,0.03944803401827812,0.01499996054917574,-0.012826789170503616,0.00166543188970536,0.015634357929229736,-0.010935256257653236,-0.039607856422662735,0.049590058624744415,-0.07186346501111984,-0.01852135919034481,0.02175195701420307,0.015303369611501694,-0.0033357427455484867,0.06647461652755737,0.044684309512376785,-0.018247349187731743,-0.03180018067359924,0.023374775424599648,0.007948126643896103,-0.015542300418019295,-0.0014854352921247482,-0.0238129161298275,0.03546649590134621,-0.0022763535380363464,0.018407024443149567,0.007197134662419558,0.038238197565078735,-0.0031235574278980494,-0.018567631021142006,0.06351449340581894,-0.008598403073847294,0.03995455428957939,-0.012525098398327827,0.013128181919455528,0.02947775460779667,0.018143529072403908,0.012913334183394909,-0.04764338955283165,0.06599047780036926,0.013621366582810879,-0.012108426541090012,-0.056285109370946884,0.0284638199955225,0.00786589551717043,-0.024808302521705627,0.0145207978785038,-0.07815960794687271,0.027167893946170807,0.03394963592290878,-0.0036347764544188976,0.007931661792099476,-0.050090763717889786,0.03411981463432312,0.04889339581131935,0.010760455392301083,-0.015514582395553589,-0.05383146181702614,-0.007758010178804398,0.03227086365222931,-0.01009942777454853,-0.0076699829660356045,-0.0028449438977986574,0.04120193049311638,-0.021618498489260674,0.03150492161512375,0.019518887624144554,0.018839629366993904,-0.01917876861989498,0.023296380415558815,0.020102212205529213,-0.01956549473106861,0.0330522358417511,-0.002377620432525873,-0.054367199540138245,-0.02521485462784767,0.020477984100580215,0.00771494023501873,0.01737399399280548,-0.05992971733212471,0.027521954849362373,-0.0121378218755126,-0.04670067876577377,-0.039943378418684006,0.017039990052580833,0.006454931106418371,-0.011955445632338524,0.004057687241584063,-0.0012009419733658433,-0.00952897034585476,0.01062631607055664,-0.019815858453512192,0.0466911606490612,-0.04338948801159859,-0.004431444685906172,0.019119588658213615,0.00444263219833374,0.03023741953074932,-0.020465800538659096,0.027794720605015755,-0.018746227025985718,-0.004337547346949577,0.022472241893410683,-0.016951652243733406,0.022628678008913994,-0.04325709864497185,0.0036109257489442825,0.002637369791045785,-0.0361204594373703,-0.048450883477926254,0.03827459365129471,-0.011842578649520874,-0.04126948118209839,0.0032720458693802357,-0.062439046800136566,-0.04897713661193848,0.09054765105247498,0.04571906477212906,-0.025380631908774376,-0.009404783137142658,0.003997648134827614,0.018207253888249397,0.015628907829523087,0.03307931870222092,-0.007128152996301651,-0.006059411447495222,-0.013752422295510769,0.0189623162150383,-0.01843482442200184,-0.024266472086310387,0.06526729464530945,-0.035314593464136124,0.03264083340764046,0.04258270934224129,-0.022088872268795967,-0.13443288207054138,-0.02792654000222683,-0.0029505889397114515,0.023676464334130287,-0.002222500741481781,-0.006033364683389664,-0.02575545199215412,0.026903964579105377,-0.05043468996882439,0.07200843840837479,-0.0533568412065506,-0.04870801419019699,-0.021113600581884384,0.0025089893024414778,0.04730604961514473,0.010614613071084023,-0.028244242072105408,0.007621972821652889,-0.005570071283727884,-0.05047332122921944,-0.059012025594711304,-0.002566888928413391,0.021101517602801323,-0.00658033462241292,-0.04421541467308998,-0.030800500884652138,0.060173872858285904,-0.0018295783083885908,-0.035753585398197174,0.01413612812757492,-0.00177125190384686,0.01338259782642126,0.008769001811742783,0.01777189038693905,0.009127730503678322,0.03843717649579048,0.01186097227036953,-0.006006786599755287,0.02261865697801113,0.0060580079443752766,0.0297264214605093,0.04876960068941116,0.015198674984276295,0.011425871402025223,-0.013434653170406818,-0.003376635489985347,0.03797197714447975,-0.03413160517811775,-0.02142154797911644,-0.012371894903481007,-0.07921227812767029,0.007334054913371801,0.036184027791023254,-0.020384587347507477,-0.023037511855363846,-0.03407354652881622,0.005246332380920649,0.03243023902177811,-0.028697801753878593,-0.015950879082083702,-0.0026177994441241026,-0.042573653161525726,-0.03923199325799942,-0.0011765179224312305,0.018864300101995468,-0.04136389493942261,0.06280466169118881,-0.0019621900282800198,-0.01050579734146595,-0.015589642338454723,0.019143443554639816,-0.07844620943069458,-0.04821803793311119,0.01573173701763153,0.025278717279434204,-0.007687176112085581,-0.023860076442360878,0.015412705019116402,-0.03521845117211342,-0.09162288904190063,-0.006870687007904053,-0.012573108077049255,0.012989884242415428,0.031219687312841415,-0.0016063253860920668,-0.013426980935037136,0.02737029828131199,-0.02169932797551155,0.03479069471359253,0.21542684733867645,-0.0002464915451128036,-0.025343533605337143,-0.02944793738424778,0.02585517428815365,-0.05271582677960396,0.020015422254800797,0.07345155626535416,0.014606763608753681,-0.01793610118329525,0.006437323521822691,0.0434098094701767,-0.021345458924770355,0.04407450556755066,0.003759375074878335,-0.03915594145655632,-0.03533291444182396,-0.01973133161664009,0.05407333001494408,0.005372550338506699,0.00847639050334692,-0.02718864195048809,0.0066924262791872025,0.004798481240868568,-0.035428665578365326,-0.011043998412787914,0.0076675014570355415,0.05474051833152771,-0.030312148854136467,0.04947960749268532,-0.05048138648271561,0.00554412417113781,0.04411526396870613,0.019550468772649765,-0.022346392273902893,0.04653843119740486,-0.008917565457522869,-0.050292421132326126,0.0003764648863580078,-0.04091183468699455,-0.016165276989340782,-0.009908967651426792,-0.002978901844471693,0.013735474087297916,0.030612610280513763,0.007638597395271063,-0.023537756875157356,0.00010292782098986208,-0.03641587495803833,0.021708229556679726,0.014833129942417145,0.011271843686699867,0.00296987546607852,0.0031510607805103064,-0.0021472673397511244,-0.0046911356039345264,-0.02597816474735737,-0.038279179483652115,0.018730705603957176,0.021559111773967743,0.03917835280299187,7.857091986807063e-05,-0.024280520156025887,0.0065396432764828205,-0.01931481622159481,-0.0013765060575678945,-0.03116769902408123,-0.02708880603313446,0.04674651473760605,0.004682053346186876,-0.023018376901745796,0.047308262437582016,0.018445167690515518,0.017262684181332588,9.24053747439757e-05,-0.05658971145749092,0.046507105231285095,0.08859559893608093,-0.08938681334257126,-0.01836634799838066,-0.04480014741420746,0.008226052857935429,-0.03438345342874527,0.016601720824837685,0.009075378999114037,0.011395793408155441,-0.03901812806725502,0.07652587443590164,0.0011953214416280389,0.03570498898625374,0.010900354012846947,-0.04503392428159714,-0.0069312141276896,0.012219282798469067,0.032989028841257095,0.07529071718454361,0.005371426232159138,-0.021469982340931892,-0.02117372862994671,0.005623576696962118,0.017267880961298943,-0.030700962990522385,0.006946078967303038,-0.006265364121645689,0.01311191450804472,-0.01836644671857357,-0.0007596894865855575,0.007824307307600975,0.039478253573179245,0.032318197190761566,-0.059909649193286896,-0.005599594675004482,0.01112042460590601,-0.05741449445486069,0.008366282097995281,0.0316239558160305,0.036461908370256424,0.023830018937587738,0.006882127374410629,0.012465457431972027,-0.033593691885471344,0.02912296913564205,0.02342691645026207,0.049061454832553864,0.02077202871441841,-0.05065955966711044,-0.029579773545265198,-0.005309974309056997,-0.011982138268649578,0.05778171122074127,0.01945696398615837,-0.004279613960534334,0.016531791538000107,-0.0043730842880904675,0.02487565390765667,0.024796493351459503,-0.047452617436647415,0.01280239038169384,0.07162322103977203,0.04510440677404404,-0.008501376025378704,0.004912196658551693,-0.025655610486865044,0.05874010547995567,-0.02111012488603592,0.028806960210204124,-0.04332704097032547,-0.013799008913338184,-0.08003086596727371,0.020717862993478775,-0.02236059121787548,-0.024605954065918922,0.014074091799557209,0.003577045165002346,-0.009707257151603699,0.010399669408798218,-0.046493206173181534,0.026388706639409065,-0.02356085740029812,-0.014995877631008625,0.008592863567173481,-0.014262953773140907,0.030812270939350128,0.0728173479437828,-0.009263006038963795,-0.012160536833107471,0.021550627425312996,-0.02329275757074356,-0.015376187860965729,-0.02506474405527115,-2.2811618691775948e-05,-0.016471751034259796,-0.03777049854397774,0.043820641934871674,0.022806189954280853,-0.015848129987716675,-0.03306661546230316,0.01596076786518097,-0.0015547111397609115,-0.0026158513501286507,-0.03289914131164551,0.007493613287806511,0.004305713810026646,-0.033921338617801666,0.03176870197057724,0.0024374458007514477,0.008133160881698132,-0.014654181897640228,0.008338958956301212,-0.03740992397069931,-0.02354578673839569,0.10894861817359924,-0.015336581505835056,0.003352361498400569,0.021603703498840332,0.01976602151989937,0.03132431581616402,0.023807423189282417,0.004570086486637592,0.0034046468790620565,-0.024318521842360497,0.01589933969080448,0.006966754794120789,0.023398829624056816,0.0006723474944010377,0.021937265992164612,-0.03619417920708656,-0.031508877873420715,0.010902632027864456,0.009101749397814274,0.021168548613786697,-0.008103233762085438,-0.021863168105483055,0.0034483771305531263,0.01182183250784874,0.03466052561998367,0.04898060858249664,0.02630324475467205,0.01628909632563591,-0.07547758519649506,0.03179500624537468,0.01897258311510086,0.03759293630719185,-0.08035430312156677,-0.018095269799232483,0.03574168309569359,0.021869255229830742,-0.043272122740745544,-0.005291522480547428,-0.01574132591485977,-0.00845031812787056,-0.03574703261256218,0.023406410589814186,-0.02573378011584282,-0.05262904241681099,0.01632746309041977,-0.005976798944175243,0.006037532351911068,0.03803875669836998,-0.011721990071237087,-0.027631279081106186,-0.013954602181911469,0.037131715565919876,0.04439764842391014,-0.007900130935013294,0.0254070982336998,-0.010520368814468384,-0.0047486224211752415,-0.037474375218153,0.040669914335012436,0.0006756260409019887,-0.024196896702051163,0.04820684716105461,-0.049493458122015,0.024004466831684113,0.014157780446112156,-0.03237912058830261,-0.023445909842848778,-0.031133553013205528,-0.023466968908905983,-0.03454776108264923,0.03915014490485191,-0.01422366127371788,0.005124431569129229,-0.01948574185371399,-0.02580452337861061,-0.03986278921365738,0.008107812143862247,-0.04801856726408005,-0.023181408643722534,-0.007829653099179268,-0.01977829448878765,-0.024739257991313934,-0.032415423542261124,-0.04269004240632057,-0.0072768619284033775,-0.04470357671380043,0.06562885642051697,0.01584046147763729,0.008905370719730854,-0.04544753581285477,-0.00651814229786396,0.005057075060904026,0.013389963656663895,0.01863996870815754,-0.03132180869579315,0.016586460173130035,-0.021254975348711014,-0.018691005185246468,0.00837839674204588,0.013519425876438618,0.012913165614008904,-0.07054132968187332,0.0068749794736504555,0.00569026917219162,-0.001284059602767229,-0.004945616237819195,0.07489720731973648,-0.0010766792111098766,0.0075647905468940735,0.004523840732872486,-0.02418951503932476,0.01495293714106083,0.013162519782781601,-0.028076278045773506,-0.02851736731827259,-0.0015935685951262712,-0.02258741483092308,0.005942403804510832,0.03583336994051933,-0.06260885298252106,-0.10400200635194778,0.01697549968957901,0.013452479615807533,-0.019591839984059334,-0.045206218957901,0.05427929013967514,-0.03080686368048191,0.029386231675744057,0.002247228054329753,-0.028836604207754135,0.017123617231845856,-0.024482306092977524,0.022140493616461754,-0.03450514003634453,0.00377837847918272,-0.07992685586214066,-0.0403033047914505,0.005750386044383049,-0.021930521354079247,-0.03989707678556442,-0.007839777506887913,0.01722845621407032,-0.02418825775384903,0.02019796147942543,0.013544040732085705,0.02190469391644001,-0.04627305641770363,0.02883695252239704,-0.02473258227109909,0.003325418569147587,-0.02302522212266922,0.048209354281425476,-0.009598399512469769,0.019969601184129715,-0.01858058013021946,0.005844359286129475,0.00496857101097703,0.017988931387662888,-0.008925773203372955,-0.011589514091610909,-0.02528398297727108,-0.0003399802662897855,-0.06893234699964523,-0.03294440731406212,0.024292590096592903,-0.028423847630620003,0.017131559550762177,0.010046572424471378,0.0131611917167902,-0.05314067378640175,0.056995294988155365,-0.00998599175363779,-0.02036791853606701,-0.0008368056151084602,-0.01146111823618412,0.008795573376119137,0.04441922530531883,-0.00811248179525137,-0.012168173678219318,-0.027062896639108658,0.019540466368198395,-0.04417808726429939,0.010695980861783028,-0.011553462594747543,0.052205078303813934,-0.004369813948869705,-0.013696063309907913,0.030218303203582764,0.02907123602926731,-0.031866785138845444,0.0566861554980278,-0.029640067368745804,-0.044402703642845154,0.03195495530962944,-0.0413053072988987,-0.06670042872428894,0.008933802135288715,-0.018809281289577484,0.02450093813240528,0.02988065965473652,-0.00871179811656475,-0.030110178515315056,0.012446005828678608,-0.1253354251384735,-0.016196314245462418,0.021169371902942657,0.0031821364536881447,-0.004063935484737158,0.0029631229117512703,0.013593139126896858,-0.029714277014136314,-0.006685005966573954,-0.014398286119103432,-0.0364769771695137,0.0027631002012640238,0.03807652369141579,-0.03299326077103615,0.01641836203634739,0.05226999893784523,-0.005951627157628536,-0.03156550973653793,-0.008154296316206455,0.033888138830661774,-0.004849711433053017,0.03487842530012131,-0.016345111653208733,-0.008730893023312092,-0.013916519470512867,-0.016527794301509857,0.005268779583275318,-0.011214643716812134,-0.03703155368566513,-0.03919380158185959,-0.03237570822238922,-0.057311851531267166,0.021456560119986534,0.018397554755210876,-0.021836502477526665,0.0003072977706324309,-0.002657470526173711,-0.018444444984197617,0.0011597337434068322,-0.01852802373468876,-0.010458405129611492,0.0024443636648356915,-0.05606381222605705,-0.01939893327653408,0.022441629320383072,0.05916551873087883,-0.010754257440567017,-0.013108799234032631,-0.0313015915453434,-0.00629472266882658,0.032169923186302185,0.017618225887417793,-0.04232911393046379,-0.005887093022465706,0.011742893606424332,0.01953730918467045,-0.04812055081129074,-0.010712830349802971,-0.024369481950998306,0.06922254711389542,-0.017819305881857872,0.019521601498126984,-0.043829839676618576,-0.017002053558826447,0.054153621196746826,0.0012295281048864126,-0.0020020490046590567,0.017196452245116234,0.0015829961048439145,-0.019925687462091446,-0.018083618953824043,-0.019116224721074104,-0.002203115727752447,-0.013435057364404202,7.00375676387921e-05,-0.007195455953478813,0.014607027173042297,0.005552118178457022,-0.0012868285411968827,-0.01605851761996746,-0.042628392577171326,-0.05175013467669487,-0.045523568987846375,-0.02355419658124447,0.013459005393087864,-0.011410289444029331,0.00396341597661376,-0.02783520519733429,-0.05224669724702835,-0.09381222724914551,-0.01098561193794012,-0.0611286386847496,-0.014483236707746983,0.030673056840896606,0.0008465599385090172,-0.00385891180485487,0.0053856451995670795,0.008621251210570335,0.01250375248491764,0.00786798819899559,-0.03146698698401451,-0.022560618817806244,0.025511110201478004,-0.020137567073106766,-0.007707037962973118,0.023403028026223183,0.027122218161821365,-0.004474221263080835,0.011447026394307613,0.019664380699396133,0.00910082459449768,0.030134275555610657,-0.03269007429480553,0.01836870238184929,-0.0282131340354681,0.009136383421719074,0.009690295904874802,0.04274856671690941,-0.020108869299292564,-0.006918091792613268,0.02439715340733528,-0.018874602392315865,-0.03339942917227745,-0.021061362698674202,0.04483049362897873,0.007194702513515949,0.030813638120889664,0.0430123507976532,0.002101537771522999,0.009040824137628078,0.011998138390481472,-0.013375893235206604,-0.03907594829797745,0.0038400187622755766,0.026891760528087616,0.026402536779642105,-0.031033461913466454,0.03694041818380356,-0.032043393701314926,-0.036724865436553955,-0.02071220800280571,-0.03532954677939415,0.0019187676953151822,-0.025399114936590195,0.0017915857024490833,-0.017055751755833626,0.010519403964281082,0.011992615647614002,-0.006911497097462416,-0.07714276760816574,-0.026138830929994583,0.017650621011853218,-0.015752173960208893,0.06128061190247536,-0.01588517427444458,0.03782055526971817,-0.01815997250378132,0.04824521765112877,0.020650140941143036,0.056376900523900986,-0.0028537586331367493,-0.027445068582892418,-0.0022287259344011545,-0.041195984929800034,0.0007471800199709833,0.005404818337410688,-0.03342589735984802,-0.01474770437926054,-0.03990772366523743,-0.005702420603483915,-0.023061852902173996,0.017019610852003098,-0.032491981983184814,0.02270919643342495,0.047776736319065094,0.01722509227693081,-0.0013483479851856828,-0.03702663257718086,-0.0070319403894245625,0.022640656679868698,0.022052764892578125,-0.0403410904109478,0.02988339588046074,0.024045247584581375,-0.012082625180482864,0.014152983203530312,0.02518390491604805,0.0158742256462574,-0.01310355868190527,0.009741432033479214,-0.013468412682414055,-0.01269999984651804,0.02662765420973301,-0.02134851925075054,0.05133286863565445,0.020452717319130898,0.030353667214512825,0.01126927137374878,0.018826408311724663,0.07175886631011963,-0.04064939171075821,0.008043455891311169,0.05197262018918991,0.0024559288285672665,-0.029028689488768578,-0.010482493788003922,-0.018236255273222923,0.010241381824016571,0.036132220178842545,-0.004290516022592783,0.037965718656778336,0.02778773568570614,0.02857421711087227,0.013031466864049435,-0.014790923334658146,-0.041733983904123306,-0.002153684850782156,0.0458148829638958,0.011385721154510975,-0.025589678436517715,0.04847140237689018,0.0042203194461762905,0.017576446756720543,-0.017716780304908752,-0.0026257617864757776,-0.009655961766839027,0.03909341245889664,0.03669998049736023,-0.01696040853857994,0.0031201934907585382,-0.01099349744617939,0.027970949187874794,-0.009679320268332958,0.013195708394050598,0.03499562665820122,-0.033295586705207825,-0.02946254424750805,0.013394178822636604,-0.019625984132289886,0.015339323319494724,0.01829543150961399,-0.017303628847002983,0.02847961336374283,-0.0067525566555559635"
https://help.ptsecurity.com/ru-RU/projects/mp10/27.4/help/702318859,https://help.ptsecurity.com/ru-RU/projects/mp10/27.4/help/702318859,Работа с инцидентами · MaxPatrol 10 · Справочный портал,"Ра­бо­та с ин­ци­ден­та­ми
В этой статье
Выявление инцидентов
Приоритизация инцидентов
Анализ инцидента
Расследование инцидента
MaxPatrol 10 по­мо­га­ет вам вы­яв­лять и рас­сле­до­вать ин­ци­ден­ты ин­фор­ма­ци­он­ной без­опас­но­сти.
Ин­ци­дент ин­фор­ма­ци­он­ной без­опас­но­сти (та­к­же ин­ци­дент) — это одно или несколь­ко неже­ла­тель­ных или неожи­дан­ных со­бы­тий, ко­то­рые мо­гут по­вли­ять на ин­фор­ма­ци­он­ную без­опас­ность ор­га­ни­за­ции.
При­ме­ра­ми ин­ци­ден­тов ИБ мо­гут слу­жить:
несанк­ци­о­ни­ро­ван­ное из­ме­не­ние дан­ных;
уста­нов­ка за­пре­щен­но­го ПО;
об­на­ру­же­ние ви­ру­са;
ска­ни­ро­ва­ние сети;
спам;
утеч­ка дан­ных.
MaxPatrol 10 пред­на­зна­чен для вы­яв­ле­ния ин­ци­ден­тов и по­мо­га­ет ана­ли­зи­ро­вать и рас­сле­до­вать ин­ци­ден­ты, а та­к­же хра­нить ин­фор­ма­цию о них.
MaxPatrol 10 ска­ни­ру­ет IT-ин­фра­струк­ту­ру ор­га­ни­за­ции с по­мо­щью мо­ду­лей и со­би­ра­ет ин­фор­ма­цию, на ос­но­ве ко­то­рой фор­ми­ру­ет внут­рен­нюю мо­дель ак­ти­вов.
На ос­но­ве ана­ли­за со­бы­тий MaxPatrol 10 ав­то­ма­ти­че­ски ре­ги­стри­ру­ет ин­ци­ден­ты ин­фор­ма­ци­он­ной без­опас­но­сти. Та­к­же вы мо­же­те за­ре­ги­стри­ро­вать их вруч­ную.
MaxPatrol 10 по­мо­га­ет вам точ­но и быст­ро ре­а­ги­ро­вать на ин­ци­ден­ты, что поз­во­лит в крат­чай­шие сро­ки вос­ста­но­вить ра­бо­то­спо­соб­ность IT-ин­фра­струк­ту­ры ор­га­ни­за­ции и све­сти к ми­ни­му­му небла­го­при­ят­ное вли­я­ние ин­ци­ден­тов на IT-ин­фра­струк­ту­ру ор­га­ни­за­ции.
Про­цесс ра­бо­ты с ин­ци­ден­та­ми в MaxPatrol 10 со­сто­ит из сле­ду­ю­щих эта­пов:
Вы­яв­ле­ние ин­ци­ден­тов.
При­о­ри­ти­за­ция ин­ци­ден­тов.
Ана­лиз ин­ци­ден­та.
Рас­сле­до­ва­ние ин­ци­ден­та.
Вы­яв­ле­ние ин­ци­ден­тов
Цель эта­па: узнать о по­яв­ле­нии ин­ци­ден­та (если он со­здан ав­то­ма­ти­че­ски) или, если вы об­на­ру­жи­ли его са­мо­сто­я­тель­но, вне­сти ин­фор­ма­цию о нем в MaxPatrol 10.
Если ин­ци­дент был со­здан ав­то­ма­ти­че­ски, вы мо­же­те узнать об этом из уве­дом­ле­ния, при­шед­ше­го на вашу элек­трон­ную по­чту. Ста­тус со­здан­но­го ин­ци­ден­та в си­сте­ме —
Но­вый
.
Ин­ци­ден­ты со ста­ту­сом
Но­вый
пе­ре­хо­дят на сле­ду­ю­щий этап жиз­нен­но­го цик­ла в си­сте­ме — этап при­о­ри­ти­за­ции ин­ци­ден­тов.
При­о­ри­ти­за­ция ин­ци­ден­тов
Цель эта­па: вы­брать ин­ци­ден­ты, ко­то­рые вам нуж­но взять в ра­бо­ту в первую оче­редь.
Ваши дей­ствия:
От­сор­ти­ро­вать и от­филь­тро­вать ин­ци­ден­ты с по­мо­щью встро­ен­ных в MaxPatrol 10 ин­стру­мен­тов — сор­ти­ров­ки и филь­тра­ции:
Сор­ти­ров­ка ин­ци­ден­тов. Вы мо­же­те сор­ти­ро­вать ин­ци­ден­ты по па­ра­мет­рам: по вре­ме­ни со­зда­ния, по сте­пе­ни опас­но­сти, по ста­ту­су.
Филь­тра­ция ин­ци­ден­тов. Вы мо­же­те ис­поль­зо­вать стан­дарт­ные, вре­мен­ные или свои на­стро­ен­ные (поль­зо­ва­тель­ские) филь­тры, что­бы быст­ро най­ти нуж­ный вам ин­ци­дент или группу ин­ци­ден­тов по за­дан­ным па­ра­мет­рам.
Вы­пол­нить ди­а­гно­сти­ку ин­ци­ден­та. В ходе ди­а­гно­сти­ки вы долж­ны при­нять ре­ше­ние о том, ну­жен ли даль­ней­ший ана­лиз и рас­сле­до­ва­ние ин­ци­ден­та:
Если ин­ци­дент яв­ля­ет­ся лож­ным сра­ба­ты­ва­ни­ем, вы долж­ны из­ме­нить его ста­тус с
Но­вый
на
За­крыт
. Ин­ци­дент бу­дет хра­нить­ся в си­сте­ме со ста­ту­сом
За­крыт (лож­ное сра­ба­ты­ва­ние)
, из­ме­не­ние это­го ста­ту­са невоз­мож­но.
Если ин­ци­дент яв­ля­ет­ся ис­тин­ным (не лож­ным сра­ба­ты­ва­ни­ем), вы долж­ны из­ме­нить его ста­тус с
Но­вый
на
Утвер­жден
. Утвер­жден­ный ин­ци­дент пе­ре­хо­дит на сле­ду­ю­щий этап жиз­нен­но­го цик­ла ин­ци­ден­та в си­сте­ме — этап ана­ли­за.
Ана­лиз ин­ци­ден­та
Цель эта­па: рас­ши­рить кон­текст ин­ци­ден­та и при­нять ре­ше­ние, нуж­но ли даль­ней­шее рас­сле­до­ва­ние.
Ваши дей­ствия:
Про­ана­ли­зи­ро­вать свя­зи ин­ци­ден­та; со­бы­тия и ак­ти­вы, при­вя­зан­ные к ин­ци­ден­ту; дан­ные из кар­точ­ки.
При­нять ре­ше­ние, нуж­но ли даль­ней­шее рас­сле­до­ва­ние или ин­ци­дент был раз­ре­шен без ва­ше­го уча­стия:
Если ин­ци­дент был раз­ре­шен без ва­ше­го уча­стия (на­при­мер, был со­здан ин­ци­дент
Об­на­ру­же­ние ви­ру­са
, но к эта­пу ана­ли­за ан­ти­ви­рус уже успел уда­лить вре­до­нос­ное ПО), вы долж­ны из­ме­нить ста­тус ин­ци­ден­та с
Утвер­жден
на
За­крыт
.
Если нуж­но даль­ней­шее рас­сле­до­ва­ние, вы долж­ны из­ме­нить ста­тус ин­ци­ден­та с
Утвер­жден
на
В ра­бо­те
. Ин­ци­дент со ста­ту­сом
В ра­бо­те
пе­ре­хо­дит на сле­ду­ю­щий этап жиз­нен­но­го цик­ла в си­сте­ме — этап рас­сле­до­ва­ния.
На эта­пе рас­сле­до­ва­ния из­ме­не­ние на­зва­ния и опи­са­ния ста­ту­са ин­ци­ден­та ста­но­вит­ся недо­ступ­ным.
Рас­сле­до­ва­ние ин­ци­ден­та
Цель эта­па: опре­де­лить ис­точ­ник угроз, вы­явить об­сто­я­тель­ства, ко­то­рые при­ве­ли к воз­ник­но­ве­нию ин­ци­ден­та, со­брать до­ка­за­тель­ства ин­ци­ден­та, дать ре­ко­мен­да­ции по устра­не­нию ин­ци­ден­та и за­крыть ин­ци­дент.
Ваши дей­ствия:
Ка­те­го­ри­зи­ро­вать ин­ци­дент. Вы долж­ны оце­нить си­ту­а­цию и пред­ва­ри­тель­но при­сво­ить ин­ци­ден­ту ка­те­го­рию на ос­но­ве ин­фор­ма­ции, до­ступ­ной вам на мо­мент вы­яв­ле­ния ин­ци­ден­та: на­при­мер,
Уста­нов­ка за­пре­щен­но­го ПО
или
Утеч­ка дан­ных
.
Ло­ка­ли­зо­вать ин­ци­дент. Вы долж­ны про­смот­реть то­по­ло­гию ин­ци­ден­та и до­сти­жи­мо­сти, что­бы опре­де­лить, ка­кие ак­ти­вы во­вле­че­ны в ин­ци­дент.
По­ста­вить за­да­чи по ин­ци­ден­ту. Вы мо­же­те по­ста­вить за­да­чу на дру­го­го со­труд­ни­ка, что­бы при­влечь его к рас­сле­до­ва­нию ин­ци­ден­та, сбо­ру до­ка­за­тельств по ин­ци­ден­ту или вос­ста­нов­ле­нию ра­бо­то­спо­соб­но­сти си­сте­мы. В рам­ках рас­сле­до­ва­ния каж­до­го ин­ци­ден­та вы мо­же­те со­зда­вать несколь­ко за­дач.
Раз­ра­бо­тать план и при­нять меры по ин­ци­ден­ту. По­сле того, как вы ис­сле­до­ва­ли все об­сто­я­тель­ства ин­ци­ден­та, вам нуж­но раз­ра­бо­тать пла­ны и дать ре­ко­мен­да­ции во­вле­чен­ным в ин­ци­дент со­труд­ни­кам, что­бы предот­вра­тить по­втор­ное воз­ник­но­ве­ние вы­яв­лен­но­го ин­ци­ден­та. За­тем вы долж­ны из­ме­нить ста­тус ин­ци­ден­та с
В ра­бо­те
на
Раз­ре­шен
.
Про­кон­тро­ли­ро­вать ис­пол­не­ние ре­ко­мен­да­ций (оп­ци­о­наль­но):
Если ваши ре­ко­мен­да­ции вы­пол­не­ны, а ин­ци­дент и по­след­ствия устра­не­ны, вы долж­ны из­ме­нить ста­тус ин­ци­ден­та с
Раз­ре­шен
на
За­крыт
. При­ня­тые меры по ин­ци­ден­ту вам нуж­но за­фик­си­ро­вать в кар­точ­ке ин­ци­ден­та.
Если ваши ре­ко­мен­да­ции не вы­пол­не­ны либо при­ня­тых мер ока­за­лось недо­ста­точ­но и ин­ци­дент воз­ни­ка­ет по­втор­но, вы долж­ны из­ме­нить ста­тус ин­ци­ден­та с
Раз­ре­шен
на
В ра­бо­те
.
Но­вый
Утвер­жден
За­крыт
В ра­бо­те
Раз­ре­шен
Ста­ту­сы ин­ци­ден­та
В лю­бой мо­мент ра­бо­ты с ин­ци­ден­та­ми вы мо­же­те экс­пор­ти­ро­вать их в уни­фи­ци­ро­ван­ном фор­ма­те об­ме­на для по­сле­ду­ю­ще­го им­пор­та в дру­гие си­сте­мы.
Та­к­же вы мо­же­те про­смат­ри­вать клю­че­вые по­ка­за­те­ли ра­бо­ты по ин­ци­ден­там, на­при­мер от­сле­жи­вать ди­на­ми­ку по­яв­ле­ния ин­ци­ден­тов, как быст­ро они об­ра­ба­ты­ва­ют­ся, сколь­ко вре­ме­ни в сред­нем тра­тит­ся на устра­не­ние ин­ци­ден­та.
На стра­ни­це Ин­ци­ден­ты вы мо­же­те про­смат­ри­вать таб­ли­цу ин­ци­ден­тов и вы­пол­нять ти­по­вые дей­ствия с ин­ци­ден­та­ми.
Ошибки при просмотре событий
Выявление инцидентов",1,maxpatrol10 автоматически регистрирует инциденты информационной безопасности также можете зарегистрировать вручную maxpatrol10 помогает точно быстро реагировать инциденты позволит кратчайшие сроки восстановить работоспособность it инфраструктуры организации свести минимуму неблагоприятное влияние инцидентов it инфраструктуру организации процесс работы инцидентами maxpatrol10 состоит следующих этапов выявление инцидентов приоритизация инцидентов анализ инцидента расследование инцидента выявление инцидентов цель этапа узнать появлении инцидента создан автоматически обнаружили самостоятельно внести информацию нем maxpatrol10 инцидент создан автоматически можете узнать уведомления пришедшего вашу электронную почту статус созданного инцидента системе новый инциденты статусом новый переходят следующий этап жизненного цикла системе этап приоритизации инцидентов приоритизация инцидентов цель этапа выбрать инциденты которые нужно взять работу первую очередь ваши действия отсортировать,"0.021858979016542435,-0.0058912672102451324,-0.016644077375531197,0.039292242377996445,-0.036203935742378235,-0.019135495647788048,0.02239149808883667,0.038826290518045425,0.047616146504879,0.04496202617883682,-0.01874004490673542,-0.011081024073064327,-0.04379358887672424,0.016416694968938828,0.04965965822339058,0.04956944286823273,0.02098357304930687,0.01350969634950161,0.00331897777505219,-0.04007887840270996,-0.0172137338668108,0.002849165815860033,0.01073435228317976,0.022786464542150497,-0.033374935388565063,0.012628685683012009,0.018393872305750847,-0.007548612542450428,0.0038581013213843107,0.03887377306818962,-0.007565440144389868,-0.028296878561377525,0.0035381268244236708,-0.00045115500688552856,-0.02174224518239498,-0.01737341284751892,-0.0398271419107914,-0.023859435692429543,-0.02942914329469204,0.06028100103139877,0.024864014238119125,0.003484558779746294,0.006137053482234478,-0.026571806520223618,-0.03715772554278374,-0.03919106721878052,-0.005450812168419361,-0.012902640737593174,-0.0153755322098732,-0.037348464131355286,-0.018348995596170425,-0.0008355337777175009,0.021264519542455673,-0.07105904817581177,0.004195620771497488,0.054980210959911346,-0.0394609272480011,0.020337609574198723,-0.006731615401804447,0.03196701407432556,-0.02745239809155464,0.004942146595567465,0.01829637959599495,-0.03417717292904854,0.021946871653199196,0.05680155009031296,-0.012906053103506565,-0.025452017784118652,0.003720693988725543,-0.007859190925955772,0.015364477410912514,0.006275244522839785,-0.01718251407146454,-0.012461136095225811,-0.045275770127773285,0.01551787182688713,0.08878488838672638,-0.028680087998509407,0.023388246074318886,-0.01311708614230156,-0.04309973493218422,-0.018791500478982925,-0.044720686972141266,0.05077698826789856,0.04095913842320442,-0.01338740810751915,-0.016954941675066948,0.0774180144071579,0.03213467821478844,0.011132522486150265,0.02623566798865795,0.0018971782410517335,0.022390887141227722,-0.02457229606807232,-0.022412428632378578,-0.048276614397764206,-0.005136037711054087,0.005361557938158512,0.016473444178700447,-0.014286893419921398,0.03978725150227547,0.022440744563937187,0.017801253125071526,-0.018793068826198578,0.05230483040213585,0.00042842450784519315,0.06383800506591797,0.021222461014986038,0.014716854318976402,0.005088666919618845,0.00984821654856205,-0.012986506335437298,0.005722139496356249,-0.013005000539124012,0.010907859541475773,-0.04339546710252762,0.02121070586144924,0.013277245685458183,0.004186725709587336,-0.06374766677618027,0.019866706803441048,0.02494657039642334,0.05412636697292328,0.02013215608894825,-0.029236476868391037,-0.03053605742752552,-0.0355241484940052,0.003966210875660181,0.0444168895483017,0.02403613179922104,0.04354505240917206,0.02257205732166767,0.05285806208848953,-0.022431498393416405,-0.03722963482141495,-0.018745476379990578,0.005340171046555042,0.06303901225328445,0.010195995680987835,-0.03496916964650154,0.06437963992357254,0.05158878117799759,-0.03087637387216091,-0.016067571938037872,-0.00022821685706730932,-0.06456635892391205,0.008188033476471901,-0.0011357689509168267,0.016446854919195175,-0.0077529470436275005,-0.01893031969666481,0.0330209955573082,-0.016567233949899673,0.004319292493164539,-0.0010009276447817683,-0.020155884325504303,-0.009200000204145908,-0.017318440601229668,0.024867521598935127,0.018055405467748642,0.0008494987268932164,0.0012121399631723762,-0.05742405727505684,0.03233383223414421,0.0026091302279382944,-0.0025514434091746807,-0.005156596191227436,-0.021793711930513382,0.0039276485331356525,-0.03662826865911484,0.03732573986053467,-0.06382764130830765,-0.040815021842718124,0.013819332234561443,0.001547188963741064,0.005270035471767187,0.06828169524669647,0.02902824617922306,-0.0014022670220583677,-0.02209768258035183,0.017159970477223396,-0.008229656144976616,0.010098214261233807,0.01600457914173603,-0.02296488732099533,0.05422298610210419,0.0003013949026353657,0.014773682691156864,0.019764451310038567,0.03979036211967468,0.006354604847729206,0.003299239557236433,0.05991333723068237,-0.015206379815936089,0.03543438762426376,-0.0222848579287529,0.019123857840895653,0.048431944102048874,0.006712481379508972,0.044869035482406616,-0.03515811637043953,0.07792463898658752,0.004770081490278244,-0.004838452208787203,-0.058179255574941635,0.004163740202784538,0.010788902640342712,-0.021979935467243195,0.003843754529953003,-0.0845273956656456,0.008793367072939873,0.030631255358457565,0.018506333231925964,0.0007014059228822589,-0.023732950910925865,0.04407263547182083,0.06199606880545616,0.014446234330534935,-0.0014186968328431249,-0.04790078103542328,-0.0361972376704216,0.023759787902235985,0.00827790331095457,-0.026584893465042114,-0.004349269904196262,0.03370313346385956,-0.017174826934933662,0.011604472994804382,-0.0020099773537367582,0.023178039118647575,-0.01821092516183853,0.04322733357548714,0.011813143268227577,-0.027842210605740547,0.01782108098268509,-0.01660098321735859,-0.03507135435938835,-0.023882310837507248,0.023130793124437332,0.02306833304464817,0.023321596905589104,-0.033705469220876694,0.02683185040950775,-0.01236297469586134,-0.03555825725197792,-0.017040276899933815,-0.01860690489411354,-0.0017727954545989633,0.014758425764739513,0.006456170231103897,-0.012398365885019302,-0.012608908116817474,0.016463197767734528,0.021209578961133957,0.025200312957167625,-0.029261983931064606,-0.026896752417087555,0.020063921809196472,0.02484004572033882,-0.010623408481478691,-0.008512533269822598,0.009766320697963238,-0.019422678276896477,-0.011680951341986656,0.029261628165841103,-0.013740350492298603,0.038050614297389984,-0.029698122292757034,-0.00634829793125391,0.014534544199705124,-0.010007220320403576,-0.04934990778565407,0.033540647476911545,0.008560344576835632,-0.04131346940994263,0.0045012542977929115,-0.06870968639850616,-0.031657762825489044,0.06616315990686417,0.050606198608875275,-0.030813738703727722,-0.024434709921479225,-0.009225201793015003,0.020028993487358093,0.01718650385737419,0.02640051767230034,-0.024779053404927254,0.010667532682418823,-0.029419662430882454,0.016016408801078796,-0.010790056549012661,-0.014064212329685688,0.07231777906417847,-0.03321187198162079,0.013249605894088745,0.02512378990650177,-0.014246704988181591,-0.13326027989387512,-0.016636377200484276,-0.014380737207829952,0.01876020058989525,-0.013365098275244236,-0.010880830697715282,-0.0275881364941597,0.006297804415225983,-0.0345122404396534,0.08277738094329834,-0.0225779190659523,-0.052454814314842224,-0.005462473724037409,0.012332377955317497,0.03735952451825142,0.004547792952507734,-0.03274970501661301,0.03839705511927605,-0.02441779151558876,-0.044056572020053864,-0.05375606194138527,-0.015226702205836773,-0.005246400833129883,-0.02231423184275627,-0.09180368483066559,-0.03001241385936737,0.06450903415679932,0.00887027382850647,-0.04355761036276817,0.009087629616260529,-0.028831586241722107,-0.012978238984942436,4.9162058530782815e-06,0.006067260634154081,-0.0032088079024106264,0.03725237026810646,0.016422037035226822,-0.0030086939223110676,0.020541859790682793,-2.807736018439755e-05,0.03774848207831383,0.043170396238565445,0.0018653332954272628,0.013549583964049816,-0.025132199749350548,-0.0022504969965666533,0.05451027676463127,-0.030866101384162903,-0.03686705604195595,0.02304166555404663,-0.05665966495871544,0.010230452753603458,0.030495518818497658,-0.05100182443857193,-0.02268059365451336,-0.020336151123046875,0.018510302528738976,0.01240699551999569,-0.03843323886394501,0.014070798642933369,-0.00280941603705287,-0.005456695333123207,-0.012902663089334965,-0.006932233460247517,0.013067822903394699,0.0012622290523722768,0.030628906562924385,0.00048077834071591496,-0.006831313483417034,-0.016687000170350075,0.00450746389105916,-0.08536693453788757,-0.04315536841750145,0.03654422238469124,0.010396018624305725,0.022165358066558838,-0.03296845406293869,0.01750551164150238,-0.03261011466383934,-0.10567895323038101,-0.021001344546675682,0.006839169654995203,0.009740891866385937,0.01275656744837761,-0.013647660613059998,-0.019820470362901688,0.02951090596616268,-0.008008133620023727,0.033885203301906586,0.20561981201171875,-0.0035630615893751383,-0.028131622821092606,-0.0053037600591778755,0.030783649533987045,-0.05457020178437233,0.016280394047498703,0.07595914602279663,0.012599739246070385,-0.011581974104046822,0.008669438771903515,0.03921978175640106,0.005758864339441061,0.05140019208192825,-0.0016107553383335471,-0.03952779248356819,-0.02449086308479309,-0.005342139396816492,0.036160700023174286,-0.009077660739421844,0.02489936724305153,-0.011271212249994278,0.030127016827464104,-0.013940191827714443,-0.04914329946041107,-0.025113988667726517,0.002423149300739169,0.06455446779727936,-0.0362657755613327,0.01084767747670412,-0.03642819821834564,0.006879703141748905,0.041480228304862976,0.01833282969892025,-0.011709850281476974,0.05335678905248642,0.0030004617292433977,-0.03505242243409157,-0.020409822463989258,-0.031828269362449646,-0.0071905432268977165,-0.015848467126488686,0.014034355990588665,-0.0267973430454731,0.03151318430900574,7.312439993256703e-05,-0.009716229513287544,0.0050492496229708195,-0.04395602270960808,0.012863075360655785,0.026231639087200165,0.039242397993803024,-0.012277020141482353,-0.013747477903962135,0.0026215207763016224,-0.021742522716522217,-0.011054934933781624,-0.017636295408010483,0.025845881551504135,0.010417519137263298,0.05198563262820244,0.007952280342578888,-0.03830011561512947,-0.009824343025684357,-0.01728273183107376,-0.024188093841075897,0.0019830584060400724,-0.014928499236702919,0.03592099994421005,0.0018177349120378494,0.005467135459184647,0.014137817546725273,0.014690845273435116,0.007359941024333239,0.001710153534077108,-0.04625307396054268,0.07211671024560928,0.07756692171096802,-0.09128487855195999,-0.01891137659549713,-0.0418955460190773,-0.0014041950926184654,-0.03859604522585869,0.04802565276622772,0.031460534781217575,0.011099529452621937,-0.036803632974624634,0.08962919563055038,-0.021883029490709305,0.042806413024663925,-0.00137686962261796,-0.04416563734412193,0.005106425378471613,0.016745368018746376,-0.008978313766419888,0.05005257576704025,0.008205883204936981,-0.03617306053638458,-0.024414965882897377,0.024143610149621964,-0.012582640163600445,-0.032839126884937286,-0.015025967732071877,-0.01206111442297697,0.01702859438955784,-0.03201809898018837,0.03333098068833351,0.002158582676202059,0.01962406001985073,0.04619450867176056,-0.06089869886636734,-0.010165227577090263,0.012586983852088451,-0.07492709159851074,0.017008228227496147,0.0462036058306694,0.07342325150966644,0.027879150584340096,0.013014550320804119,0.013866569846868515,-0.021890752017498016,0.042758647352457047,0.023015165701508522,0.03563572093844414,0.012969044968485832,-0.08027034252882004,-0.016261320561170578,-0.01082785613834858,-0.03168318420648575,0.049873050302267075,0.015334672294557095,-0.002976667135953903,0.03006887622177601,-0.013322838582098484,0.023168690502643585,0.032560475170612335,-0.029684850946068764,0.002349063754081726,0.054478276520967484,0.02375182695686817,-0.028322646394371986,-0.0057394737377762794,-0.03646070882678032,0.051695384085178375,-0.009746022522449493,0.015124348923563957,-0.023925507441163063,-0.012399534694850445,-0.08101551234722137,0.008814780041575432,0.002531730104237795,-0.020713279023766518,0.021227184683084488,0.013912390917539597,-0.009110862389206886,0.009852140210568905,-0.031084205955266953,0.02127315290272236,-0.013481744565069675,-0.011489280499517918,0.017228873446583748,-0.005138116888701916,0.028133878484368324,0.08516821265220642,-0.024441789835691452,-0.041121404618024826,0.026096010580658913,-0.007815200835466385,-0.02853252924978733,-0.03396926075220108,0.007734993472695351,-0.03660665825009346,-0.03995141014456749,0.010131157003343105,0.015996286645531654,-0.0037653171457350254,-0.023585988208651543,0.030672522261738777,-0.0004140638338867575,-0.0018114729318767786,-0.030236268416047096,0.022889653220772743,-0.013744412921369076,-0.030015770345926285,0.0273057259619236,-0.005206372123211622,0.005131595302373171,-0.008581864647567272,0.0010377040598541498,-0.01431970577687025,-0.03004920855164528,0.12251110374927521,0.00781868863850832,-0.010928159579634666,0.038276031613349915,0.022784104570746422,0.05624324083328247,0.020977547392249107,0.020687205716967583,0.014116342179477215,-0.05535830557346344,0.0017727051163092256,-0.01638074405491352,0.03441300615668297,0.019090743735432625,0.009526059031486511,-0.018806729465723038,-0.026553023606538773,0.005149961449205875,0.019916927441954613,0.029643822461366653,-0.014969322830438614,-0.025469454005360603,0.015028070658445358,0.019052304327487946,0.008517737500369549,0.04894353821873665,0.03887933865189552,0.0038249818608164787,-0.07895076274871826,0.033401209861040115,0.015951015055179596,0.015439867973327637,-0.06531691551208496,-0.04231299087405205,0.046291764825582504,0.028306633234024048,-0.039089102298021317,-0.012996970675885677,-0.028020432218909264,-0.010495430789887905,-0.03977978229522705,0.017834434285759926,-0.018040306866168976,-0.03545038774609566,0.00242184242233634,0.01161311473697424,0.010258804075419903,0.0566847026348114,0.0004215386579744518,-0.022342374548316002,-0.008517359383404255,0.04300073906779289,0.033412665128707886,0.023411426693201065,0.039256080985069275,-0.014865619130432606,-0.022473542019724846,-0.05286504700779915,0.0365590937435627,0.022871781140565872,-0.016504386439919472,0.04912113398313522,-0.06375900655984879,0.032360006123781204,0.0004115249903406948,-0.025300873443484306,-0.04775434732437134,-0.013158188201487064,-0.04897836968302727,-0.03282933682203293,0.026387091726064682,-0.004542899318039417,-0.00411199638620019,-0.03071010857820511,-0.04549471661448479,-0.022280564531683922,-0.010587241500616074,-0.05246072635054588,-0.007869911380112171,-0.023663237690925598,-0.02592809870839119,-0.00034378349664621055,-0.0030833110213279724,-0.020342646166682243,-0.003913831897079945,-0.040959447622299194,0.019818956032395363,0.0157762598246336,-0.01227524783462286,-0.037263285368680954,0.0042549073696136475,0.011069687083363533,0.015193639323115349,0.0011923768324777484,-0.036454010754823685,0.03857017308473587,-0.03322577476501465,-0.01982407458126545,-0.011488880962133408,0.009111260063946247,0.01185926515609026,-0.04731757566332817,0.033412784337997437,-0.013084698468446732,0.00463104760274291,-0.017294008284807205,0.05854422599077225,0.006621319334954023,0.0026075805071741343,-0.0030927653424441814,-0.019824925810098648,0.016246533021330833,0.0258201714605093,-0.02441754750907421,-0.005782246123999357,0.009302452206611633,-0.03524554893374443,0.0029457458294928074,0.029473789036273956,-0.045702412724494934,-0.08540421724319458,-0.0011338520562276244,0.01067821029573679,0.018682193011045456,-0.031033828854560852,0.04450196027755737,-0.04020333290100098,0.03720107674598694,-0.018460990861058235,-0.0016152565367519855,0.016115345060825348,-0.022140750661492348,-0.01365277823060751,-0.04297653213143349,0.010646520182490349,-0.06980240345001221,-0.031924184411764145,0.0018329244339838624,-0.008844130672514439,-0.029370713979005814,-0.02494560182094574,0.020947666838765144,0.000961251906119287,-0.0060407365672290325,-0.013440174981951714,0.011952005326747894,-0.04484684020280838,0.021637436002492905,-0.019890693947672844,0.009601307101547718,-0.05004766583442688,0.030178064480423927,-0.018214935436844826,0.016340242698788643,-0.02532169781625271,0.003650306724011898,0.012477160431444645,0.007724390830844641,-0.0027992313262075186,0.014155574142932892,0.005187523551285267,-0.026654528453946114,-0.06001356616616249,-0.0054126642644405365,-0.010982503183186054,-0.01362596545368433,0.0022931124549359083,0.03263726085424423,0.000979316420853138,-0.06033390760421753,0.06506426632404327,-0.02407468482851982,0.001111553399823606,-0.00476868124678731,-0.0031324054580181837,0.025948846712708473,0.04272058978676796,0.007802228908985853,-0.006073080003261566,-0.013654966838657856,0.008359534665942192,-0.039633192121982574,0.0304062832146883,-0.007405260112136602,0.024121442809700966,-0.006243052426725626,-0.02930096723139286,0.02498718723654747,0.0003381350252311677,-0.04728339985013008,0.036273758858442307,-0.02449016459286213,-0.030817897990345955,0.035154420882463455,-0.06116771325469017,-0.04625062644481659,0.022685807198286057,-0.002856305567547679,0.029557539150118828,0.002597528975456953,-0.01348978839814663,-0.041217245161533356,0.007847104221582413,-0.13202351331710815,-0.03878780081868172,0.012225092388689518,-0.003497963771224022,-0.01227494329214096,0.017954103648662567,-0.0041421810165047646,-0.04488319158554077,-0.028351787477731705,-0.0034393896348774433,-0.016757266595959663,-0.018777554854750633,0.024039091542363167,-0.04111144691705704,0.002792822429910302,0.03833393380045891,-0.02125711739063263,-0.024548429995775223,-0.008617257699370384,0.029990799725055695,-0.007823724299669266,0.022389231249690056,-0.022268667817115784,-0.010491115972399712,-0.04374979808926582,-0.006437417585402727,-0.007288168650120497,-0.015037917532026768,-0.0362103208899498,-0.04068976268172264,-0.04077855870127678,-0.053150519728660583,0.02204112522304058,0.027246257290244102,-0.028898153454065323,0.0029089446179568768,0.005827970337122679,-0.01694457419216633,-0.0006001161527819932,0.0063601890578866005,-0.00885713566094637,0.011431124992668629,-0.060119256377220154,-0.009984796866774559,0.019546281546354294,0.05699792131781578,-0.008384560234844685,-0.01714186742901802,-0.019565634429454803,-0.01303139142692089,0.03420514985918999,0.018907684832811356,-0.03718968480825424,0.012628902681171894,0.006402140017598867,0.011426609940826893,-0.05031347647309303,-0.014426927082240582,-0.014986775815486908,0.05681217461824417,-0.02396247535943985,0.024530991911888123,-0.047694556415081024,-0.013501237146556377,0.023347651585936546,0.007985439151525497,-0.004922770895063877,0.030273282900452614,0.001462500193156302,0.010509663261473179,0.0073675354942679405,-0.02966136857867241,-0.0012992172269150615,-0.0033641953486949205,-0.008618518710136414,-0.010211048647761345,0.017100241035223007,-0.007516498677432537,-0.015913529321551323,-0.0100977448746562,-0.05447598546743393,-0.035435277968645096,-0.044378653168678284,0.00810100045055151,0.03710954263806343,-0.0007537422934547067,0.014241664670407772,-0.03754706680774689,-0.02642357349395752,-0.07971566170454025,-0.017810354009270668,-0.0626312643289566,-0.009509454481303692,0.01660287380218506,0.009312073700129986,0.020957011729478836,0.007363476324826479,-0.0038999905809760094,0.02134772017598152,-0.007231991272419691,-0.014138054102659225,-0.006449458189308643,0.038150809705257416,-0.007962403818964958,-0.004997899755835533,-0.0037213389296084642,0.03612436354160309,0.016712360084056854,-0.00786738283932209,0.013730492442846298,-0.0010390531970188022,0.017876161262392998,-0.025421561673283577,0.011215481907129288,-0.05953599140048027,-0.005686415825039148,0.010687055066227913,0.03965961933135986,0.010247361846268177,-0.001965824281796813,0.026345474645495415,-0.013949565589427948,-0.026262005791068077,-0.026103990152478218,0.029085958376526833,0.016248300671577454,0.0343453548848629,0.04374338686466217,0.01744668558239937,0.00953881349414587,0.017999662086367607,-0.05508705601096153,-0.024054111912846565,0.006283483002334833,0.0438893623650074,-0.000582480279263109,-0.03262649103999138,0.030318083241581917,-0.017994388937950134,-0.04050822556018829,-0.029151594266295433,-0.030404742807149887,0.006809597834944725,-0.034113913774490356,0.0012842542491853237,-0.032593391835689545,-0.011716419830918312,0.008018899708986282,-0.0028056795708835125,-0.04934736341238022,-0.0322907455265522,0.039586227387189865,-0.006372356321662664,0.07231192290782928,-0.02742752991616726,0.03612864390015602,-0.03167599439620972,0.0629454106092453,0.01880796067416668,0.037872541695833206,0.007271323818713427,-0.010908365249633789,-0.011592784896492958,-0.03820975124835968,0.0025386770721524954,-0.016262236982584,-0.031351398676633835,-0.025146309286355972,-0.06402027606964111,0.004857505671679974,-0.012606441974639893,0.03461938351392746,-0.03663342818617821,0.03486961871385574,0.038665372878313065,0.013829711824655533,0.005746085662394762,-0.02208729274570942,0.0026969644241034985,0.025165317580103874,0.03149418160319328,-0.040627770125865936,0.012000680901110172,0.019486498087644577,-0.0035335368011146784,0.01304942462593317,0.06302258372306824,0.023165827617049217,-0.01739944890141487,0.005932990927249193,-0.024403098970651627,-0.009262078441679478,0.041880831122398376,-0.040938399732112885,0.054710179567337036,-0.029442351311445236,0.02568073570728302,-0.004010484553873539,0.012928446754813194,0.08449350297451019,-0.04327027127146721,-0.013691586442291737,0.03849833831191063,0.011709976941347122,-0.009889482520520687,0.015561622567474842,-0.02477307803928852,0.0006859332206659019,0.013337688520550728,-0.012680270709097385,0.042855795472860336,-0.0045896912924945354,0.016286257654428482,0.018189003691077232,-0.014480728656053543,-0.02205641195178032,0.02748328447341919,0.04827655106782913,-0.010044220834970474,-0.009793488308787346,0.051968373358249664,0.0061188661493361,0.011976977810263634,-0.03236784040927887,-0.007879525423049927,-0.035377535969018936,0.047808632254600525,0.011479846201837063,-0.026837320998311043,0.028192847967147827,-0.024977099150419235,0.014014558866620064,-0.0029216560069471598,0.009175005368888378,0.020777225494384766,-0.013639230281114578,-0.04177425429224968,0.03395438194274902,-0.006311472505331039,0.011501936241984367,0.01564657688140869,-0.018879251554608345,0.02986605279147625,-0.003946560434997082"
https://help.ptsecurity.com/ru-RU/projects/mp10/27.4/help/702318859,https://help.ptsecurity.com/ru-RU/projects/mp10/27.4/help/702318859,Работа с инцидентами · MaxPatrol 10 · Справочный портал,"Ра­бо­та с ин­ци­ден­та­ми
В этой статье
Выявление инцидентов
Приоритизация инцидентов
Анализ инцидента
Расследование инцидента
MaxPatrol 10 по­мо­га­ет вам вы­яв­лять и рас­сле­до­вать ин­ци­ден­ты ин­фор­ма­ци­он­ной без­опас­но­сти.
Ин­ци­дент ин­фор­ма­ци­он­ной без­опас­но­сти (та­к­же ин­ци­дент) — это одно или несколь­ко неже­ла­тель­ных или неожи­дан­ных со­бы­тий, ко­то­рые мо­гут по­вли­ять на ин­фор­ма­ци­он­ную без­опас­ность ор­га­ни­за­ции.
При­ме­ра­ми ин­ци­ден­тов ИБ мо­гут слу­жить:
несанк­ци­о­ни­ро­ван­ное из­ме­не­ние дан­ных;
уста­нов­ка за­пре­щен­но­го ПО;
об­на­ру­же­ние ви­ру­са;
ска­ни­ро­ва­ние сети;
спам;
утеч­ка дан­ных.
MaxPatrol 10 пред­на­зна­чен для вы­яв­ле­ния ин­ци­ден­тов и по­мо­га­ет ана­ли­зи­ро­вать и рас­сле­до­вать ин­ци­ден­ты, а та­к­же хра­нить ин­фор­ма­цию о них.
MaxPatrol 10 ска­ни­ру­ет IT-ин­фра­струк­ту­ру ор­га­ни­за­ции с по­мо­щью мо­ду­лей и со­би­ра­ет ин­фор­ма­цию, на ос­но­ве ко­то­рой фор­ми­ру­ет внут­рен­нюю мо­дель ак­ти­вов.
На ос­но­ве ана­ли­за со­бы­тий MaxPatrol 10 ав­то­ма­ти­че­ски ре­ги­стри­ру­ет ин­ци­ден­ты ин­фор­ма­ци­он­ной без­опас­но­сти. Та­к­же вы мо­же­те за­ре­ги­стри­ро­вать их вруч­ную.
MaxPatrol 10 по­мо­га­ет вам точ­но и быст­ро ре­а­ги­ро­вать на ин­ци­ден­ты, что поз­во­лит в крат­чай­шие сро­ки вос­ста­но­вить ра­бо­то­спо­соб­ность IT-ин­фра­струк­ту­ры ор­га­ни­за­ции и све­сти к ми­ни­му­му небла­го­при­ят­ное вли­я­ние ин­ци­ден­тов на IT-ин­фра­струк­ту­ру ор­га­ни­за­ции.
Про­цесс ра­бо­ты с ин­ци­ден­та­ми в MaxPatrol 10 со­сто­ит из сле­ду­ю­щих эта­пов:
Вы­яв­ле­ние ин­ци­ден­тов.
При­о­ри­ти­за­ция ин­ци­ден­тов.
Ана­лиз ин­ци­ден­та.
Рас­сле­до­ва­ние ин­ци­ден­та.
Вы­яв­ле­ние ин­ци­ден­тов
Цель эта­па: узнать о по­яв­ле­нии ин­ци­ден­та (если он со­здан ав­то­ма­ти­че­ски) или, если вы об­на­ру­жи­ли его са­мо­сто­я­тель­но, вне­сти ин­фор­ма­цию о нем в MaxPatrol 10.
Если ин­ци­дент был со­здан ав­то­ма­ти­че­ски, вы мо­же­те узнать об этом из уве­дом­ле­ния, при­шед­ше­го на вашу элек­трон­ную по­чту. Ста­тус со­здан­но­го ин­ци­ден­та в си­сте­ме —
Но­вый
.
Ин­ци­ден­ты со ста­ту­сом
Но­вый
пе­ре­хо­дят на сле­ду­ю­щий этап жиз­нен­но­го цик­ла в си­сте­ме — этап при­о­ри­ти­за­ции ин­ци­ден­тов.
При­о­ри­ти­за­ция ин­ци­ден­тов
Цель эта­па: вы­брать ин­ци­ден­ты, ко­то­рые вам нуж­но взять в ра­бо­ту в первую оче­редь.
Ваши дей­ствия:
От­сор­ти­ро­вать и от­филь­тро­вать ин­ци­ден­ты с по­мо­щью встро­ен­ных в MaxPatrol 10 ин­стру­мен­тов — сор­ти­ров­ки и филь­тра­ции:
Сор­ти­ров­ка ин­ци­ден­тов. Вы мо­же­те сор­ти­ро­вать ин­ци­ден­ты по па­ра­мет­рам: по вре­ме­ни со­зда­ния, по сте­пе­ни опас­но­сти, по ста­ту­су.
Филь­тра­ция ин­ци­ден­тов. Вы мо­же­те ис­поль­зо­вать стан­дарт­ные, вре­мен­ные или свои на­стро­ен­ные (поль­зо­ва­тель­ские) филь­тры, что­бы быст­ро най­ти нуж­ный вам ин­ци­дент или группу ин­ци­ден­тов по за­дан­ным па­ра­мет­рам.
Вы­пол­нить ди­а­гно­сти­ку ин­ци­ден­та. В ходе ди­а­гно­сти­ки вы долж­ны при­нять ре­ше­ние о том, ну­жен ли даль­ней­ший ана­лиз и рас­сле­до­ва­ние ин­ци­ден­та:
Если ин­ци­дент яв­ля­ет­ся лож­ным сра­ба­ты­ва­ни­ем, вы долж­ны из­ме­нить его ста­тус с
Но­вый
на
За­крыт
. Ин­ци­дент бу­дет хра­нить­ся в си­сте­ме со ста­ту­сом
За­крыт (лож­ное сра­ба­ты­ва­ние)
, из­ме­не­ние это­го ста­ту­са невоз­мож­но.
Если ин­ци­дент яв­ля­ет­ся ис­тин­ным (не лож­ным сра­ба­ты­ва­ни­ем), вы долж­ны из­ме­нить его ста­тус с
Но­вый
на
Утвер­жден
. Утвер­жден­ный ин­ци­дент пе­ре­хо­дит на сле­ду­ю­щий этап жиз­нен­но­го цик­ла ин­ци­ден­та в си­сте­ме — этап ана­ли­за.
Ана­лиз ин­ци­ден­та
Цель эта­па: рас­ши­рить кон­текст ин­ци­ден­та и при­нять ре­ше­ние, нуж­но ли даль­ней­шее рас­сле­до­ва­ние.
Ваши дей­ствия:
Про­ана­ли­зи­ро­вать свя­зи ин­ци­ден­та; со­бы­тия и ак­ти­вы, при­вя­зан­ные к ин­ци­ден­ту; дан­ные из кар­точ­ки.
При­нять ре­ше­ние, нуж­но ли даль­ней­шее рас­сле­до­ва­ние или ин­ци­дент был раз­ре­шен без ва­ше­го уча­стия:
Если ин­ци­дент был раз­ре­шен без ва­ше­го уча­стия (на­при­мер, был со­здан ин­ци­дент
Об­на­ру­же­ние ви­ру­са
, но к эта­пу ана­ли­за ан­ти­ви­рус уже успел уда­лить вре­до­нос­ное ПО), вы долж­ны из­ме­нить ста­тус ин­ци­ден­та с
Утвер­жден
на
За­крыт
.
Если нуж­но даль­ней­шее рас­сле­до­ва­ние, вы долж­ны из­ме­нить ста­тус ин­ци­ден­та с
Утвер­жден
на
В ра­бо­те
. Ин­ци­дент со ста­ту­сом
В ра­бо­те
пе­ре­хо­дит на сле­ду­ю­щий этап жиз­нен­но­го цик­ла в си­сте­ме — этап рас­сле­до­ва­ния.
На эта­пе рас­сле­до­ва­ния из­ме­не­ние на­зва­ния и опи­са­ния ста­ту­са ин­ци­ден­та ста­но­вит­ся недо­ступ­ным.
Рас­сле­до­ва­ние ин­ци­ден­та
Цель эта­па: опре­де­лить ис­точ­ник угроз, вы­явить об­сто­я­тель­ства, ко­то­рые при­ве­ли к воз­ник­но­ве­нию ин­ци­ден­та, со­брать до­ка­за­тель­ства ин­ци­ден­та, дать ре­ко­мен­да­ции по устра­не­нию ин­ци­ден­та и за­крыть ин­ци­дент.
Ваши дей­ствия:
Ка­те­го­ри­зи­ро­вать ин­ци­дент. Вы долж­ны оце­нить си­ту­а­цию и пред­ва­ри­тель­но при­сво­ить ин­ци­ден­ту ка­те­го­рию на ос­но­ве ин­фор­ма­ции, до­ступ­ной вам на мо­мент вы­яв­ле­ния ин­ци­ден­та: на­при­мер,
Уста­нов­ка за­пре­щен­но­го ПО
или
Утеч­ка дан­ных
.
Ло­ка­ли­зо­вать ин­ци­дент. Вы долж­ны про­смот­реть то­по­ло­гию ин­ци­ден­та и до­сти­жи­мо­сти, что­бы опре­де­лить, ка­кие ак­ти­вы во­вле­че­ны в ин­ци­дент.
По­ста­вить за­да­чи по ин­ци­ден­ту. Вы мо­же­те по­ста­вить за­да­чу на дру­го­го со­труд­ни­ка, что­бы при­влечь его к рас­сле­до­ва­нию ин­ци­ден­та, сбо­ру до­ка­за­тельств по ин­ци­ден­ту или вос­ста­нов­ле­нию ра­бо­то­спо­соб­но­сти си­сте­мы. В рам­ках рас­сле­до­ва­ния каж­до­го ин­ци­ден­та вы мо­же­те со­зда­вать несколь­ко за­дач.
Раз­ра­бо­тать план и при­нять меры по ин­ци­ден­ту. По­сле того, как вы ис­сле­до­ва­ли все об­сто­я­тель­ства ин­ци­ден­та, вам нуж­но раз­ра­бо­тать пла­ны и дать ре­ко­мен­да­ции во­вле­чен­ным в ин­ци­дент со­труд­ни­кам, что­бы предот­вра­тить по­втор­ное воз­ник­но­ве­ние вы­яв­лен­но­го ин­ци­ден­та. За­тем вы долж­ны из­ме­нить ста­тус ин­ци­ден­та с
В ра­бо­те
на
Раз­ре­шен
.
Про­кон­тро­ли­ро­вать ис­пол­не­ние ре­ко­мен­да­ций (оп­ци­о­наль­но):
Если ваши ре­ко­мен­да­ции вы­пол­не­ны, а ин­ци­дент и по­след­ствия устра­не­ны, вы долж­ны из­ме­нить ста­тус ин­ци­ден­та с
Раз­ре­шен
на
За­крыт
. При­ня­тые меры по ин­ци­ден­ту вам нуж­но за­фик­си­ро­вать в кар­точ­ке ин­ци­ден­та.
Если ваши ре­ко­мен­да­ции не вы­пол­не­ны либо при­ня­тых мер ока­за­лось недо­ста­точ­но и ин­ци­дент воз­ни­ка­ет по­втор­но, вы долж­ны из­ме­нить ста­тус ин­ци­ден­та с
Раз­ре­шен
на
В ра­бо­те
.
Но­вый
Утвер­жден
За­крыт
В ра­бо­те
Раз­ре­шен
Ста­ту­сы ин­ци­ден­та
В лю­бой мо­мент ра­бо­ты с ин­ци­ден­та­ми вы мо­же­те экс­пор­ти­ро­вать их в уни­фи­ци­ро­ван­ном фор­ма­те об­ме­на для по­сле­ду­ю­ще­го им­пор­та в дру­гие си­сте­мы.
Та­к­же вы мо­же­те про­смат­ри­вать клю­че­вые по­ка­за­те­ли ра­бо­ты по ин­ци­ден­там, на­при­мер от­сле­жи­вать ди­на­ми­ку по­яв­ле­ния ин­ци­ден­тов, как быст­ро они об­ра­ба­ты­ва­ют­ся, сколь­ко вре­ме­ни в сред­нем тра­тит­ся на устра­не­ние ин­ци­ден­та.
На стра­ни­це Ин­ци­ден­ты вы мо­же­те про­смат­ри­вать таб­ли­цу ин­ци­ден­тов и вы­пол­нять ти­по­вые дей­ствия с ин­ци­ден­та­ми.
Ошибки при просмотре событий
Выявление инцидентов",2,следующий этап жизненного цикла системе этап приоритизации инцидентов приоритизация инцидентов цель этапа выбрать инциденты которые нужно взять работу первую очередь ваши действия отсортировать отфильтровать инциденты помощью встроенных maxpatrol10 инструментов сортировки фильтрации сортировка инцидентов можете сортировать инциденты параметрам времени создания степени опасности статусу фильтрация инцидентов можете использовать стандартные временные свои настроенные пользовательские фильтры быстро найти нужный инцидент группу инцидентов заданным параметрам выполнить диагностику инцидента ходе диагностики должны принять решение нужен дальнейший анализ расследование инцидента инцидент является ложным срабатыванием должны изменить статус новый закрыт инцидент храниться системе статусом закрыт ложное срабатывание изменение статуса невозможно инцидент является истинным ложным срабатыванием должны изменить статус новый утвержден утвержденный инцидент переходит следующий этап жизненного цикла,"0.016276976093649864,-0.048962194472551346,-0.012609957717359066,0.027426790446043015,-0.019562119618058205,-0.004703763872385025,0.005421546287834644,0.025483155623078346,0.03363220393657684,0.03839760273694992,-0.020341910421848297,-0.03538796305656433,-0.034054916352033615,0.02705809846520424,0.07128193229436874,0.06660497188568115,0.04130101948976517,0.0019703241996467113,-0.0014954897342249751,-0.03305910527706146,-0.024359073489904404,0.004257259424775839,-0.02906184457242489,0.039924152195453644,-0.04889669269323349,0.016783811151981354,0.006381744518876076,-0.030643945559859276,-0.02081599086523056,0.048549067229032516,-0.0055583869107067585,0.01837918907403946,-0.009672814048826694,-0.02201402373611927,-0.04308494180440903,-0.018919704481959343,-0.03364350274205208,-0.016486695036292076,-0.03127371892333031,0.048288144171237946,0.0014191529480740428,0.03302000090479851,0.006274786777794361,-0.01851343736052513,0.0028068791143596172,-0.03267333284020424,0.010251324623823166,-0.024336103349924088,-0.02540435828268528,-0.04131334275007248,-0.021123763173818588,0.01002288144081831,0.02383122406899929,-0.062903493642807,0.04448213428258896,0.036844413727521896,-0.0065124076791107655,-0.009051638655364513,0.015935204923152924,0.0601641908288002,-0.03616560250520706,-0.01437892485409975,0.03120500221848488,-0.02157026343047619,0.0373862162232399,0.01320135872811079,-0.005895013455301523,-0.005024425219744444,0.003130680648609996,0.005588201805949211,0.012255207635462284,0.017766987904906273,-0.0211483184248209,-0.005476377904415131,-0.025139817968010902,0.004922839812934399,0.062118422240018845,-0.03338425233960152,0.02793087810277939,0.027864357456564903,-0.039919089525938034,-0.007239481899887323,-0.0023437130730599165,0.010256309062242508,0.028379084542393684,-0.012949890457093716,0.0011927960440516472,0.058990150690078735,0.04160868749022484,0.010122393257915974,0.00058046291815117,0.011992447078227997,0.014294722117483616,0.0027334257028996944,-0.013859525322914124,-0.03913645073771477,0.013239240273833275,0.0014460841193795204,0.029930073767900467,0.0017715342110022902,0.03345820680260658,0.022435395047068596,0.010267284698784351,-0.01652604155242443,0.013630084693431854,-0.011388561688363552,0.04485449939966202,0.0362442284822464,0.007524843327701092,-0.0038889171555638313,0.010981115512549877,0.026871155947446823,-0.0007762376335449517,-0.02541535347700119,0.0026335439179092646,-0.025514697656035423,0.01743127591907978,-0.0014114605728536844,-0.015398500487208366,-0.0516338050365448,-0.0005556970136240125,0.028705783188343048,0.09449352324008942,0.0011534151853993535,-0.01435177307575941,-0.03869039937853813,-0.03651933744549751,0.029136836528778076,0.02278187870979309,0.005646096542477608,0.03132251650094986,0.01624532975256443,0.014927761629223824,0.014793798327445984,-0.030640510842204094,-0.010195383802056313,-0.02263704128563404,0.013148863799870014,-0.01715531386435032,-0.034967660903930664,0.06528592109680176,0.03294675052165985,-0.013357321731746197,-0.0010944377863779664,0.01775684580206871,-0.045071519911289215,0.026992525905370712,-0.0021860485430806875,0.013160917907953262,-0.01134439092129469,-0.010637281462550163,0.013953300192952156,-0.016395730897784233,0.031110774725675583,0.034452494233846664,0.010877340100705624,-0.023804664611816406,-0.02011769264936447,0.020596658810973167,0.03271465376019478,0.014857719652354717,0.003564156824722886,-0.041725043207407,0.028066257014870644,0.014185567386448383,0.02578844130039215,0.009713295847177505,-0.019508248195052147,-0.028458939865231514,-0.047448430210351944,0.006173103116452694,-0.04861285164952278,-0.008284341543912888,-0.02028859779238701,-0.01458689384162426,0.005113963503390551,0.07135607302188873,0.013685549609363079,0.01825936697423458,-0.02161424420773983,0.011994929984211922,0.02529170550405979,0.025847258046269417,-0.023287832736968994,-0.025952136144042015,0.004708250518888235,-0.016436459496617317,-0.02439979463815689,0.03347758948802948,0.053418681025505066,-0.01792130433022976,-0.0326775386929512,0.06898587942123413,0.006584694609045982,0.011725598014891148,-0.05552066117525101,0.00832235999405384,0.008878881111741066,0.02257949486374855,0.017889637500047684,-0.03779959678649902,0.034783486276865005,0.019344832748174667,-0.005040839314460754,-0.05301545560359955,0.004011948127299547,-0.014109225012362003,-0.035132888704538345,0.01603151671588421,-0.06221087649464607,-0.0035276536364108324,0.01770792156457901,0.01820433884859085,-0.012782908976078033,-0.03131255879998207,0.01952330209314823,0.02508898638188839,0.030905311927199364,-0.014084262773394585,-0.02087784931063652,0.001974718412384391,0.008654813282191753,0.007171857636421919,-0.03255033865571022,-0.00048420552047900856,0.03968663886189461,0.0022019152529537678,0.033420380204916,0.004681637976318598,0.027780337259173393,0.003186117857694626,0.03847910463809967,0.025082489475607872,-0.025876209139823914,-0.0014102926943451166,-0.04252170771360397,-0.027802808210253716,-0.023995716124773026,0.01283290795981884,0.006048062350600958,0.019295986741781235,-0.0692233070731163,0.030651308596134186,-0.008485651575028896,-0.010858319699764252,-0.010302705690264702,-0.008992926217615604,-0.023819690570235252,0.01856229081749916,0.004913527984172106,0.0017124059377238154,0.01634601689875126,-0.009439010173082352,0.003995667677372694,-0.006973844487220049,-0.027287662029266357,-0.02031400054693222,0.006472781300544739,0.0009725014679133892,-0.020519010722637177,-0.0012035793624818325,0.07038281112909317,-0.021192345768213272,-0.02309814654290676,0.02201756276190281,-0.016562743112444878,0.040863826870918274,-0.005539210047572851,-0.021236862987279892,0.014784558676183224,-0.022292010486125946,-0.039611924439668655,0.022076910361647606,-0.017521576955914497,-0.03424767404794693,0.00035724896588362753,-0.039864715188741684,-0.048742253333330154,0.09726051986217499,0.04533009231090546,-0.02186526358127594,-0.01468130387365818,0.005158589221537113,0.023061014711856842,-0.006372705101966858,0.0177878700196743,-0.06425724923610687,-0.022515753284096718,-0.014106366783380508,0.001115904189646244,-0.003948668483644724,0.015845060348510742,0.06977482885122299,-0.012064053677022457,0.03136761486530304,-0.0009322332334704697,-0.014267397113144398,-0.15952903032302856,-0.020303549244999886,-0.004870278295129538,0.025109656155109406,-0.007867510430514812,0.011753430590033531,-0.018024906516075134,0.005986077710986137,-0.022674839943647385,0.058156609535217285,-0.027434859424829483,-0.048733167350292206,-0.0038310454692691565,0.041275765746831894,-0.008861000649631023,-0.001353994244709611,-0.018168145790696144,0.03450585529208183,-0.02940673567354679,-0.03327323868870735,-0.05590004846453667,-0.04070444032549858,0.0010987241985276341,-0.03953247889876366,-0.05218205228447914,-0.035744428634643555,0.051655299961566925,-0.015195860527455807,-0.04878554493188858,0.011733751744031906,-0.019630029797554016,0.0021160307805985212,0.004811324644833803,0.046642791479825974,-0.018166834488511086,0.024258309975266457,0.03239797055721283,0.01012380700558424,0.012938407249748707,-0.0021868059411644936,0.04309370368719101,0.03949188441038132,-0.0015441450523212552,0.0010131001472473145,-0.005830489099025726,-0.033816833049058914,0.03450515866279602,-0.026184681802988052,-0.017941787838935852,-0.005822998471558094,-0.04086285084486008,-0.01648693159222603,0.009162168949842453,-0.02869143709540367,-0.02960592322051525,-0.0001900681236293167,0.030520472675561905,0.02888938970863819,-0.024808058515191078,-0.004220182076096535,0.035885464400053024,-0.010799855925142765,-0.010497070848941803,0.0057716830633580685,-0.022429009899497032,-0.003733459860086441,0.014782103709876537,-0.020703110843896866,0.0008869394659996033,-0.024878686293959618,-0.008251871913671494,-0.08746594190597534,-0.0137671222910285,0.028247058391571045,-0.0335860401391983,0.019460555166006088,-0.04918234422802925,0.02287522703409195,-0.02765435352921486,-0.09247073531150818,-0.009769920259714127,0.006088264286518097,0.017538990825414658,-0.012566041201353073,-0.011285741813480854,-0.03389311954379082,0.009094187058508396,-0.008889798074960709,0.034439947456121445,0.2565799355506897,-0.01345656719058752,-0.00013770574878435582,0.0013648057356476784,0.011376478709280491,-0.013795437291264534,0.021440591663122177,0.06727252900600433,0.043887440115213394,-0.02479471080005169,0.0009555441793054342,-0.004237708169966936,0.03445494920015335,0.013843605294823647,0.002693713176995516,-0.02909778244793415,-0.02563074417412281,-0.004620939958840609,0.0738815888762474,-0.005267343018203974,0.033714231103658676,0.02235555276274681,0.01468640472739935,-0.003852867055684328,-0.07830848544836044,-0.007991235703229904,-0.006547506432980299,0.03312581032514572,-0.037857457995414734,0.011859728023409843,-0.03862812742590904,0.038949452340602875,0.07610954344272614,0.011521384119987488,-0.04560280963778496,0.02087910659611225,0.015196816064417362,0.0016957878833636642,-0.00258346158079803,0.018312029540538788,-0.01766057498753071,0.003428592113777995,-0.03178700432181358,-0.03918557986617088,0.048285022377967834,-0.006027091760188341,0.01387436781078577,0.01860802061855793,-0.009915926493704319,0.004649906884878874,-0.0043192580342292786,0.015849102288484573,-0.002515919506549835,-0.010299247689545155,0.010196724906563759,-0.01728987507522106,-0.01822761632502079,0.007725956384092569,0.0386602059006691,0.01615213416516781,0.0383903793990612,0.0037863843608647585,-0.05042032524943352,-0.020220091566443443,-0.04095326364040375,-0.038427527993917465,-0.027926508337259293,0.0013582155806943774,0.03578757867217064,-0.010164338164031506,-0.014050345867872238,0.024522537365555763,0.015197526663541794,0.014745335094630718,-0.018022360280156136,-0.026473037898540497,0.05468330532312393,0.024181386455893517,-0.05306730791926384,-0.021810349076986313,-0.041396014392375946,-0.011220961809158325,-0.03947453945875168,0.05345778167247772,0.019349917769432068,0.016386814415454865,0.0013419536408036947,0.08812682330608368,-0.006508826743811369,0.009625823237001896,-0.030927591025829315,-0.021447552368044853,-0.005224700551480055,0.007934843190014362,-0.037002865225076675,0.028843369334936142,0.006300118751823902,-0.04781211540102959,-0.027365615591406822,0.024103300645947456,-0.024983983486890793,-0.01568209007382393,-0.005394765175879002,-0.0013852695701643825,0.012858974747359753,-0.055024340748786926,0.03771060332655907,0.007692433428019285,0.019182462245225906,0.03464675694704056,-0.0782969519495964,-0.016783181577920914,0.016975685954093933,-0.0461750254034996,0.0029849791899323463,0.04186762124300003,0.08164291828870773,0.026839716359972954,-0.013094834983348846,0.06162383034825325,-0.017111761495471,0.04289499297738075,0.03215006738901138,0.06651914864778519,-0.009571547619998455,-0.07884025573730469,-0.016714034602046013,0.010544199496507645,-0.03867918252944946,0.05288764834403992,0.010283187963068485,-0.012141869403421879,0.02840026281774044,0.0026336524169892073,0.014021859504282475,0.021969890221953392,0.01970798894762993,0.006290625315159559,0.05102133750915527,0.04618038237094879,-0.004752190783619881,-0.023299913853406906,-0.03663233295083046,0.004275836516171694,-0.019909298047423363,0.01688048243522644,-0.031320083886384964,-0.010736933909356594,-0.05631563067436218,0.009166915901005268,-0.01822059415280819,-0.01313623134046793,0.007258135825395584,-0.014409190975129604,-0.0225191880017519,-0.02201932482421398,-0.008507340215146542,-0.013229935429990292,-0.029761305078864098,0.004626188427209854,0.013841036707162857,0.0054043615236878395,0.013437355868518353,0.06648406386375427,-0.01029051374644041,-0.0025738312397152185,0.018164483830332756,0.014610596001148224,-0.027515316382050514,0.01694047637283802,0.01239777822047472,-0.02556494064629078,-0.034748535603284836,0.040657807141542435,0.031206492334604263,-0.03383626416325569,-0.005846221931278706,0.01694781519472599,0.007854762487113476,-0.01603715680539608,-0.029837103560566902,-0.0033287217374891043,0.004209205508232117,0.008246609941124916,0.038999974727630615,0.0017199674621224403,0.0331149660050869,-0.013684391975402832,0.001813520910218358,-0.0019002927001565695,-0.03554251790046692,0.12699230015277863,-0.006539434194564819,-0.006358540151268244,0.05684206262230873,0.016060618683695793,0.09774526953697205,0.03833014518022537,0.01422430481761694,0.008426533080637455,0.006440106313675642,0.03589281439781189,-0.00018575739522930235,0.022321650758385658,0.014028118923306465,0.02503981627523899,-0.02692268043756485,-0.013622917234897614,-0.0022453684359788895,0.03540855646133423,0.020400045439600945,-0.03217871114611626,-0.036870189011096954,0.03136413171887398,0.0026186665054410696,0.01332132425159216,0.050677549093961716,0.03898497298359871,0.005166509188711643,-0.04507838934659958,0.0515502505004406,0.003396181622520089,0.02104300446808338,-0.06809656322002411,-0.09011779725551605,0.02273574285209179,0.019448308274149895,-0.014307744801044464,-0.03229052200913429,-0.010829746723175049,-0.009743270464241505,-0.020490054041147232,0.0011173869716003537,-0.03194292262196541,-0.011006140150129795,-0.03005090355873108,0.03071771003305912,0.0302203930914402,0.04646261781454086,0.010056217201054096,-0.0464496985077858,0.006979937665164471,0.020324990153312683,0.05083497613668442,0.017382115125656128,0.0201788991689682,0.021462546661496162,-0.02857671119272709,-0.008665263652801514,0.04326280951499939,-0.017712287604808807,-0.020301686599850655,0.043780215084552765,-0.030439592897892,0.029284898191690445,0.0030364522244781256,-0.007090158760547638,-0.033016595989465714,-0.033025726675987244,-0.036456622183322906,-0.013037994503974915,0.019273867830634117,-0.007411052472889423,-0.0203021802008152,-0.0204468984156847,-0.047802120447158813,-0.024281475692987442,-0.0016574464971199632,-0.046723805367946625,-0.027832522988319397,-0.019587619230151176,-0.022166982293128967,0.032448917627334595,-0.008330251090228558,-0.027597183361649513,-0.015448777936398983,-0.017853492870926857,0.001139350002631545,-0.009203609079122543,-0.013221758417785168,-0.011151561513543129,0.012654355727136135,0.03808426484465599,0.013171575032174587,-0.015956059098243713,-0.02738114818930626,0.010926226153969765,-0.0008776062168180943,0.014759594574570656,-0.01905086450278759,0.007879404351115227,0.02821943163871765,-0.04545954614877701,0.06168701499700546,-0.008736533112823963,0.016294851899147034,-0.02316138707101345,0.053162019699811935,-0.001043987344019115,0.027232807129621506,-0.013935490511357784,-0.005475594662129879,0.019942741841077805,-0.014512158930301666,-0.03377126157283783,-0.0069711836986243725,-0.000831107550766319,-0.047756895422935486,0.02689862810075283,0.053952235728502274,-0.02787393517792225,-0.10619053244590759,0.0010386848589405417,0.0158348698168993,0.0007637482485733926,0.008451120927929878,0.055917978286743164,-0.0472615510225296,0.009391186758875847,-0.017658129334449768,0.023411959409713745,0.015291345305740833,-0.02733585238456726,0.017814742401242256,-0.016031663864850998,0.027693048119544983,-0.036170843988657,0.004790654871612787,-0.029843144118785858,-0.011967317201197147,-0.04626893997192383,-0.018836570903658867,0.01946166343986988,-0.015529099851846695,-0.0009137593442574143,-0.01387530192732811,-0.012936060316860676,-0.022142456844449043,0.02601834200322628,-0.00654911994934082,0.007409826386719942,-0.057229410856962204,0.06445880234241486,-0.03275378420948982,0.014987083151936531,-0.02308150939643383,0.001566595397889614,-0.004804541356861591,-0.03378241881728172,0.028538193553686142,0.001566338469274342,0.0016097426414489746,-0.022134117782115936,-0.07045808434486389,0.027000170201063156,0.010714638978242874,0.00742927473038435,0.041900135576725006,0.053874414414167404,0.005254602525383234,-0.049183182418346405,0.03307579457759857,-0.012335327453911304,0.0008516061352565885,-0.01144492533057928,-0.0025340537540614605,0.01891363598406315,0.01414350513368845,0.035033393651247025,-0.01625196449458599,0.014293277636170387,0.011430653743445873,-0.01090693287551403,0.0005940805422142148,-0.005752970930188894,0.03351643681526184,0.010813814587891102,-0.03138342127203941,0.03720090165734291,0.0076583148911595345,-0.05157474800944328,0.027422074228525162,-0.038931623101234436,-0.03618982061743736,-0.019213952124118805,-0.06328025460243225,-0.03840220719575882,0.021035175770521164,0.029794981703162193,0.03056667372584343,0.007698168512433767,-0.028989315032958984,-0.047398585826158524,-0.01927410252392292,-0.1295931488275528,-0.008699311874806881,0.0166483074426651,-0.00876309908926487,-0.027389734983444214,-0.000957949145231396,-0.002339232712984085,-0.06740202009677887,-0.035495124757289886,-0.02563827484846115,-0.00817147921770811,-0.007834424264729023,0.017845017835497856,-0.04391128569841385,0.011859319172799587,0.032636284828186035,-0.034767378121614456,-0.026121539995074272,-0.02101968415081501,0.03717571124434471,-0.011920875869691372,0.02815265767276287,-0.0017538763349875808,-0.0030228302348405123,-0.043662309646606445,-0.027947520837187767,-0.023136816918849945,-0.013119512237608433,-0.02131054364144802,-0.06303531676530838,-0.016147345304489136,-0.05119534581899643,0.006788433995097876,0.005842981860041618,-0.024543916806578636,-0.007577431853860617,-0.008818757720291615,-0.020747393369674683,-0.015095996670424938,0.0126693956553936,-0.010190563276410103,0.009112149477005005,-0.023386767134070396,0.009398061782121658,0.0008920630207285285,0.0785827711224556,-0.0036540133878588676,-0.00266027613542974,-0.03937980532646179,-0.018676765263080597,0.019556302577257156,0.042274657636880875,-0.01772608794271946,0.015263277105987072,-0.03218281641602516,0.01139831356704235,-0.044927939772605896,-0.028723588213324547,-0.02110344171524048,0.045279599726200104,-0.018833480775356293,0.036522768437862396,-0.0281715989112854,-0.022488679736852646,0.0026346766389906406,0.029928598552942276,-0.032688967883586884,-0.0019018397433683276,0.014733899384737015,-0.015404163859784603,-0.008207843638956547,-0.018162863329052925,-0.05646110326051712,0.008112873882055283,-0.034959953278303146,-0.017167184501886368,-0.04808928817510605,-0.0379728302359581,0.009647729806602001,-0.018765686079859734,-0.041038598865270615,-0.029503218829631805,-0.03802492097020149,0.027355559170246124,0.08990734815597534,-0.0012395295780152082,-0.003712121397256851,-0.0040030889213085175,-0.03727652132511139,-0.06221648305654526,-0.030993126332759857,-0.04905913397669792,-0.007423412520438433,0.005027603358030319,0.021647915244102478,0.020159399136900902,-0.012719688937067986,-0.008865327574312687,0.013742061331868172,-0.011310501955449581,-0.017243454232811928,0.000866635877173394,0.04363011568784714,-0.013589820824563503,-0.0049698916263878345,0.007353596854954958,0.04872395098209381,0.03611195832490921,-0.01464820932596922,-0.011864236555993557,0.035045646131038666,-0.0077933962456882,-0.023492898792028427,0.0019044032087549567,-0.057910725474357605,-0.025707779452204704,-0.017787184566259384,0.05045844987034798,-0.012150011956691742,0.011044399812817574,0.0024408947210758924,-0.011524506844580173,0.020279038697481155,-0.02276332676410675,-0.0033501896541565657,-0.034866929054260254,0.038193315267562866,0.06029690429568291,0.01668446883559227,0.018460886552929878,-0.0032365485094487667,-0.04449541121721268,-0.046470098197460175,0.018801650032401085,0.04974624887108803,-0.002850542077794671,-0.04618266597390175,0.0452006533741951,0.005875251721590757,-0.025704575702548027,-0.025539835914969444,-0.010054743848741055,0.0030094473622739315,-0.04455588757991791,0.01815701276063919,-0.00778023200109601,-0.005038499366492033,-0.0015877337427809834,0.008974293246865273,-0.024328405037522316,-0.023717548698186874,0.01249766070395708,-0.0042436206713318825,0.03885393589735031,-0.06576840579509735,0.007306436076760292,-0.028557386249303818,0.05350677669048309,-0.016278035938739777,0.08840560168027878,0.007445838302373886,0.00018297669885214418,-0.02105250395834446,-0.01942606456577778,0.0037570332642644644,-0.0018451518844813108,-0.04708634316921234,-0.017346082255244255,-0.04447399079799652,0.012805715203285217,-0.017057685181498528,0.028095345944166183,-0.054299246519804,0.015925751999020576,0.0414404459297657,-0.009290006011724472,0.007431329227983952,-0.01393053401261568,-0.0027067309711128473,0.040829598903656006,0.02997303381562233,-0.009023971855640411,0.04457312822341919,0.02351711317896843,0.0032344006467610598,-0.029175985604524612,0.0422542579472065,0.038106027990579605,-0.013928506523370743,-0.006446958053857088,-0.024177396669983864,-0.033397212624549866,0.054929208010435104,-0.07629560679197311,0.0265003964304924,-0.028463292866945267,0.028184333816170692,0.012501055374741554,0.02302877977490425,0.07220196723937988,-0.02143395133316517,-0.008461200632154942,0.020359016954898834,3.202246443834156e-05,0.0006619484047405422,0.0051449136808514595,0.002237087581306696,0.0071763526648283005,0.030494684353470802,0.014478257857263088,0.01508259866386652,-0.008018693886697292,0.031207097694277763,0.0009781158296391368,0.007508617825806141,-0.015929000452160835,-0.008049734868109226,0.06701046228408813,-0.011414149776101112,0.010675827041268349,0.043259989470243454,0.010383998975157738,0.018239503726363182,-0.04206026345491409,-0.024980871006846428,-0.03464311733841896,0.020704049617052078,-0.006098804995417595,-0.01775778830051422,-0.0048859333619475365,-0.02812260389328003,-0.007966130040585995,-0.003288648324087262,0.0028916457667946815,-0.021814478561282158,-0.011994280852377415,-0.029420476406812668,0.0403161458671093,0.013809026218950748,0.018812090158462524,0.012465705163776875,-0.005725428927689791,0.05799761414527893,-0.007201404310762882"
https://help.ptsecurity.com/ru-RU/projects/mp10/27.4/help/702318859,https://help.ptsecurity.com/ru-RU/projects/mp10/27.4/help/702318859,Работа с инцидентами · MaxPatrol 10 · Справочный портал,"Ра­бо­та с ин­ци­ден­та­ми
В этой статье
Выявление инцидентов
Приоритизация инцидентов
Анализ инцидента
Расследование инцидента
MaxPatrol 10 по­мо­га­ет вам вы­яв­лять и рас­сле­до­вать ин­ци­ден­ты ин­фор­ма­ци­он­ной без­опас­но­сти.
Ин­ци­дент ин­фор­ма­ци­он­ной без­опас­но­сти (та­к­же ин­ци­дент) — это одно или несколь­ко неже­ла­тель­ных или неожи­дан­ных со­бы­тий, ко­то­рые мо­гут по­вли­ять на ин­фор­ма­ци­он­ную без­опас­ность ор­га­ни­за­ции.
При­ме­ра­ми ин­ци­ден­тов ИБ мо­гут слу­жить:
несанк­ци­о­ни­ро­ван­ное из­ме­не­ние дан­ных;
уста­нов­ка за­пре­щен­но­го ПО;
об­на­ру­же­ние ви­ру­са;
ска­ни­ро­ва­ние сети;
спам;
утеч­ка дан­ных.
MaxPatrol 10 пред­на­зна­чен для вы­яв­ле­ния ин­ци­ден­тов и по­мо­га­ет ана­ли­зи­ро­вать и рас­сле­до­вать ин­ци­ден­ты, а та­к­же хра­нить ин­фор­ма­цию о них.
MaxPatrol 10 ска­ни­ру­ет IT-ин­фра­струк­ту­ру ор­га­ни­за­ции с по­мо­щью мо­ду­лей и со­би­ра­ет ин­фор­ма­цию, на ос­но­ве ко­то­рой фор­ми­ру­ет внут­рен­нюю мо­дель ак­ти­вов.
На ос­но­ве ана­ли­за со­бы­тий MaxPatrol 10 ав­то­ма­ти­че­ски ре­ги­стри­ру­ет ин­ци­ден­ты ин­фор­ма­ци­он­ной без­опас­но­сти. Та­к­же вы мо­же­те за­ре­ги­стри­ро­вать их вруч­ную.
MaxPatrol 10 по­мо­га­ет вам точ­но и быст­ро ре­а­ги­ро­вать на ин­ци­ден­ты, что поз­во­лит в крат­чай­шие сро­ки вос­ста­но­вить ра­бо­то­спо­соб­ность IT-ин­фра­струк­ту­ры ор­га­ни­за­ции и све­сти к ми­ни­му­му небла­го­при­ят­ное вли­я­ние ин­ци­ден­тов на IT-ин­фра­струк­ту­ру ор­га­ни­за­ции.
Про­цесс ра­бо­ты с ин­ци­ден­та­ми в MaxPatrol 10 со­сто­ит из сле­ду­ю­щих эта­пов:
Вы­яв­ле­ние ин­ци­ден­тов.
При­о­ри­ти­за­ция ин­ци­ден­тов.
Ана­лиз ин­ци­ден­та.
Рас­сле­до­ва­ние ин­ци­ден­та.
Вы­яв­ле­ние ин­ци­ден­тов
Цель эта­па: узнать о по­яв­ле­нии ин­ци­ден­та (если он со­здан ав­то­ма­ти­че­ски) или, если вы об­на­ру­жи­ли его са­мо­сто­я­тель­но, вне­сти ин­фор­ма­цию о нем в MaxPatrol 10.
Если ин­ци­дент был со­здан ав­то­ма­ти­че­ски, вы мо­же­те узнать об этом из уве­дом­ле­ния, при­шед­ше­го на вашу элек­трон­ную по­чту. Ста­тус со­здан­но­го ин­ци­ден­та в си­сте­ме —
Но­вый
.
Ин­ци­ден­ты со ста­ту­сом
Но­вый
пе­ре­хо­дят на сле­ду­ю­щий этап жиз­нен­но­го цик­ла в си­сте­ме — этап при­о­ри­ти­за­ции ин­ци­ден­тов.
При­о­ри­ти­за­ция ин­ци­ден­тов
Цель эта­па: вы­брать ин­ци­ден­ты, ко­то­рые вам нуж­но взять в ра­бо­ту в первую оче­редь.
Ваши дей­ствия:
От­сор­ти­ро­вать и от­филь­тро­вать ин­ци­ден­ты с по­мо­щью встро­ен­ных в MaxPatrol 10 ин­стру­мен­тов — сор­ти­ров­ки и филь­тра­ции:
Сор­ти­ров­ка ин­ци­ден­тов. Вы мо­же­те сор­ти­ро­вать ин­ци­ден­ты по па­ра­мет­рам: по вре­ме­ни со­зда­ния, по сте­пе­ни опас­но­сти, по ста­ту­су.
Филь­тра­ция ин­ци­ден­тов. Вы мо­же­те ис­поль­зо­вать стан­дарт­ные, вре­мен­ные или свои на­стро­ен­ные (поль­зо­ва­тель­ские) филь­тры, что­бы быст­ро най­ти нуж­ный вам ин­ци­дент или группу ин­ци­ден­тов по за­дан­ным па­ра­мет­рам.
Вы­пол­нить ди­а­гно­сти­ку ин­ци­ден­та. В ходе ди­а­гно­сти­ки вы долж­ны при­нять ре­ше­ние о том, ну­жен ли даль­ней­ший ана­лиз и рас­сле­до­ва­ние ин­ци­ден­та:
Если ин­ци­дент яв­ля­ет­ся лож­ным сра­ба­ты­ва­ни­ем, вы долж­ны из­ме­нить его ста­тус с
Но­вый
на
За­крыт
. Ин­ци­дент бу­дет хра­нить­ся в си­сте­ме со ста­ту­сом
За­крыт (лож­ное сра­ба­ты­ва­ние)
, из­ме­не­ние это­го ста­ту­са невоз­мож­но.
Если ин­ци­дент яв­ля­ет­ся ис­тин­ным (не лож­ным сра­ба­ты­ва­ни­ем), вы долж­ны из­ме­нить его ста­тус с
Но­вый
на
Утвер­жден
. Утвер­жден­ный ин­ци­дент пе­ре­хо­дит на сле­ду­ю­щий этап жиз­нен­но­го цик­ла ин­ци­ден­та в си­сте­ме — этап ана­ли­за.
Ана­лиз ин­ци­ден­та
Цель эта­па: рас­ши­рить кон­текст ин­ци­ден­та и при­нять ре­ше­ние, нуж­но ли даль­ней­шее рас­сле­до­ва­ние.
Ваши дей­ствия:
Про­ана­ли­зи­ро­вать свя­зи ин­ци­ден­та; со­бы­тия и ак­ти­вы, при­вя­зан­ные к ин­ци­ден­ту; дан­ные из кар­точ­ки.
При­нять ре­ше­ние, нуж­но ли даль­ней­шее рас­сле­до­ва­ние или ин­ци­дент был раз­ре­шен без ва­ше­го уча­стия:
Если ин­ци­дент был раз­ре­шен без ва­ше­го уча­стия (на­при­мер, был со­здан ин­ци­дент
Об­на­ру­же­ние ви­ру­са
, но к эта­пу ана­ли­за ан­ти­ви­рус уже успел уда­лить вре­до­нос­ное ПО), вы долж­ны из­ме­нить ста­тус ин­ци­ден­та с
Утвер­жден
на
За­крыт
.
Если нуж­но даль­ней­шее рас­сле­до­ва­ние, вы долж­ны из­ме­нить ста­тус ин­ци­ден­та с
Утвер­жден
на
В ра­бо­те
. Ин­ци­дент со ста­ту­сом
В ра­бо­те
пе­ре­хо­дит на сле­ду­ю­щий этап жиз­нен­но­го цик­ла в си­сте­ме — этап рас­сле­до­ва­ния.
На эта­пе рас­сле­до­ва­ния из­ме­не­ние на­зва­ния и опи­са­ния ста­ту­са ин­ци­ден­та ста­но­вит­ся недо­ступ­ным.
Рас­сле­до­ва­ние ин­ци­ден­та
Цель эта­па: опре­де­лить ис­точ­ник угроз, вы­явить об­сто­я­тель­ства, ко­то­рые при­ве­ли к воз­ник­но­ве­нию ин­ци­ден­та, со­брать до­ка­за­тель­ства ин­ци­ден­та, дать ре­ко­мен­да­ции по устра­не­нию ин­ци­ден­та и за­крыть ин­ци­дент.
Ваши дей­ствия:
Ка­те­го­ри­зи­ро­вать ин­ци­дент. Вы долж­ны оце­нить си­ту­а­цию и пред­ва­ри­тель­но при­сво­ить ин­ци­ден­ту ка­те­го­рию на ос­но­ве ин­фор­ма­ции, до­ступ­ной вам на мо­мент вы­яв­ле­ния ин­ци­ден­та: на­при­мер,
Уста­нов­ка за­пре­щен­но­го ПО
или
Утеч­ка дан­ных
.
Ло­ка­ли­зо­вать ин­ци­дент. Вы долж­ны про­смот­реть то­по­ло­гию ин­ци­ден­та и до­сти­жи­мо­сти, что­бы опре­де­лить, ка­кие ак­ти­вы во­вле­че­ны в ин­ци­дент.
По­ста­вить за­да­чи по ин­ци­ден­ту. Вы мо­же­те по­ста­вить за­да­чу на дру­го­го со­труд­ни­ка, что­бы при­влечь его к рас­сле­до­ва­нию ин­ци­ден­та, сбо­ру до­ка­за­тельств по ин­ци­ден­ту или вос­ста­нов­ле­нию ра­бо­то­спо­соб­но­сти си­сте­мы. В рам­ках рас­сле­до­ва­ния каж­до­го ин­ци­ден­та вы мо­же­те со­зда­вать несколь­ко за­дач.
Раз­ра­бо­тать план и при­нять меры по ин­ци­ден­ту. По­сле того, как вы ис­сле­до­ва­ли все об­сто­я­тель­ства ин­ци­ден­та, вам нуж­но раз­ра­бо­тать пла­ны и дать ре­ко­мен­да­ции во­вле­чен­ным в ин­ци­дент со­труд­ни­кам, что­бы предот­вра­тить по­втор­ное воз­ник­но­ве­ние вы­яв­лен­но­го ин­ци­ден­та. За­тем вы долж­ны из­ме­нить ста­тус ин­ци­ден­та с
В ра­бо­те
на
Раз­ре­шен
.
Про­кон­тро­ли­ро­вать ис­пол­не­ние ре­ко­мен­да­ций (оп­ци­о­наль­но):
Если ваши ре­ко­мен­да­ции вы­пол­не­ны, а ин­ци­дент и по­след­ствия устра­не­ны, вы долж­ны из­ме­нить ста­тус ин­ци­ден­та с
Раз­ре­шен
на
За­крыт
. При­ня­тые меры по ин­ци­ден­ту вам нуж­но за­фик­си­ро­вать в кар­точ­ке ин­ци­ден­та.
Если ваши ре­ко­мен­да­ции не вы­пол­не­ны либо при­ня­тых мер ока­за­лось недо­ста­точ­но и ин­ци­дент воз­ни­ка­ет по­втор­но, вы долж­ны из­ме­нить ста­тус ин­ци­ден­та с
Раз­ре­шен
на
В ра­бо­те
.
Но­вый
Утвер­жден
За­крыт
В ра­бо­те
Раз­ре­шен
Ста­ту­сы ин­ци­ден­та
В лю­бой мо­мент ра­бо­ты с ин­ци­ден­та­ми вы мо­же­те экс­пор­ти­ро­вать их в уни­фи­ци­ро­ван­ном фор­ма­те об­ме­на для по­сле­ду­ю­ще­го им­пор­та в дру­гие си­сте­мы.
Та­к­же вы мо­же­те про­смат­ри­вать клю­че­вые по­ка­за­те­ли ра­бо­ты по ин­ци­ден­там, на­при­мер от­сле­жи­вать ди­на­ми­ку по­яв­ле­ния ин­ци­ден­тов, как быст­ро они об­ра­ба­ты­ва­ют­ся, сколь­ко вре­ме­ни в сред­нем тра­тит­ся на устра­не­ние ин­ци­ден­та.
На стра­ни­це Ин­ци­ден­ты вы мо­же­те про­смат­ри­вать таб­ли­цу ин­ци­ден­тов и вы­пол­нять ти­по­вые дей­ствия с ин­ци­ден­та­ми.
Ошибки при просмотре событий
Выявление инцидентов",3,ложное срабатывание изменение статуса невозможно инцидент является истинным ложным срабатыванием должны изменить статус новый утвержден утвержденный инцидент переходит следующий этап жизненного цикла инцидента системе этап анализа анализ инцидента цель этапа расширить контекст инцидента принять решение нужно дальнейшее расследование ваши действия проанализировать связи инцидента события активы привязанные инциденту данные карточки принять решение нужно дальнейшее расследование инцидент разрешен вашего участия инцидент разрешен вашего участия например создан инцидент обнаружение вируса этапу анализа антивирус успел удалить вредоносное должны изменить статус инцидента утвержден закрыт нужно дальнейшее расследование должны изменить статус инцидента утвержден работе инцидент статусом работе переходит следующий этап жизненного цикла системе этап расследования этапе расследования изменение названия описания статуса инцидента становится недоступным расследование инцидента цель этапа,"0.0344504714012146,-0.0243692509829998,-0.005366128869354725,0.014306284487247467,-0.016059190034866333,-0.04473283514380455,-0.011355307884514332,0.05322873964905739,0.004645228385925293,-0.01449633575975895,-0.020228831097483635,0.0007404830539599061,-0.015789473429322243,0.020677052438259125,0.029559919610619545,0.006916374899446964,0.04379885643720627,-0.01359542366117239,-0.01601277105510235,0.0032418365590274334,-0.04173176735639572,0.0015037712873890996,-0.020487066358327866,0.03600442782044411,-0.009005573578178883,0.020456410944461823,0.00356207019649446,-0.0371115505695343,-0.012292550876736641,-0.004252730868756771,-0.014236314222216606,0.0020404208917170763,-0.026354553177952766,-0.030127931386232376,-0.04692595824599266,-0.018679123371839523,-0.03704795241355896,-0.011768236756324768,-0.02500802092254162,0.030649494379758835,0.01798205077648163,0.04529457166790962,-0.004514158703386784,-0.0404667928814888,0.016641872003674507,-0.0017140018753707409,0.050490040332078934,-0.02253369800746441,-0.017471561208367348,-0.03993314132094383,-0.036042843014001846,0.006378715392202139,0.027679119259119034,-0.04802057519555092,0.011298142373561859,0.05383818596601486,0.021822582930326462,-0.015458144247531891,-0.0032204485032707453,0.04722944647073746,-0.020144376903772354,-0.0035038497298955917,0.007609677035361528,0.0016956562176346779,0.007496330887079239,-0.013870897702872753,0.03284500911831856,0.0017408812418580055,-0.00817172322422266,-0.03575868159532547,0.0208194050937891,0.03325565159320831,-0.039018042385578156,0.00803727563470602,-0.0358760841190815,0.03017405979335308,0.029009172692894936,0.010449535213410854,0.026360156014561653,0.032015617936849594,-0.027803434059023857,0.01922398805618286,0.0010277236578986049,0.03542695939540863,0.022731171920895576,-0.02841714397072792,0.003364384174346924,0.01787259615957737,0.005615375470370054,-0.009646415710449219,-0.010518000461161137,0.007983949966728687,0.030571870505809784,0.003476355690509081,-0.01842953823506832,-0.017578335478901863,0.026060767471790314,-0.00817848276346922,0.015701236203312874,0.0006580216577276587,0.05209970101714134,0.039495062083005905,0.02060367353260517,-0.06154307723045349,0.01713687554001808,0.022280341014266014,0.04885068163275719,0.020626038312911987,0.03912273049354553,-0.020131783559918404,0.01171992439776659,0.022083653137087822,-0.01239854283630848,0.021423960104584694,-0.018422074615955353,-0.020182017236948013,0.007502058520913124,0.00944789219647646,-0.003571823937818408,-0.03484555333852768,0.001636931556276977,0.020520182326436043,0.07223229110240936,-0.008747763931751251,-0.02970561943948269,-0.014220288023352623,0.0006139337201602757,0.018773725256323814,0.03220297768712044,0.023046249523758888,0.001817104173824191,0.011579042300581932,-0.0240336786955595,0.010977444238960743,-0.06955532729625702,0.02882399782538414,0.013688021339476109,0.03873278200626373,0.008779782801866531,-0.013114959001541138,0.029724374413490295,0.020813874900341034,-0.011370079591870308,0.004276151303201914,0.014945579692721367,-0.029592197388410568,0.038293637335300446,0.019849704578518867,0.022149432450532913,0.009901867248117924,-0.008222043514251709,-0.009365048259496689,-0.03491860628128052,0.02403845638036728,0.026609933003783226,0.005828107241541147,-0.02715269662439823,0.0011723010102286935,-0.00876606348901987,0.023671571165323257,0.00018617516616359353,0.00427033007144928,-0.05454195663332939,0.026670079678297043,0.02876981534063816,0.04016409069299698,-0.036668844521045685,-0.018750570714473724,-0.030853603035211563,-0.024902936071157455,-0.02246941067278385,-0.014939977787435055,0.03516602888703346,-0.01567084901034832,-0.020579524338245392,0.01938447542488575,0.0831492617726326,0.019434170797467232,-0.013758967630565166,-0.021758364513516426,-0.01133238710463047,0.022293820977211,0.02171647548675537,-0.050809595733881,-0.014834758825600147,0.019700871780514717,-0.05006737634539604,-0.028129177168011665,-0.010984111577272415,0.024389371275901794,-0.019918592646718025,-0.02081330493092537,0.06074799597263336,0.011111266911029816,-0.022780971601605415,-0.06268756091594696,0.02398071251809597,0.04458945617079735,0.002279597334563732,0.016503240913152695,-0.0779518336057663,0.01620081253349781,0.047511860728263855,-0.009103934280574322,-0.017191430553793907,0.0343233086168766,0.0054944343864917755,-0.025620179250836372,0.06501170247793198,-0.06871829181909561,-0.025257384404540062,0.013122949749231339,-0.016702575609087944,-0.006654717493802309,-0.015954514965415,0.0022868886590003967,-0.010017131455242634,0.04282209277153015,-0.023549003526568413,-0.022689014673233032,0.008462228812277317,0.018028073012828827,-0.005977630615234375,-0.014535423368215561,0.02475401759147644,0.022219257429242134,-0.009855512529611588,0.06519162654876709,0.042144421488046646,-0.042511727660894394,0.033496931195259094,0.007650069892406464,0.011304376646876335,-0.017724156379699707,0.005736437160521746,-0.006498463451862335,-0.008532951585948467,0.006570982746779919,0.004958468489348888,-0.01927255466580391,-0.023226752877235413,-0.07891206443309784,0.024157950654625893,0.011047182604670525,-0.03240752965211868,-0.012573842890560627,0.006286907941102982,-0.01018140371888876,-0.04082557559013367,-0.025861164554953575,-0.05464312434196472,-0.033364906907081604,-0.03018135018646717,-0.02358194813132286,-0.017033034935593605,-0.022320536896586418,0.01253256481140852,0.012157912366092205,-0.002700950251892209,0.024696562439203262,-0.03469814360141754,0.02357100509107113,-0.035246677696704865,-0.017109746113419533,0.019040735438466072,-0.004202940966933966,0.01499267853796482,-0.006194103974848986,-0.03729555010795593,0.00111997383646667,-0.06957381218671799,-0.01067518349736929,-0.009701726026833057,-0.0007067090482451022,-0.027726775035262108,0.024757349863648415,0.009704516269266605,-0.06097643822431564,0.11413556337356567,0.057005561888217926,-0.0219954252243042,0.012856756336987019,0.039417777210474014,0.03498198837041855,0.0015776449581608176,-0.006737117655575275,-0.03886697441339493,-0.015223631635308266,0.024373473599553108,-0.04263238608837128,0.0012631986755877733,-0.03906692937016487,0.06128798425197601,-0.025990867987275124,-0.002132176188752055,0.0015898102428764105,0.019363362342119217,-0.1565573662519455,-0.04960609972476959,0.0009161143680103123,0.02746628224849701,-0.00021559673768933862,0.02827814593911171,-0.02572712115943432,-0.030992908403277397,-0.045565590262413025,0.06978727877140045,-0.005582714453339577,-0.04829553887248039,-0.04815702140331268,0.03595113754272461,-0.01567312330007553,0.0033471137285232544,-0.01660040393471718,0.021344920620322227,-0.01507518719881773,-0.026012448593974113,-0.04248594120144844,-0.026306897401809692,0.013120490126311779,-0.06495683640241623,-0.04030666500329971,-0.0004713766393251717,0.017476797103881836,-0.019038887694478035,-0.01332586258649826,0.01049522403627634,-0.036514412611722946,0.03769310936331749,-0.0036528119817376137,0.0277257040143013,-0.019579587504267693,0.032651059329509735,0.0006190257263369858,0.0015349246095865965,0.044577259570360184,-0.012582540512084961,0.022715462371706963,0.03554579243063927,0.0020542419515550137,-0.006482032127678394,0.0013980090152472258,0.0014984451700001955,0.04283042997121811,-0.028205420821905136,-0.004844221752136946,-0.014634186401963234,-0.02506135404109955,-0.026027634739875793,-0.01892823912203312,-0.028616903349757195,-0.0044298190623521805,-0.01403218787163496,0.04172159731388092,-0.0015663688536733389,-0.021955840289592743,-0.02292446978390217,0.04373118281364441,-0.03830530494451523,-8.995115058496594e-05,-0.000563163252081722,-0.009450793266296387,-0.00434282049536705,0.021332047879695892,0.01393366139382124,0.01069571916013956,-0.06237158551812172,0.001675086678005755,-0.014276307076215744,0.030534014105796814,-0.0030664990190416574,-0.08269582688808441,0.012936446815729141,-0.046005234122276306,-0.009253972209990025,-0.014224776066839695,-0.08709174394607544,0.005066204350441694,0.010981258936226368,-0.007489639334380627,-5.01164686284028e-05,-0.0015788869932293892,0.016016555950045586,0.009122531861066818,-0.010198145173490047,0.025803571566939354,0.2382485717535019,-0.0034977123141288757,-0.026773622259497643,-0.011819091625511646,0.02284139394760132,-0.03829292207956314,0.02028159238398075,0.029417360201478004,0.03686382994055748,-0.034190647304058075,-0.029660336673259735,-0.004041261505335569,0.013285213150084019,0.009126710705459118,-0.020064476877450943,-0.03224549815058708,-0.053320955485105515,-0.002998307580128312,0.06667044013738632,0.035077910870313644,0.043483927845954895,-0.018480854108929634,0.037089888006448746,0.01570647768676281,-0.08548261970281601,-0.009440342895686626,-0.027020325884222984,0.0023520959075540304,-0.04584226384758949,0.00206345715560019,-0.028646277263760567,0.039900533854961395,0.04993574321269989,-0.023030465468764305,-0.0277967881411314,0.031052270904183388,0.018898261711001396,0.019169844686985016,-0.026037970557808876,0.044368620961904526,0.014296269044280052,-0.006359945051372051,0.005417332984507084,-0.012176590971648693,0.012629720382392406,0.019527360796928406,0.008762450888752937,0.02460307814180851,0.015368182212114334,0.02628050372004509,-0.036619532853364944,0.010626011528074741,0.012784255668520927,-0.02051403373479843,-0.008204957470297813,-0.011743439361453056,-0.02205733023583889,0.015494586899876595,0.015848791226744652,-0.003131750738248229,0.00302485772408545,-0.0100432513281703,-0.04326114058494568,0.008834523148834705,-0.03301456570625305,0.01942365989089012,-0.043980009853839874,-0.033009350299835205,0.006298360880464315,0.0374227873980999,0.011229859665036201,0.03341743350028992,0.04340100660920143,0.03812547028064728,-0.007213599048554897,-0.010043752379715443,0.030538789927959442,0.01144141424447298,-0.016683224588632584,-0.014798130840063095,-0.005070855375379324,-0.009725818410515785,-0.030998388305306435,0.04664650186896324,0.027348749339580536,0.034438565373420715,0.024474017322063446,0.061538659036159515,0.019607428461313248,-0.02425350435078144,-0.038570184260606766,0.002556335646659136,-0.04671535640954971,0.00618931045755744,-0.05652013421058655,0.051150474697351456,-0.02073296718299389,-0.04161730408668518,-0.04414938762784004,0.004059978295117617,-0.03981572017073631,-0.02588830143213272,0.01139322854578495,0.0077100456692278385,0.05410270765423775,-0.03691258281469345,0.0018327925354242325,0.004363929387181997,0.030004683881998062,0.03722092881798744,-0.02525888942182064,-0.025795649737119675,0.007820099592208862,-0.04126841947436333,0.0006253811297938228,0.03388410434126854,0.02811504900455475,0.0291767381131649,0.015992432832717896,0.06950956583023071,-0.01838800683617592,0.014965499751269817,0.01405554823577404,0.05867396667599678,-0.007850213907659054,-0.058997202664613724,-0.012767866253852844,0.028399957343935966,-0.02840706892311573,0.062495362013578415,0.040222592651844025,-0.00854472815990448,0.07190313935279846,0.03312109038233757,0.04039384797215462,0.02209145948290825,0.04132473096251488,0.023885326460003853,0.03976232185959816,0.07035806030035019,-0.02133793756365776,-0.018648585304617882,-0.03995547816157341,0.009967940859496593,-0.00990910641849041,0.026628967374563217,-0.045133769512176514,0.023492027074098587,-0.024806423112750053,0.015688719227910042,0.0016392607940360904,0.015870019793510437,-0.01890578120946884,-0.03238125890493393,-0.033415503799915314,-0.018532317131757736,0.005835032556205988,-0.02696576714515686,-0.0026904174592345953,-0.01463407650589943,0.019507696852087975,0.013026457279920578,0.01663118042051792,0.06451547890901566,-0.02360348030924797,0.011737098917365074,0.009539158083498478,0.01168481633067131,-0.00875844620168209,0.0023770921397954226,0.017583908513188362,-0.011410268023610115,-0.027902431786060333,0.035673487931489944,-0.005308127962052822,-0.029324226081371307,-0.049725599586963654,0.020625345408916473,0.0019651197362691164,-0.006047013681381941,0.017257485538721085,-0.029995590448379517,-0.033106766641139984,3.997307430836372e-05,0.02947114035487175,-0.005174663849174976,0.010652215220034122,-0.003275638911873102,-0.00019443087512627244,-0.02132295072078705,-0.04082681983709335,0.13331769406795502,-0.041215430945158005,-0.008863164111971855,0.07216613739728928,0.023054009303450584,0.06940054893493652,0.006908188108354807,0.007543325424194336,-0.002386815380305052,0.019214825704693794,0.019800987094640732,-0.014116448350250721,0.00815578829497099,0.0017247945070266724,0.004063109401613474,0.007200660649687052,0.01382687408477068,-0.013590361922979355,0.03557657450437546,0.003284035250544548,-0.016609791666269302,-0.04429193213582039,0.012098485603928566,-0.0011647487990558147,0.014460106380283833,0.07884116470813751,0.0195236187428236,0.019679086282849312,-0.022359179332852364,0.001807463588193059,-0.027081044390797615,0.036107610911130905,-0.03210108354687691,-0.03536585345864296,-0.009920203126966953,-0.014622855000197887,-0.02974228374660015,-0.022932928055524826,-0.006544323638081551,-0.014764430932700634,-0.012207492254674435,0.04015152156352997,0.00017131920321844518,-0.004319372121244669,-0.03028576262295246,0.017388710752129555,-0.006128725595772266,-0.01377435214817524,0.01712135784327984,0.000608702190220356,-0.03669293597340584,0.011197347193956375,0.04987098276615143,-0.0333806537091732,0.0432196669280529,0.020949123427271843,-0.04010782390832901,-0.002114812843501568,0.02128879353404045,-0.007335926406085491,-0.013474395498633385,0.03758997097611427,-0.04337170347571373,-0.01069249864667654,0.046577855944633484,-0.028036372736096382,-0.030065488070249557,-0.08068117499351501,-0.05476313829421997,0.007104689721018076,0.042905043810606,0.014666163362562656,-0.055627115070819855,0.0060667311772704124,-0.06179109588265419,-0.016056247055530548,0.047281909734010696,-0.04013350233435631,-0.02349512092769146,0.006285487208515406,0.006795085500925779,0.005364537239074707,-0.031046243384480476,-0.029724692925810814,0.006655220407992601,-0.013203979469835758,-0.0121364276856184,0.0012165355728939176,-0.026694893836975098,-0.03740345686674118,0.019324904307723045,0.014609305188059807,0.03082958608865738,-0.05804186314344406,0.029963308945298195,0.01498011127114296,-0.0008701665210537612,0.029309863224625587,-0.01431448757648468,-0.026230372488498688,0.039425794035196304,-0.03509259223937988,0.058174751698970795,-0.021479664370417595,0.04996442794799805,-0.0006526816287077963,0.07426931709051132,-0.0181447621434927,0.052575476467609406,-0.01057501696050167,-0.017928097397089005,0.02067798189818859,-0.017804134637117386,-0.08920876681804657,-0.011825365014374256,-0.05324186384677887,-0.026618722826242447,0.05411207675933838,0.04152802377939224,-0.012908723205327988,-0.0983741283416748,-0.0014794091694056988,0.032737746834754944,-0.016460241749882698,-0.021568283438682556,0.05540580302476883,-0.046035587787628174,-0.012995359487831593,0.0020937039516866207,0.029067596420645714,-0.002204273361712694,-0.04249164089560509,0.028703367337584496,-0.020033953711390495,0.018483081832528114,-0.013667096383869648,-0.010808833874762058,-0.01610908843576908,-0.012971501797437668,-0.0355781689286232,-0.002528578042984009,0.014980594627559185,-0.03176029026508331,0.008669420145452023,-0.008987453766167164,-0.015798011794686317,-0.018857793882489204,0.013340922072529793,-0.010092806071043015,0.03335762768983841,-0.06760722398757935,0.05609380826354027,-0.01857721619307995,-0.020763281732797623,0.032600078731775284,0.01601725071668625,-0.008529901504516602,-0.035103049129247665,0.044922903180122375,0.029970349743962288,-0.01273172628134489,0.014456996694207191,-0.06541009247303009,0.027340833097696304,0.020331349223852158,-0.0020761184860020876,0.05717859044671059,0.02683051861822605,0.06459173560142517,-0.009161323308944702,0.06182334944605827,0.003117299871519208,-0.032899413257837296,-0.0009171552374027669,0.016631580889225006,-0.0019932545255869627,0.01727375201880932,-0.000591384363360703,-0.01437649317085743,0.011063053272664547,0.02505335584282875,0.02224092185497284,-0.04538624361157417,-0.007591007277369499,0.019152717664837837,-0.009569733403623104,0.023688621819019318,-0.03567124903202057,0.021506093442440033,-0.03922114148736,0.004810713697224855,-0.07352457195520401,-0.04158054292201996,-0.03915334492921829,0.0010927171679213643,-0.011377956718206406,0.01612483523786068,0.041676104068756104,-0.02271614968776703,-0.02212282083928585,-0.016408218070864677,-0.03612523898482323,0.02407853864133358,-0.1414005607366562,0.023940786719322205,-0.01653166487812996,-0.0027361703105270863,-0.02930663898587227,-0.0007320903823710978,-0.0030752746388316154,-0.025990523397922516,-0.007272061426192522,-0.016425970941781998,-0.0036161800380796194,-0.0032902718521654606,0.014101543463766575,-0.017997538670897484,0.0011810713913291693,0.02103235572576523,-0.04064543917775154,-0.015057913027703762,0.0002733963483478874,-0.010432166047394276,0.004903598688542843,0.009860724210739136,-0.027642615139484406,-0.021775001659989357,0.008140134625136852,-0.013627794571220875,0.004838947672396898,-0.007035322953015566,-0.027684781700372696,-0.05086370185017586,-0.027740130200982094,-0.04897162318229675,0.018020344898104668,-0.010920795612037182,0.033645279705524445,-0.024943791329860687,-0.0053728804923594,0.0004386669024825096,-0.03814086318016052,0.00477059930562973,-0.04534408077597618,-0.002236580476164818,-0.011853617615997791,-0.01929754763841629,0.060581643134355545,0.06949800997972488,-0.025101276114583015,-0.01929917186498642,-0.030223051086068153,-0.0321781225502491,-0.034790147095918655,0.030776051804423332,-0.047778453677892685,0.016986437141895294,0.011289653368294239,0.023327527567744255,-0.05404990538954735,-0.015113993547856808,-0.04922410100698471,0.051630306988954544,-0.009477030485868454,0.014758390374481678,-0.028456179425120354,0.003386628581210971,-0.0060019721277058125,0.04688431695103645,-0.02814803458750248,-0.009530552662909031,-0.020819198340177536,-0.001333200722001493,-0.018955927342176437,0.005281116347759962,-0.03178621083498001,-0.015206345357000828,-0.020737096667289734,-6.235946057131514e-05,-0.004323307890444994,-0.021952705457806587,0.037644218653440475,-0.010216291062533855,-0.04241622984409332,-0.010290439240634441,-0.05147795006632805,-0.02739732526242733,0.08760876208543777,-0.042127110064029694,-0.01731819659471512,-0.00552005460485816,0.008671591989696026,-0.013564427383244038,-0.03266913816332817,-0.022946273908019066,0.048248957842588425,-0.013349086046218872,-0.0032319379970431328,0.006079233251512051,0.016665030270814896,0.01566906087100506,-0.006895807106047869,-0.011342362500727177,-0.017360413447022438,-0.05653950199484825,0.04389703646302223,0.016059644520282745,-0.03253544121980667,0.029637327417731285,0.04456298053264618,0.026525961235165596,0.011892744340002537,-0.018674779683351517,0.010077758692204952,0.03225820139050484,-0.0401981920003891,0.004271607846021652,-0.030826598405838013,-0.017766302451491356,-0.05593061074614525,0.03409809619188309,-0.009823021478950977,0.01756591536104679,-0.01613830216228962,-0.034220632165670395,0.013303565792739391,-0.009806637652218342,-0.02610701508820057,0.005962456576526165,0.03643009811639786,0.0289223100990057,0.013914650306105614,-0.0086587555706501,0.01046920008957386,-0.008435857482254505,-0.03118279203772545,0.04104868322610855,0.0201665498316288,-0.012788744643330574,-0.014171171002089977,0.034760892391204834,-0.023321622982621193,-0.028430961072444916,0.006409552413970232,-0.05734356492757797,0.0016501357313245535,-0.06354188919067383,0.02705102041363716,0.01630576141178608,-0.005931629799306393,0.001803011866286397,-0.023844638839364052,-0.0488978736102581,-0.019917545840144157,0.025074902921915054,0.030379537492990494,0.07964545488357544,-0.04736541584134102,0.010088655166327953,-0.030814310535788536,0.022739609703421593,-0.04075319692492485,0.0572112500667572,-0.023585209622979164,-0.010109592229127884,-0.01814841479063034,0.0003288334119133651,-0.007677885703742504,0.018640516325831413,-0.05667806789278984,-0.009113907814025879,-0.0124977333471179,0.03606976568698883,0.007025778293609619,0.05715357884764671,-0.0240972638130188,0.008108005858957767,0.04898204654455185,-0.00808588694781065,-0.00251912884414196,-0.019910132512450218,0.013215010054409504,0.032147228717803955,0.029258055612444878,0.007839938625693321,8.606300980318338e-05,-0.017365578562021255,0.008360113017261028,-0.01868271827697754,0.03174371272325516,0.04620688036084175,0.022523634135723114,0.002004042500630021,-0.006487480364739895,-0.03955725207924843,-0.0016869609244167805,-0.038089387118816376,0.049841225147247314,-0.026815233752131462,0.018625570461153984,0.013909208588302135,0.02000022493302822,0.04877065122127533,0.026826223358511925,-0.019041886553168297,0.017569154500961304,0.021182043477892876,0.016729258000850677,0.012350508943200111,0.04132959619164467,0.033995166420936584,0.032093096524477005,0.002552204765379429,-0.006232840474694967,-0.018242403864860535,0.005429783370345831,0.015534348785877228,0.03533222898840904,-0.010286258533596992,0.00018577196169644594,0.038726143538951874,0.01701216772198677,0.009912961162626743,0.006912511773407459,0.03790684789419174,0.01806275174021721,-0.010692980140447617,-0.00988677702844143,-0.023973636329174042,0.010345084592700005,0.018266871571540833,-0.01600298471748829,-0.009851434268057346,-0.037264395505189896,-0.025767531245946884,-0.04592614620923996,0.025482483208179474,-0.007346704602241516,0.01611975207924843,-0.027750128880143166,0.015261615626513958,-0.014488511718809605,-0.003173117060214281,-0.004613184370100498,-0.02655326947569847,0.060037657618522644,-0.016565781086683273"
https://help.ptsecurity.com/ru-RU/projects/mp10/27.4/help/702318859,https://help.ptsecurity.com/ru-RU/projects/mp10/27.4/help/702318859,Работа с инцидентами · MaxPatrol 10 · Справочный портал,"Ра­бо­та с ин­ци­ден­та­ми
В этой статье
Выявление инцидентов
Приоритизация инцидентов
Анализ инцидента
Расследование инцидента
MaxPatrol 10 по­мо­га­ет вам вы­яв­лять и рас­сле­до­вать ин­ци­ден­ты ин­фор­ма­ци­он­ной без­опас­но­сти.
Ин­ци­дент ин­фор­ма­ци­он­ной без­опас­но­сти (та­к­же ин­ци­дент) — это одно или несколь­ко неже­ла­тель­ных или неожи­дан­ных со­бы­тий, ко­то­рые мо­гут по­вли­ять на ин­фор­ма­ци­он­ную без­опас­ность ор­га­ни­за­ции.
При­ме­ра­ми ин­ци­ден­тов ИБ мо­гут слу­жить:
несанк­ци­о­ни­ро­ван­ное из­ме­не­ние дан­ных;
уста­нов­ка за­пре­щен­но­го ПО;
об­на­ру­же­ние ви­ру­са;
ска­ни­ро­ва­ние сети;
спам;
утеч­ка дан­ных.
MaxPatrol 10 пред­на­зна­чен для вы­яв­ле­ния ин­ци­ден­тов и по­мо­га­ет ана­ли­зи­ро­вать и рас­сле­до­вать ин­ци­ден­ты, а та­к­же хра­нить ин­фор­ма­цию о них.
MaxPatrol 10 ска­ни­ру­ет IT-ин­фра­струк­ту­ру ор­га­ни­за­ции с по­мо­щью мо­ду­лей и со­би­ра­ет ин­фор­ма­цию, на ос­но­ве ко­то­рой фор­ми­ру­ет внут­рен­нюю мо­дель ак­ти­вов.
На ос­но­ве ана­ли­за со­бы­тий MaxPatrol 10 ав­то­ма­ти­че­ски ре­ги­стри­ру­ет ин­ци­ден­ты ин­фор­ма­ци­он­ной без­опас­но­сти. Та­к­же вы мо­же­те за­ре­ги­стри­ро­вать их вруч­ную.
MaxPatrol 10 по­мо­га­ет вам точ­но и быст­ро ре­а­ги­ро­вать на ин­ци­ден­ты, что поз­во­лит в крат­чай­шие сро­ки вос­ста­но­вить ра­бо­то­спо­соб­ность IT-ин­фра­струк­ту­ры ор­га­ни­за­ции и све­сти к ми­ни­му­му небла­го­при­ят­ное вли­я­ние ин­ци­ден­тов на IT-ин­фра­струк­ту­ру ор­га­ни­за­ции.
Про­цесс ра­бо­ты с ин­ци­ден­та­ми в MaxPatrol 10 со­сто­ит из сле­ду­ю­щих эта­пов:
Вы­яв­ле­ние ин­ци­ден­тов.
При­о­ри­ти­за­ция ин­ци­ден­тов.
Ана­лиз ин­ци­ден­та.
Рас­сле­до­ва­ние ин­ци­ден­та.
Вы­яв­ле­ние ин­ци­ден­тов
Цель эта­па: узнать о по­яв­ле­нии ин­ци­ден­та (если он со­здан ав­то­ма­ти­че­ски) или, если вы об­на­ру­жи­ли его са­мо­сто­я­тель­но, вне­сти ин­фор­ма­цию о нем в MaxPatrol 10.
Если ин­ци­дент был со­здан ав­то­ма­ти­че­ски, вы мо­же­те узнать об этом из уве­дом­ле­ния, при­шед­ше­го на вашу элек­трон­ную по­чту. Ста­тус со­здан­но­го ин­ци­ден­та в си­сте­ме —
Но­вый
.
Ин­ци­ден­ты со ста­ту­сом
Но­вый
пе­ре­хо­дят на сле­ду­ю­щий этап жиз­нен­но­го цик­ла в си­сте­ме — этап при­о­ри­ти­за­ции ин­ци­ден­тов.
При­о­ри­ти­за­ция ин­ци­ден­тов
Цель эта­па: вы­брать ин­ци­ден­ты, ко­то­рые вам нуж­но взять в ра­бо­ту в первую оче­редь.
Ваши дей­ствия:
От­сор­ти­ро­вать и от­филь­тро­вать ин­ци­ден­ты с по­мо­щью встро­ен­ных в MaxPatrol 10 ин­стру­мен­тов — сор­ти­ров­ки и филь­тра­ции:
Сор­ти­ров­ка ин­ци­ден­тов. Вы мо­же­те сор­ти­ро­вать ин­ци­ден­ты по па­ра­мет­рам: по вре­ме­ни со­зда­ния, по сте­пе­ни опас­но­сти, по ста­ту­су.
Филь­тра­ция ин­ци­ден­тов. Вы мо­же­те ис­поль­зо­вать стан­дарт­ные, вре­мен­ные или свои на­стро­ен­ные (поль­зо­ва­тель­ские) филь­тры, что­бы быст­ро най­ти нуж­ный вам ин­ци­дент или группу ин­ци­ден­тов по за­дан­ным па­ра­мет­рам.
Вы­пол­нить ди­а­гно­сти­ку ин­ци­ден­та. В ходе ди­а­гно­сти­ки вы долж­ны при­нять ре­ше­ние о том, ну­жен ли даль­ней­ший ана­лиз и рас­сле­до­ва­ние ин­ци­ден­та:
Если ин­ци­дент яв­ля­ет­ся лож­ным сра­ба­ты­ва­ни­ем, вы долж­ны из­ме­нить его ста­тус с
Но­вый
на
За­крыт
. Ин­ци­дент бу­дет хра­нить­ся в си­сте­ме со ста­ту­сом
За­крыт (лож­ное сра­ба­ты­ва­ние)
, из­ме­не­ние это­го ста­ту­са невоз­мож­но.
Если ин­ци­дент яв­ля­ет­ся ис­тин­ным (не лож­ным сра­ба­ты­ва­ни­ем), вы долж­ны из­ме­нить его ста­тус с
Но­вый
на
Утвер­жден
. Утвер­жден­ный ин­ци­дент пе­ре­хо­дит на сле­ду­ю­щий этап жиз­нен­но­го цик­ла ин­ци­ден­та в си­сте­ме — этап ана­ли­за.
Ана­лиз ин­ци­ден­та
Цель эта­па: рас­ши­рить кон­текст ин­ци­ден­та и при­нять ре­ше­ние, нуж­но ли даль­ней­шее рас­сле­до­ва­ние.
Ваши дей­ствия:
Про­ана­ли­зи­ро­вать свя­зи ин­ци­ден­та; со­бы­тия и ак­ти­вы, при­вя­зан­ные к ин­ци­ден­ту; дан­ные из кар­точ­ки.
При­нять ре­ше­ние, нуж­но ли даль­ней­шее рас­сле­до­ва­ние или ин­ци­дент был раз­ре­шен без ва­ше­го уча­стия:
Если ин­ци­дент был раз­ре­шен без ва­ше­го уча­стия (на­при­мер, был со­здан ин­ци­дент
Об­на­ру­же­ние ви­ру­са
, но к эта­пу ана­ли­за ан­ти­ви­рус уже успел уда­лить вре­до­нос­ное ПО), вы долж­ны из­ме­нить ста­тус ин­ци­ден­та с
Утвер­жден
на
За­крыт
.
Если нуж­но даль­ней­шее рас­сле­до­ва­ние, вы долж­ны из­ме­нить ста­тус ин­ци­ден­та с
Утвер­жден
на
В ра­бо­те
. Ин­ци­дент со ста­ту­сом
В ра­бо­те
пе­ре­хо­дит на сле­ду­ю­щий этап жиз­нен­но­го цик­ла в си­сте­ме — этап рас­сле­до­ва­ния.
На эта­пе рас­сле­до­ва­ния из­ме­не­ние на­зва­ния и опи­са­ния ста­ту­са ин­ци­ден­та ста­но­вит­ся недо­ступ­ным.
Рас­сле­до­ва­ние ин­ци­ден­та
Цель эта­па: опре­де­лить ис­точ­ник угроз, вы­явить об­сто­я­тель­ства, ко­то­рые при­ве­ли к воз­ник­но­ве­нию ин­ци­ден­та, со­брать до­ка­за­тель­ства ин­ци­ден­та, дать ре­ко­мен­да­ции по устра­не­нию ин­ци­ден­та и за­крыть ин­ци­дент.
Ваши дей­ствия:
Ка­те­го­ри­зи­ро­вать ин­ци­дент. Вы долж­ны оце­нить си­ту­а­цию и пред­ва­ри­тель­но при­сво­ить ин­ци­ден­ту ка­те­го­рию на ос­но­ве ин­фор­ма­ции, до­ступ­ной вам на мо­мент вы­яв­ле­ния ин­ци­ден­та: на­при­мер,
Уста­нов­ка за­пре­щен­но­го ПО
или
Утеч­ка дан­ных
.
Ло­ка­ли­зо­вать ин­ци­дент. Вы долж­ны про­смот­реть то­по­ло­гию ин­ци­ден­та и до­сти­жи­мо­сти, что­бы опре­де­лить, ка­кие ак­ти­вы во­вле­че­ны в ин­ци­дент.
По­ста­вить за­да­чи по ин­ци­ден­ту. Вы мо­же­те по­ста­вить за­да­чу на дру­го­го со­труд­ни­ка, что­бы при­влечь его к рас­сле­до­ва­нию ин­ци­ден­та, сбо­ру до­ка­за­тельств по ин­ци­ден­ту или вос­ста­нов­ле­нию ра­бо­то­спо­соб­но­сти си­сте­мы. В рам­ках рас­сле­до­ва­ния каж­до­го ин­ци­ден­та вы мо­же­те со­зда­вать несколь­ко за­дач.
Раз­ра­бо­тать план и при­нять меры по ин­ци­ден­ту. По­сле того, как вы ис­сле­до­ва­ли все об­сто­я­тель­ства ин­ци­ден­та, вам нуж­но раз­ра­бо­тать пла­ны и дать ре­ко­мен­да­ции во­вле­чен­ным в ин­ци­дент со­труд­ни­кам, что­бы предот­вра­тить по­втор­ное воз­ник­но­ве­ние вы­яв­лен­но­го ин­ци­ден­та. За­тем вы долж­ны из­ме­нить ста­тус ин­ци­ден­та с
В ра­бо­те
на
Раз­ре­шен
.
Про­кон­тро­ли­ро­вать ис­пол­не­ние ре­ко­мен­да­ций (оп­ци­о­наль­но):
Если ваши ре­ко­мен­да­ции вы­пол­не­ны, а ин­ци­дент и по­след­ствия устра­не­ны, вы долж­ны из­ме­нить ста­тус ин­ци­ден­та с
Раз­ре­шен
на
За­крыт
. При­ня­тые меры по ин­ци­ден­ту вам нуж­но за­фик­си­ро­вать в кар­точ­ке ин­ци­ден­та.
Если ваши ре­ко­мен­да­ции не вы­пол­не­ны либо при­ня­тых мер ока­за­лось недо­ста­точ­но и ин­ци­дент воз­ни­ка­ет по­втор­но, вы долж­ны из­ме­нить ста­тус ин­ци­ден­та с
Раз­ре­шен
на
В ра­бо­те
.
Но­вый
Утвер­жден
За­крыт
В ра­бо­те
Раз­ре­шен
Ста­ту­сы ин­ци­ден­та
В лю­бой мо­мент ра­бо­ты с ин­ци­ден­та­ми вы мо­же­те экс­пор­ти­ро­вать их в уни­фи­ци­ро­ван­ном фор­ма­те об­ме­на для по­сле­ду­ю­ще­го им­пор­та в дру­гие си­сте­мы.
Та­к­же вы мо­же­те про­смат­ри­вать клю­че­вые по­ка­за­те­ли ра­бо­ты по ин­ци­ден­там, на­при­мер от­сле­жи­вать ди­на­ми­ку по­яв­ле­ния ин­ци­ден­тов, как быст­ро они об­ра­ба­ты­ва­ют­ся, сколь­ко вре­ме­ни в сред­нем тра­тит­ся на устра­не­ние ин­ци­ден­та.
На стра­ни­це Ин­ци­ден­ты вы мо­же­те про­смат­ри­вать таб­ли­цу ин­ци­ден­тов и вы­пол­нять ти­по­вые дей­ствия с ин­ци­ден­та­ми.
Ошибки при просмотре событий
Выявление инцидентов",4,работе переходит следующий этап жизненного цикла системе этап расследования этапе расследования изменение названия описания статуса инцидента становится недоступным расследование инцидента цель этапа определить источник угроз выявить обстоятельства которые привели возникновению инцидента собрать доказательства инцидента дать рекомендации устранению инцидента закрыть инцидент ваши действия категоризировать инцидент должны оценить ситуацию предварительно присвоить инциденту категорию основе информации доступной момент выявления инцидента например установка запрещенного утечка данных локализовать инцидент должны просмотреть топологию инцидента достижимости определить какие активы вовлечены инцидент поставить задачи инциденту можете поставить задачу другого сотрудника привлечь расследованию инцидента сбору доказательств инциденту восстановлению работоспособности системы рамках расследования каждого инцидента можете создавать несколько задач разработать план принять меры инциденту,"0.0031659689266234636,-0.026471002027392387,-0.008168199099600315,0.05361536517739296,-0.011896973475813866,-0.00829391274601221,-0.023656968027353287,0.030278969556093216,0.03741831332445145,0.01069589052349329,-0.014341125264763832,0.004922269843518734,-0.02153688855469227,0.007376132067292929,0.0611889585852623,0.029588470235466957,0.046720921993255615,-0.020525818690657616,-0.015327028930187225,-0.0019428788218647242,0.01664012484252453,-0.009453849866986275,-0.01777520403265953,0.0342586413025856,-0.023960378021001816,0.016954366117715836,0.024038879200816154,-0.04584825411438942,-0.018979858607053757,0.027914758771657944,0.017416691407561302,-0.028521407395601273,-0.020965345203876495,-0.017878279089927673,-0.049799125641584396,-0.019622132182121277,-0.012100820429623127,-0.025508033111691475,-0.03341449797153473,0.028363294899463654,-0.0004615170182660222,0.036976028233766556,0.023217659443616867,-0.003669431433081627,0.008080908097326756,-0.010512982495129108,-0.009172431193292141,-0.03233401104807854,-0.039057593792676926,-0.025411460548639297,-0.029343945905566216,-0.009304032661020756,-0.003236261894926429,-0.046422552317380905,0.01845749467611313,0.010515511967241764,-0.03609320521354675,-0.011499245651066303,-0.002486121840775013,0.045774541795253754,-0.04564010351896286,-0.019367540255188942,0.022937782108783722,0.010942935943603516,0.041825298219919205,0.042073920369148254,0.0008020898094400764,0.0017844060203060508,0.0021553384140133858,-0.022877151146531105,0.03520363196730614,0.0030420052353292704,-0.052797798067331314,0.0081572774797678,-0.014737988822162151,0.03547784686088562,0.05486166477203369,-0.01959497109055519,0.01529648806899786,0.029656965285539627,-0.0397646427154541,0.01750795543193817,-0.017911039292812347,0.013392401859164238,-0.00288227666169405,-0.012334625236690044,-0.005832720547914505,0.04313651844859123,0.03371448069810867,-0.009534741751849651,0.007230209652334452,-0.023746026679873466,-0.00264535378664732,-0.0036429231986403465,-0.029712269082665443,-0.02457348071038723,0.01073185633867979,0.007197411265224218,0.05679052695631981,0.010969934053719044,0.05852537602186203,-0.0027842139825224876,-0.0033079932909458876,-0.03489100560545921,0.024348264560103416,-0.012087689712643623,0.06388212740421295,0.03223760053515434,0.03084033727645874,-0.0283637885004282,0.007999728433787823,0.008402498438954353,-0.018506281077861786,0.015203941613435745,-0.003674688981845975,-0.010728679597377777,0.005077933892607689,-0.0026605536695569754,-0.0013830997049808502,-0.01700219325721264,-0.0008637114078737795,0.02441350929439068,0.04696416109800339,0.0062912097200751305,-0.023600393906235695,-0.04308240860700607,0.008815266191959381,0.03405306860804558,0.002060955623164773,0.005465456284582615,-0.014904512092471123,0.017060397192835808,-0.00713103823363781,0.00601342786103487,-0.047176867723464966,0.008074045181274414,-0.017184117808938026,0.04517504572868347,-0.0073572853580117226,-0.0008882932597771287,0.042335979640483856,0.0036466510500758886,-0.05647944286465645,0.008495332673192024,0.01255113910883665,-0.01635625585913658,0.04193311184644699,0.00029803600045852363,0.006259030196815729,0.016142861917614937,-0.00737901171669364,0.01050871703773737,-0.010001037269830704,0.04728887230157852,0.046912748366594315,-0.0036729355342686176,-0.03736438974738121,-0.03303489834070206,0.026287546381354332,-0.00589043227955699,0.02508043684065342,-0.01715335249900818,-0.03157615289092064,0.04070860892534256,0.047412414103746414,0.01823345571756363,-0.026698051020503044,-0.004938227590173483,-0.045819733291864395,-0.0459275096654892,-0.023313673213124275,-0.012248472310602665,0.021820496767759323,0.005086592864245176,0.005185930524021387,0.02688089944422245,0.062312424182891846,0.01852584443986416,0.01040408480912447,-0.0294598788022995,-0.02394331805408001,0.044828273355960846,0.013687660917639732,-0.021084124222397804,-0.023056643083691597,0.024694899097085,-0.03742808848619461,-0.00336591899394989,-0.0033161852043122053,0.02531704306602478,-0.023095566779375076,-0.060722965747117996,0.03837590292096138,0.013296662829816341,-0.007536968681961298,-0.05038585513830185,0.015466242097318172,0.031505025923252106,0.007290149573236704,-0.007462917827069759,-0.06374681740999222,0.04396648705005646,0.018867511302232742,0.0066563431173563,-0.04459114372730255,0.026494253426790237,-0.0004256354586686939,-0.019049305468797684,0.03518683463335037,-0.05490705370903015,-0.009057980962097645,-0.008378366008400917,-0.027424395084381104,0.021687349304556847,-0.05045231059193611,0.0035845323000103235,-0.020855549722909927,0.027896147221326828,-0.009541596285998821,-0.025229759514331818,0.013233092613518238,-0.00040672047180123627,-0.01187744177877903,-0.013218230567872524,0.0048716082237660885,0.015255190432071686,-0.013447273522615433,0.04220210760831833,0.03133711591362953,0.015540111809968948,0.012952161021530628,0.018023032695055008,0.024730371311306953,-0.03693552687764168,0.005104623734951019,-0.04875890165567398,-0.013080453500151634,-0.013732348568737507,0.039575278759002686,-0.002059420570731163,-0.006171038839966059,-0.10335338115692139,0.007141622249037027,-0.00015509361401200294,-0.013812930323183537,-0.04527958109974861,0.004822114948183298,0.0010131869930773973,-0.04311227425932884,-0.035368576645851135,-0.0067531694658100605,-0.02221100591123104,-0.044531404972076416,-0.013175718486309052,-0.009815067052841187,-0.032681651413440704,-0.00746737327426672,-0.00795379001647234,-0.0005296915187500417,0.02194122225046158,-0.04484846815466881,0.05835779011249542,-0.0024788493756204844,-0.010220559313893318,0.017887262627482414,-0.029122333973646164,0.0058391583152115345,-0.011989690363407135,-0.025752829387784004,0.031322941184043884,-0.030976710841059685,-0.008703548461198807,0.013889888301491737,-0.024564014747738838,-0.03446611389517784,0.007763366214931011,0.00039132038364186883,-0.027738455682992935,0.08656581491231918,0.0534135177731514,-0.031931739300489426,-0.013232734054327011,0.02806094102561474,0.02102801203727722,0.026214396581053734,0.03731030598282814,-0.02692480757832527,-0.04620559513568878,0.024165410548448563,0.03509632125496864,-0.007536862511187792,0.02207488939166069,0.051366325467824936,-0.026897680014371872,0.015230990014970303,0.0629853829741478,0.009653783403337002,-0.15492640435695648,-0.042904749512672424,-0.013465221039950848,0.03626415506005287,-0.00102734484244138,0.016981860622763634,-0.020759226754307747,-0.005858283489942551,-0.07652045786380768,0.05467042699456215,-0.00809880904853344,-0.04463842883706093,-0.029272381216287613,0.02865915186703205,-0.011575999669730663,0.00039080868009477854,-0.010534027591347694,0.010569664649665356,-0.018461188301444054,-0.02208542823791504,-0.060356296598911285,-0.003933803644031286,0.024821029976010323,-0.037888992577791214,-0.02568165585398674,-0.011241537518799305,0.020379062741994858,-0.029486460611224174,-0.02289307862520218,-0.00037003023317083716,-0.04937811195850372,0.01452904287725687,-0.0049385251477360725,0.04309894144535065,0.005649731028825045,0.03501271456480026,0.011495828628540039,0.005946912337094545,0.021271197125315666,0.006032141391187906,0.023462573066353798,0.015039284713566303,-1.7257569197681732e-05,-0.028854824602603912,-0.009900540113449097,-0.02925700508058071,0.024228805676102638,-0.013791888952255249,-0.03537959232926369,-0.007622858975082636,-0.02379629574716091,-0.018191436305642128,-0.0008988843183033168,-0.04456910863518715,-0.027182506397366524,-0.024291085079312325,0.03383658826351166,0.0033474252559244633,-0.010168401524424553,-0.011723268777132034,0.055351752787828445,-0.027850141748785973,0.007791626267135143,-0.0023770183324813843,0.007291728630661964,-0.00942167453467846,0.005647656042128801,0.020263710990548134,0.023355036973953247,-0.02458670362830162,0.022210530936717987,-0.060753222554922104,0.02812626026570797,0.011096274480223656,-0.03641270473599434,-0.011061985976994038,-0.03761102631688118,0.01153284590691328,-0.025942333042621613,-0.07072795182466507,-0.01679612509906292,-0.012907296419143677,-0.013560784049332142,0.019843533635139465,0.0019362829625606537,-0.020167773589491844,-0.013081901706755161,0.008847554214298725,0.01912270113825798,0.23668231070041656,0.00032166321761906147,-0.014920215122401714,-0.013709146529436111,0.016236215829849243,-0.044243041425943375,0.020264023914933205,0.06563407182693481,0.04974034056067467,-0.0623653307557106,-0.011311609297990799,-0.0012030113721266389,0.04250909760594368,0.008615080267190933,0.023521889001131058,-0.01240599900484085,-0.021019889041781425,-0.010862238705158234,0.05435434728860855,-0.00019173338660039008,0.052724216133356094,-0.016277845948934555,0.010511808097362518,0.021637441590428352,-0.06019831821322441,-0.013956278562545776,-0.024774139747023582,0.01893804967403412,-0.049727585166692734,0.022373948246240616,-0.04891131445765495,0.0372065007686615,0.04879579693078995,0.004163827747106552,-0.069037064909935,0.015895837917923927,0.01973712258040905,0.004039246588945389,-0.02463706023991108,0.028091244399547577,0.008200543001294136,0.0032540287356823683,-0.017806891351938248,-0.021105440333485603,0.03049466945230961,0.004978720564395189,-0.014813571237027645,-0.002989071886986494,0.009519901126623154,0.029660893604159355,-0.02299494668841362,-0.004992189817130566,0.021860891953110695,-0.010486184619367123,-0.009060356765985489,-0.013998953625559807,-0.012850913219153881,0.009971663355827332,0.02915358915925026,-0.01907934807240963,0.031175507232546806,0.001531962538138032,-0.040327634662389755,0.014247449114918709,-0.031496286392211914,-0.018518509343266487,-0.0018310488667339087,-0.005919118877500296,0.019227735698223114,0.02844315394759178,-0.005091897677630186,0.04299623519182205,0.033273059874773026,0.0028429485391825438,-0.011625456623733044,-0.011780939996242523,0.03367868438363075,0.017022252082824707,-0.040797892957925797,0.03465038910508156,-0.027979431673884392,-0.009762730449438095,-0.016761381179094315,0.045718953013420105,0.01716303825378418,0.03674370422959328,0.0217458326369524,0.09852880239486694,0.013193013146519661,0.02518814243376255,-0.02118869125843048,-0.014813296496868134,-0.028996312990784645,0.03650177642703056,0.005174822639673948,0.015960650518536568,0.009973756037652493,-0.05159468948841095,-0.03744519501924515,-0.016737397760152817,-0.016929803416132927,-0.02522648125886917,-0.0015420614508911967,-0.006089015398174524,0.029904766008257866,-0.07585371285676956,-0.0025840343441814184,0.014511930756270885,0.040082357823848724,0.05262013152241707,-0.0701814740896225,-0.013832620345056057,0.015617144294083118,-0.03948300704360008,-0.003561097662895918,0.03144179284572601,0.0625399649143219,0.028060663491487503,0.028497863560914993,0.04772549122571945,-0.021317165344953537,0.03662363812327385,0.016823917627334595,0.036843616515398026,0.007873037829995155,-0.047747157514095306,0.006966349668800831,-0.02171752229332924,-0.022164154797792435,0.05856803059577942,0.05218001827597618,-0.03169279545545578,0.027564898133277893,-0.005510149989277124,0.04001343995332718,-0.013695047236979008,0.030532481148838997,0.03427179530262947,0.03543597459793091,0.07543889433145523,-0.02306864783167839,-0.022625010460615158,-0.06967302411794662,0.0009115622378885746,-0.0073882173746824265,0.02588185854256153,-0.029607102274894714,-0.010912543162703514,-0.0469643659889698,-0.01599479652941227,-0.016313595697283745,0.009143233299255371,0.0009381575509905815,-0.028315121307969093,0.010809366591274738,-0.013309158384799957,-0.008995382115244865,-0.03555143252015114,-0.02234566956758499,-0.0076708137057721615,-0.031579118221998215,0.008543194271624088,0.012040273286402225,0.05543149262666702,-0.01457194797694683,0.01721132919192314,0.03633669391274452,0.01894494704902172,0.0005745514063164592,0.025666240602731705,0.006344034802168608,-0.017719967290759087,-0.03715801239013672,0.017199324443936348,0.008776114322245121,-0.025875099003314972,-0.03848883882164955,0.0175448190420866,0.0031044469214975834,-0.005049930885434151,0.003985674120485783,-0.02710220031440258,-0.005360984243452549,0.003248191438615322,0.046050284057855606,-0.018103569746017456,0.05547802150249481,0.0022973373997956514,-0.028228560462594032,-0.04844741150736809,-0.01655944623053074,0.14249438047409058,-0.013782292604446411,-0.007417022716253996,0.0429178848862648,-0.0035741012543439865,0.09788765758275986,0.024520549923181534,0.02898840792477131,-0.006909032352268696,-0.02383994497358799,0.06060149893164635,0.025193629786372185,-0.0024068388156592846,0.01126455795019865,0.033331841230392456,0.013960572890937328,0.010182163678109646,-0.014218412339687347,0.06207648664712906,0.014892198145389557,0.017436601221561432,-0.052968330681324005,0.01063483115285635,-0.027647389099001884,-0.011448859237134457,0.06669261306524277,0.044946130365133286,-0.005521997343748808,0.014364384114742279,0.05334274470806122,-0.023807696998119354,0.029295558109879494,-0.059436943382024765,-0.04511053115129471,0.03802281618118286,0.014929723925888538,-0.004174156114459038,-0.02583341859281063,-0.012218521907925606,-0.012596672400832176,-0.04535066336393356,0.0006731573375873268,-0.03252449631690979,-0.010724601335823536,0.008948211558163166,0.02740764431655407,0.014410777017474174,-0.0018866064492613077,-0.0121755450963974,-0.008664323948323727,-0.04470326006412506,0.008444540202617645,0.06859786808490753,-0.0019990960136055946,0.0369434729218483,0.011369169689714909,-0.03174023702740669,0.014485557563602924,0.05034148320555687,0.01510651595890522,-0.05134308710694313,0.02135329693555832,-0.044421903789043427,0.00013190596655476838,0.013880695216357708,-0.03723030164837837,-0.008867993019521236,-0.024706603959202766,-0.03251862898468971,0.0017441079253330827,0.020590201020240784,-0.001582563272677362,-0.0424746610224247,-0.006040245294570923,-0.027856238186359406,-0.025313111022114754,0.03228243812918663,-0.04754412919282913,-0.023837702348828316,0.007597916293889284,-0.013803579844534397,0.018912889063358307,-0.011565850116312504,-0.030181575566530228,-0.015335616655647755,-0.030027078464627266,0.04065590351819992,0.009295673109591007,-0.009643509052693844,-0.051376670598983765,0.02566385082900524,0.0417276993393898,0.001831437461078167,-0.00691901845857501,-0.017803654074668884,-0.01100299321115017,0.01411095168441534,0.02336001582443714,0.00475013954564929,0.00851343385875225,0.040080148726701736,-0.02184920758008957,0.032794274389743805,-0.005465896800160408,0.004817761946469545,-0.027459533885121346,0.0661938413977623,-0.038856204599142075,0.025141801685094833,-0.022289380431175232,0.002519062953069806,0.021600473672151566,-0.012943343259394169,-0.047824982553720474,0.02164381369948387,-0.06189170107245445,-0.06306420266628265,0.03054588846862316,0.034176167100667953,-0.028860323131084442,-0.13105280697345734,0.012686232104897499,0.02515697292983532,0.020511632785201073,0.02317560650408268,0.04954586923122406,-0.035140685737133026,0.013736488297581673,0.003537689568474889,0.015364510007202625,-0.010436983779072762,-0.04417440667748451,0.009952148422598839,-0.027611272409558296,0.03050527349114418,-0.023559216409921646,-0.047130465507507324,-0.027743365615606308,-0.032868847250938416,-0.044421084225177765,-0.014098231680691242,0.0020875537302345037,-0.031139709055423737,0.02054518274962902,-0.013295017182826996,0.008996846154332161,-0.047151386737823486,0.033146776258945465,-0.0166037417948246,0.003097494365647435,-0.060657206922769547,0.054362863302230835,-0.03520668298006058,0.013645682483911514,0.001697398955002427,0.014803439378738403,0.0018962584435939789,-0.017417915165424347,0.029488975182175636,0.020782900974154472,-0.006421557627618313,0.016069674864411354,-0.039389535784721375,0.02668239176273346,0.014507628977298737,0.0324573777616024,0.020570868626236916,0.06521505117416382,0.05042719841003418,-0.035894643515348434,0.05813426524400711,0.01591663248836994,-0.021985547617077827,-0.024182792752981186,0.004133746959269047,0.015882937237620354,0.007855523377656937,0.0018154045101255178,-0.03391800448298454,0.00034667953150346875,0.027051568031311035,0.031161144375801086,-0.04219542443752289,-0.011902992613613605,0.02129041776061058,0.0029528175946325064,-0.004030853509902954,0.01727304980158806,0.015800021588802338,-0.034350693225860596,0.015322195366024971,-0.04992159828543663,-0.03482376039028168,-0.05037673935294151,-0.01690101809799671,-0.050325024873018265,0.025740619748830795,0.02395220845937729,0.014551068656146526,0.007216635160148144,-0.006848485209047794,-0.04074247553944588,-0.0083621209487319,-0.131271630525589,0.0036577931605279446,0.024176085367798805,0.024198822677135468,-0.02962813712656498,0.004225784447044134,-0.00743062375113368,-0.019976548850536346,-0.015435217879712582,-0.007718862500041723,-0.03330247849225998,0.00528103718534112,-0.0013885466614738107,-0.010662371292710304,0.01091746985912323,0.04518325999379158,-0.04001893103122711,-0.03589889034628868,-0.019992860034108162,0.015504683367908001,0.002363445470109582,-0.008067733608186245,-0.014213191345334053,0.0014840865042060614,0.0073578013107180595,-0.0018328946316614747,0.02190837636590004,-0.027887437492609024,-0.007870233617722988,-0.0490172915160656,0.0019600328523665667,-0.05051300674676895,0.0038084019906818867,0.001570155960507691,-0.00341661274433136,-0.006262715440243483,-0.010239090770483017,-0.010268274694681168,-0.038079798221588135,0.012651548720896244,-0.03786345571279526,0.0009644627571105957,-0.0012896546395495534,-0.020494097843766212,0.0302890595048666,0.06482464075088501,-0.014647596515715122,-0.013761540874838829,-0.05619068816304207,-0.025227699428796768,-0.0014036556240171194,0.05481543019413948,-0.019736159592866898,0.038308992981910706,-0.013251443393528461,0.012187834829092026,-0.03873796388506889,-0.02679588831961155,-0.05053351819515228,0.039813823997974396,-0.03085511177778244,0.03528076782822609,-0.017896374687552452,0.005994786974042654,0.043149154633283615,0.03695758432149887,-0.016737956553697586,-0.008388583548367023,-0.01254670973867178,-0.001462060259655118,-0.01516691967844963,-0.011688392609357834,-0.02604268118739128,0.001113890204578638,-0.011157846078276634,-0.007110631093382835,-0.03067276068031788,-0.00440193573012948,-0.004850688856095076,-0.008754740469157696,-0.015715988352894783,-0.02073781006038189,-0.03592733293771744,0.0029351075645536184,0.0850987583398819,-0.007124210707843304,-0.008046088740229607,-0.022531084716320038,-0.036694351583719254,-0.051637422293424606,-0.016158048063516617,-0.04653206095099449,0.007358895614743233,-0.02087295427918434,0.002541889203712344,0.007122875191271305,0.016894228756427765,0.0030398566741496325,-0.006656245794147253,-0.019606491550803185,-0.001970031764358282,-0.02384483441710472,0.020136874169111252,0.01930953375995159,-0.04712604731321335,0.041297294199466705,0.029188046231865883,0.021515948697924614,-0.014756868593394756,-0.03940477967262268,0.03636442497372627,0.0047434126026928425,-0.051472559571266174,-0.0012729050358757377,-0.039657313376665115,0.007171155884861946,-0.01621383987367153,0.071991927921772,0.005339208524674177,0.039244163781404495,0.01616857387125492,-0.026663480326533318,-0.00039858228410594165,-0.01866026408970356,-0.0071755750104784966,0.02665204182267189,0.052034635096788406,0.038063373416662216,-0.011506183072924614,-0.01202887948602438,0.0013911634450778365,-0.056774724274873734,-0.031246453523635864,0.030136698856949806,0.037966128438711166,-0.0068857851438224316,0.005243535619229078,0.04116776958107948,-0.005634164437651634,-0.028453025966882706,-0.017171863466501236,-0.013088666833937168,-0.013033227995038033,-0.05413782596588135,0.011342274956405163,-0.0073683736845850945,-0.0014443352119997144,-0.018638834357261658,-0.014222394675016403,-0.03186250850558281,-0.005832128692418337,0.01622825674712658,-0.01707478240132332,0.07906115800142288,-0.047783445566892624,0.009294725023210049,-0.07142940163612366,0.04918882995843887,-0.01632694900035858,0.08036724478006363,-0.014103840105235577,-0.017880963161587715,-0.04402357339859009,-0.029819870367646217,-0.031204931437969208,0.02221878618001938,-0.06963174045085907,-0.0162734966725111,-0.03321564197540283,-0.004775582812726498,-0.016233954578638077,0.020015232264995575,-0.029333651065826416,0.012340039014816284,0.04723365604877472,0.008839473128318787,-0.00959041342139244,0.016881313174962997,0.02139003574848175,0.02592308819293976,0.04077303409576416,0.007152197416871786,0.022790586575865746,0.021784165874123573,0.03182511031627655,-0.033663105219602585,0.009149077348411083,0.038120195269584656,0.011251483112573624,-0.03625020384788513,-0.008941789157688618,-0.041473615914583206,0.041242536157369614,-0.0695706307888031,0.026996854692697525,-0.04281708225607872,0.022691017016768456,0.01878121681511402,0.055445700883865356,0.05196847766637802,-0.029799219220876694,-0.008706114254891872,0.01678219810128212,0.025366753339767456,-0.021386876702308655,0.011058459989726543,0.01079118438065052,0.003302364842966199,0.0013968261191621423,-0.0034625069238245487,0.0023318391758948565,0.003692844184115529,0.019413556903600693,0.0033222422935068607,0.022943029180169106,-0.024919819086790085,-0.005245452281087637,0.04809097573161125,0.006994375493377447,0.004847546573728323,0.02763482742011547,0.04980875551700592,0.013219164684414864,-0.02964695170521736,-0.030054230242967606,-0.008357148617506027,0.022740356624126434,0.00702906958758831,-0.021651722490787506,-0.013121604919433594,-0.053610194474458694,-0.03524620831012726,-0.05736319720745087,0.01301212701946497,0.02574225887656212,-0.0025663834530860186,-0.05620270222425461,0.02225024439394474,-0.018830114975571632,0.04483000189065933,-0.0009714658954180777,0.011314818635582924,0.051081232726573944,-0.022194448858499527"
https://help.ptsecurity.com/ru-RU/projects/mp10/27.4/help/702318859,https://help.ptsecurity.com/ru-RU/projects/mp10/27.4/help/702318859,Работа с инцидентами · MaxPatrol 10 · Справочный портал,"Ра­бо­та с ин­ци­ден­та­ми
В этой статье
Выявление инцидентов
Приоритизация инцидентов
Анализ инцидента
Расследование инцидента
MaxPatrol 10 по­мо­га­ет вам вы­яв­лять и рас­сле­до­вать ин­ци­ден­ты ин­фор­ма­ци­он­ной без­опас­но­сти.
Ин­ци­дент ин­фор­ма­ци­он­ной без­опас­но­сти (та­к­же ин­ци­дент) — это одно или несколь­ко неже­ла­тель­ных или неожи­дан­ных со­бы­тий, ко­то­рые мо­гут по­вли­ять на ин­фор­ма­ци­он­ную без­опас­ность ор­га­ни­за­ции.
При­ме­ра­ми ин­ци­ден­тов ИБ мо­гут слу­жить:
несанк­ци­о­ни­ро­ван­ное из­ме­не­ние дан­ных;
уста­нов­ка за­пре­щен­но­го ПО;
об­на­ру­же­ние ви­ру­са;
ска­ни­ро­ва­ние сети;
спам;
утеч­ка дан­ных.
MaxPatrol 10 пред­на­зна­чен для вы­яв­ле­ния ин­ци­ден­тов и по­мо­га­ет ана­ли­зи­ро­вать и рас­сле­до­вать ин­ци­ден­ты, а та­к­же хра­нить ин­фор­ма­цию о них.
MaxPatrol 10 ска­ни­ру­ет IT-ин­фра­струк­ту­ру ор­га­ни­за­ции с по­мо­щью мо­ду­лей и со­би­ра­ет ин­фор­ма­цию, на ос­но­ве ко­то­рой фор­ми­ру­ет внут­рен­нюю мо­дель ак­ти­вов.
На ос­но­ве ана­ли­за со­бы­тий MaxPatrol 10 ав­то­ма­ти­че­ски ре­ги­стри­ру­ет ин­ци­ден­ты ин­фор­ма­ци­он­ной без­опас­но­сти. Та­к­же вы мо­же­те за­ре­ги­стри­ро­вать их вруч­ную.
MaxPatrol 10 по­мо­га­ет вам точ­но и быст­ро ре­а­ги­ро­вать на ин­ци­ден­ты, что поз­во­лит в крат­чай­шие сро­ки вос­ста­но­вить ра­бо­то­спо­соб­ность IT-ин­фра­струк­ту­ры ор­га­ни­за­ции и све­сти к ми­ни­му­му небла­го­при­ят­ное вли­я­ние ин­ци­ден­тов на IT-ин­фра­струк­ту­ру ор­га­ни­за­ции.
Про­цесс ра­бо­ты с ин­ци­ден­та­ми в MaxPatrol 10 со­сто­ит из сле­ду­ю­щих эта­пов:
Вы­яв­ле­ние ин­ци­ден­тов.
При­о­ри­ти­за­ция ин­ци­ден­тов.
Ана­лиз ин­ци­ден­та.
Рас­сле­до­ва­ние ин­ци­ден­та.
Вы­яв­ле­ние ин­ци­ден­тов
Цель эта­па: узнать о по­яв­ле­нии ин­ци­ден­та (если он со­здан ав­то­ма­ти­че­ски) или, если вы об­на­ру­жи­ли его са­мо­сто­я­тель­но, вне­сти ин­фор­ма­цию о нем в MaxPatrol 10.
Если ин­ци­дент был со­здан ав­то­ма­ти­че­ски, вы мо­же­те узнать об этом из уве­дом­ле­ния, при­шед­ше­го на вашу элек­трон­ную по­чту. Ста­тус со­здан­но­го ин­ци­ден­та в си­сте­ме —
Но­вый
.
Ин­ци­ден­ты со ста­ту­сом
Но­вый
пе­ре­хо­дят на сле­ду­ю­щий этап жиз­нен­но­го цик­ла в си­сте­ме — этап при­о­ри­ти­за­ции ин­ци­ден­тов.
При­о­ри­ти­за­ция ин­ци­ден­тов
Цель эта­па: вы­брать ин­ци­ден­ты, ко­то­рые вам нуж­но взять в ра­бо­ту в первую оче­редь.
Ваши дей­ствия:
От­сор­ти­ро­вать и от­филь­тро­вать ин­ци­ден­ты с по­мо­щью встро­ен­ных в MaxPatrol 10 ин­стру­мен­тов — сор­ти­ров­ки и филь­тра­ции:
Сор­ти­ров­ка ин­ци­ден­тов. Вы мо­же­те сор­ти­ро­вать ин­ци­ден­ты по па­ра­мет­рам: по вре­ме­ни со­зда­ния, по сте­пе­ни опас­но­сти, по ста­ту­су.
Филь­тра­ция ин­ци­ден­тов. Вы мо­же­те ис­поль­зо­вать стан­дарт­ные, вре­мен­ные или свои на­стро­ен­ные (поль­зо­ва­тель­ские) филь­тры, что­бы быст­ро най­ти нуж­ный вам ин­ци­дент или группу ин­ци­ден­тов по за­дан­ным па­ра­мет­рам.
Вы­пол­нить ди­а­гно­сти­ку ин­ци­ден­та. В ходе ди­а­гно­сти­ки вы долж­ны при­нять ре­ше­ние о том, ну­жен ли даль­ней­ший ана­лиз и рас­сле­до­ва­ние ин­ци­ден­та:
Если ин­ци­дент яв­ля­ет­ся лож­ным сра­ба­ты­ва­ни­ем, вы долж­ны из­ме­нить его ста­тус с
Но­вый
на
За­крыт
. Ин­ци­дент бу­дет хра­нить­ся в си­сте­ме со ста­ту­сом
За­крыт (лож­ное сра­ба­ты­ва­ние)
, из­ме­не­ние это­го ста­ту­са невоз­мож­но.
Если ин­ци­дент яв­ля­ет­ся ис­тин­ным (не лож­ным сра­ба­ты­ва­ни­ем), вы долж­ны из­ме­нить его ста­тус с
Но­вый
на
Утвер­жден
. Утвер­жден­ный ин­ци­дент пе­ре­хо­дит на сле­ду­ю­щий этап жиз­нен­но­го цик­ла ин­ци­ден­та в си­сте­ме — этап ана­ли­за.
Ана­лиз ин­ци­ден­та
Цель эта­па: рас­ши­рить кон­текст ин­ци­ден­та и при­нять ре­ше­ние, нуж­но ли даль­ней­шее рас­сле­до­ва­ние.
Ваши дей­ствия:
Про­ана­ли­зи­ро­вать свя­зи ин­ци­ден­та; со­бы­тия и ак­ти­вы, при­вя­зан­ные к ин­ци­ден­ту; дан­ные из кар­точ­ки.
При­нять ре­ше­ние, нуж­но ли даль­ней­шее рас­сле­до­ва­ние или ин­ци­дент был раз­ре­шен без ва­ше­го уча­стия:
Если ин­ци­дент был раз­ре­шен без ва­ше­го уча­стия (на­при­мер, был со­здан ин­ци­дент
Об­на­ру­же­ние ви­ру­са
, но к эта­пу ана­ли­за ан­ти­ви­рус уже успел уда­лить вре­до­нос­ное ПО), вы долж­ны из­ме­нить ста­тус ин­ци­ден­та с
Утвер­жден
на
За­крыт
.
Если нуж­но даль­ней­шее рас­сле­до­ва­ние, вы долж­ны из­ме­нить ста­тус ин­ци­ден­та с
Утвер­жден
на
В ра­бо­те
. Ин­ци­дент со ста­ту­сом
В ра­бо­те
пе­ре­хо­дит на сле­ду­ю­щий этап жиз­нен­но­го цик­ла в си­сте­ме — этап рас­сле­до­ва­ния.
На эта­пе рас­сле­до­ва­ния из­ме­не­ние на­зва­ния и опи­са­ния ста­ту­са ин­ци­ден­та ста­но­вит­ся недо­ступ­ным.
Рас­сле­до­ва­ние ин­ци­ден­та
Цель эта­па: опре­де­лить ис­точ­ник угроз, вы­явить об­сто­я­тель­ства, ко­то­рые при­ве­ли к воз­ник­но­ве­нию ин­ци­ден­та, со­брать до­ка­за­тель­ства ин­ци­ден­та, дать ре­ко­мен­да­ции по устра­не­нию ин­ци­ден­та и за­крыть ин­ци­дент.
Ваши дей­ствия:
Ка­те­го­ри­зи­ро­вать ин­ци­дент. Вы долж­ны оце­нить си­ту­а­цию и пред­ва­ри­тель­но при­сво­ить ин­ци­ден­ту ка­те­го­рию на ос­но­ве ин­фор­ма­ции, до­ступ­ной вам на мо­мент вы­яв­ле­ния ин­ци­ден­та: на­при­мер,
Уста­нов­ка за­пре­щен­но­го ПО
или
Утеч­ка дан­ных
.
Ло­ка­ли­зо­вать ин­ци­дент. Вы долж­ны про­смот­реть то­по­ло­гию ин­ци­ден­та и до­сти­жи­мо­сти, что­бы опре­де­лить, ка­кие ак­ти­вы во­вле­че­ны в ин­ци­дент.
По­ста­вить за­да­чи по ин­ци­ден­ту. Вы мо­же­те по­ста­вить за­да­чу на дру­го­го со­труд­ни­ка, что­бы при­влечь его к рас­сле­до­ва­нию ин­ци­ден­та, сбо­ру до­ка­за­тельств по ин­ци­ден­ту или вос­ста­нов­ле­нию ра­бо­то­спо­соб­но­сти си­сте­мы. В рам­ках рас­сле­до­ва­ния каж­до­го ин­ци­ден­та вы мо­же­те со­зда­вать несколь­ко за­дач.
Раз­ра­бо­тать план и при­нять меры по ин­ци­ден­ту. По­сле того, как вы ис­сле­до­ва­ли все об­сто­я­тель­ства ин­ци­ден­та, вам нуж­но раз­ра­бо­тать пла­ны и дать ре­ко­мен­да­ции во­вле­чен­ным в ин­ци­дент со­труд­ни­кам, что­бы предот­вра­тить по­втор­ное воз­ник­но­ве­ние вы­яв­лен­но­го ин­ци­ден­та. За­тем вы долж­ны из­ме­нить ста­тус ин­ци­ден­та с
В ра­бо­те
на
Раз­ре­шен
.
Про­кон­тро­ли­ро­вать ис­пол­не­ние ре­ко­мен­да­ций (оп­ци­о­наль­но):
Если ваши ре­ко­мен­да­ции вы­пол­не­ны, а ин­ци­дент и по­след­ствия устра­не­ны, вы долж­ны из­ме­нить ста­тус ин­ци­ден­та с
Раз­ре­шен
на
За­крыт
. При­ня­тые меры по ин­ци­ден­ту вам нуж­но за­фик­си­ро­вать в кар­точ­ке ин­ци­ден­та.
Если ваши ре­ко­мен­да­ции не вы­пол­не­ны либо при­ня­тых мер ока­за­лось недо­ста­точ­но и ин­ци­дент воз­ни­ка­ет по­втор­но, вы долж­ны из­ме­нить ста­тус ин­ци­ден­та с
Раз­ре­шен
на
В ра­бо­те
.
Но­вый
Утвер­жден
За­крыт
В ра­бо­те
Раз­ре­шен
Ста­ту­сы ин­ци­ден­та
В лю­бой мо­мент ра­бо­ты с ин­ци­ден­та­ми вы мо­же­те экс­пор­ти­ро­вать их в уни­фи­ци­ро­ван­ном фор­ма­те об­ме­на для по­сле­ду­ю­ще­го им­пор­та в дру­гие си­сте­мы.
Та­к­же вы мо­же­те про­смат­ри­вать клю­че­вые по­ка­за­те­ли ра­бо­ты по ин­ци­ден­там, на­при­мер от­сле­жи­вать ди­на­ми­ку по­яв­ле­ния ин­ци­ден­тов, как быст­ро они об­ра­ба­ты­ва­ют­ся, сколь­ко вре­ме­ни в сред­нем тра­тит­ся на устра­не­ние ин­ци­ден­та.
На стра­ни­це Ин­ци­ден­ты вы мо­же­те про­смат­ри­вать таб­ли­цу ин­ци­ден­тов и вы­пол­нять ти­по­вые дей­ствия с ин­ци­ден­та­ми.
Ошибки при просмотре событий
Выявление инцидентов",5,инцидента сбору доказательств инциденту восстановлению работоспособности системы рамках расследования каждого инцидента можете создавать несколько задач разработать план принять меры инциденту исследовали обстоятельства инцидента нужно разработать планы дать рекомендации вовлеченным инцидент сотрудникам предотвратить повторное возникновение выявленного инцидента затем должны изменить статус инцидента работе разрешен проконтролировать исполнение рекомендаций опционально ваши рекомендации выполнены инцидент последствия устранены должны изменить статус инцидента разрешен закрыт принятые меры инциденту нужно зафиксировать карточке инцидента ваши рекомендации выполнены либо принятых мер оказалось недостаточно инцидент возникает повторно должны изменить статус инцидента разрешен работе новый утвержден закрыт работе разрешен статусы инцидента любой момент работы инцидентами можете экспортировать унифицированном формате обмена последующего импорта другие системы также можете просматривать,"0.026111090555787086,-0.015462812967598438,-0.01272632833570242,0.042333487421274185,-0.01337157841771841,-0.024809878319501877,-0.012814429588615894,0.06799943745136261,0.019996842369437218,-0.000374562427168712,-0.019349731504917145,0.02101735584437847,-0.019928719848394394,0.03841933235526085,0.07117848098278046,0.005310026463121176,0.023114362731575966,-0.014607133343815804,-0.002436889335513115,0.003867115592584014,-0.0036221991758793592,0.0011525688460096717,-0.0009727833094075322,0.006821831688284874,-0.024187497794628143,0.014143888838589191,0.015365219675004482,-0.03788517042994499,0.029890667647123337,0.035471536219120026,0.022622594609856606,-0.018406856805086136,0.01756732538342476,-0.024164726957678795,-0.040238332003355026,-0.012820637784898281,-0.025242485105991364,-0.06089242920279503,-0.04000084474682808,0.03265973925590515,-0.024333644658327103,0.035809602588415146,0.01718299277126789,-0.00672267097979784,-0.006887138821184635,-0.025621989741921425,0.016921568661928177,-0.019649717956781387,-0.013561038300395012,-0.01163893099874258,-0.06630147993564606,0.01575673744082451,0.011035960167646408,-0.05703007057309151,0.009799634106457233,0.045669518411159515,-0.0017668441869318485,0.013630774803459644,-0.021621620282530785,0.04839576408267021,-0.04373842105269432,-0.004767789039760828,-0.02055186592042446,0.0010302610462531447,0.022384699434041977,0.039585549384355545,0.021182317286729813,0.00972470361739397,-0.008290030993521214,-0.02676747553050518,0.025125272572040558,0.014106460846960545,-0.014719953760504723,-0.0046549029648303986,-0.051704827696084976,0.01384030468761921,0.07268907129764557,-0.01590156741440296,0.020083757117390633,0.02373519353568554,-0.05894099920988083,0.029437867924571037,-0.011361991986632347,0.04241979122161865,0.0030626438092440367,-0.017861993983387947,0.00039972030208446085,0.05028557404875755,0.03233487531542778,-0.00943980272859335,0.009718007408082485,-0.013821610249578953,-0.0029044942930340767,-0.04081697762012482,0.00039989087963476777,-0.016982367262244225,-0.008309571072459221,0.01000056229531765,0.04477875307202339,0.008157346397638321,0.07058925181627274,0.0030225454829633236,0.0064827739261090755,-0.04052093252539635,0.022876698523759842,-0.010069014504551888,0.05314965918660164,0.03415893018245697,0.014071325771510601,-0.023117326200008392,0.003375948639586568,0.010505632497370243,-0.023253576830029488,0.008750922977924347,0.015370065346360207,-0.013198286294937134,0.026285836473107338,-0.008473636582493782,0.008440249599516392,-0.002876671263948083,0.016759034246206284,0.02356709912419319,0.07660801708698273,0.019115658476948738,-0.060766395181417465,-0.003211870789527893,0.00925696361809969,0.014949758537113667,0.028886402025818825,-0.003394323866814375,0.018417838960886,0.05883427709341049,-0.018418937921524048,0.015859872102737427,-0.04092937335371971,-0.005315268877893686,-0.022311322391033173,0.049942854791879654,-0.007354499772191048,-0.03309743478894234,0.03415580466389656,0.018912633880972862,-0.04310714825987816,0.008947665803134441,-0.001544064492918551,-0.03630860149860382,0.05794594809412956,-0.007051523309201002,0.027012715116143227,-0.03228934109210968,0.006384288426488638,0.009164301678538322,-0.0220443457365036,0.05456533282995224,0.059195972979068756,-0.03927365690469742,0.004782399162650108,-0.01229366660118103,0.021769175305962563,-0.0007498916820622981,-0.006998385768383741,-0.010285546071827412,-0.02951103448867798,0.03339293599128723,0.03897833079099655,-0.0150693878531456,-0.05130010098218918,-0.018062615767121315,-0.02276824228465557,-0.037136003375053406,0.04190918803215027,-0.02304912358522415,0.029410470277071,0.013214180245995522,-0.01161204930394888,0.00813425425440073,0.06034885719418526,0.015146066434681416,0.0031920704059302807,-0.03166618198156357,0.009464745409786701,0.03383563458919525,0.010459616780281067,-0.0352180078625679,-0.01434148009866476,0.047494325786828995,-0.028197625651955605,-0.00875193253159523,0.01210879348218441,0.03075842373073101,-0.010239680297672749,-0.03953542187809944,0.05636344850063324,0.012895559892058372,0.019093552604317665,-0.04640255868434906,0.02850431390106678,0.042276207357645035,0.0035712276585400105,0.0054695275612175465,-0.05303094908595085,0.04351360723376274,0.01987384259700775,0.008511538617312908,-0.04244788736104965,0.018728332594037056,0.004602322354912758,-0.02725004032254219,0.04512513428926468,-0.06608652323484421,-0.03155309334397316,-0.003705014940351248,-0.0426391065120697,0.0279957577586174,-0.03672270476818085,0.021940328180789948,0.0015522546600550413,0.03696293383836746,-0.010528218932449818,-0.04183980077505112,0.004034744575619698,0.04310201480984688,-0.03426999971270561,-0.015885433182120323,-0.018825791776180267,0.01465689018368721,-0.008253071457147598,0.029263684526085854,0.036853235214948654,0.0015198438195511699,0.0023108008317649364,0.025254257023334503,0.018628496676683426,-0.029448015615344048,-0.0016837280709296465,-0.008080094121396542,0.010836616158485413,-0.012970473617315292,0.002390354871749878,-0.003431967692449689,0.010498045943677425,-0.06139626353979111,0.036954622715711594,0.006894127000123262,-0.032016459852457047,-0.05314423516392708,0.006935453042387962,-0.005438115913420916,-0.03807085007429123,-0.048402633517980576,-0.03313107416033745,0.005410289391875267,-0.046431202441453934,0.0012028267374262214,0.0009168001706711948,-0.016416043043136597,0.011360627599060535,0.002281828550621867,-0.010701886378228664,0.033086780458688736,-0.028627406805753708,0.0395476408302784,-0.007024679332971573,-0.0019011831609532237,0.00992885883897543,-0.017276717349886894,-0.003342132782563567,-0.018294362351298332,-0.02629311941564083,0.005955677479505539,-0.03470608592033386,-0.0134893162176013,0.02057580091059208,-0.0137461693957448,-0.038658615201711655,0.01863211579620838,-0.03404046595096588,-0.023152893409132957,0.11683521419763565,0.01278744451701641,-0.020183274522423744,-0.025254767388105392,0.02292424440383911,-0.01466863602399826,0.01493608858436346,0.022953758016228676,-0.043338775634765625,-0.03687535226345062,0.01671767421066761,0.007345785852521658,0.006573858205229044,0.013131625950336456,0.06599019467830658,0.0007644794532097876,0.028373543173074722,0.06639217585325241,0.012553614564239979,-0.15246076881885529,-0.02337358146905899,0.010676557198166847,0.03595547750592232,-0.01708504557609558,-0.0027365011628717184,-0.015168854035437107,-0.007206935901194811,-0.06067805364727974,0.059772830456495285,-0.014791079796850681,-0.048559438437223434,0.004466605838388205,0.007028559688478708,0.0038459713105112314,-0.0010399188613519073,-0.04103931784629822,0.005314662121236324,-0.03086610697209835,-0.03441114351153374,-0.06675463169813156,-0.0252649188041687,0.03191177546977997,-0.00384105509147048,-0.053742170333862305,-0.02092631906270981,0.014942456036806107,-0.010170048102736473,0.004489126615226269,-0.005621362943202257,-0.03416290506720543,0.02661692164838314,-0.005340841598808765,0.029156247153878212,-0.007431704550981522,-0.0007098809583112597,-0.0027399221435189247,-0.011103599332273006,0.04988159239292145,0.0076928879134356976,0.04640292748808861,0.021014893427491188,0.0008159267599694431,-0.007918572053313255,-0.012368123978376389,0.013238382525742054,0.018814735114574432,-0.016285350546240807,-0.03373788297176361,-0.028037676587700844,-0.04471829906105995,-0.04105423763394356,-0.018543219193816185,-0.0021306576672941446,-0.02422722987830639,-0.018876826390624046,-0.004262599628418684,0.014898186549544334,0.002180853160098195,-0.027105219662189484,0.01953713782131672,-0.0663723275065422,-0.03317565843462944,0.003823482431471348,0.017836758866906166,-0.02812984399497509,0.03698867931962013,0.015499027445912361,-0.0021298688370734453,-0.014083914458751678,0.021100793033838272,-0.07335610687732697,0.026432814076542854,0.009050300344824791,-0.012352398596704006,-0.006407646927982569,-0.054010599851608276,-0.012505161575973034,0.006546433083713055,-0.08951934427022934,-0.028665414080023766,-0.008130146190524101,-0.007630033418536186,0.010857818648219109,-0.0006782006821595132,-0.012084577232599258,0.005949970800429583,0.01028068084269762,0.018829669803380966,0.2538674771785736,-0.02162794955074787,-0.007857094518840313,-0.008731448091566563,0.014217384159564972,-0.02031519263982773,0.021815655753016472,0.06347446888685226,0.056719571352005005,-0.03117399848997593,-0.0095730135217309,0.008834398351609707,0.024288659915328026,0.02082773484289646,-0.0072784884832799435,-0.021658409386873245,-0.0350177176296711,-0.008538574911653996,0.0646819993853569,-0.01744503155350685,0.05794334039092064,-0.03106960840523243,-0.006610368378460407,-0.0019160336814820766,-0.07015194743871689,-0.0112667977809906,-0.013588927686214447,0.020052900537848473,-0.02215379662811756,0.026341646909713745,-0.06286972761154175,0.03877414017915726,0.058637719601392746,-0.010251173749566078,-0.047311775386333466,0.02464153990149498,0.01957937888801098,-0.028758496046066284,-0.00202473858371377,0.015745418146252632,0.0013855661964043975,-0.018300175666809082,0.022377558052539825,-0.009144151583313942,0.038784630596637726,-0.004013963043689728,0.005872275214642286,0.004980622325092554,0.002051565796136856,0.007033596746623516,0.0008218460716307163,-0.018967553973197937,0.024413812905550003,-0.015295281074941158,-0.01207115687429905,-0.020724941045045853,-0.012736668810248375,0.013602751307189465,0.01364284846931696,0.014123760163784027,0.019092272967100143,0.0035919572692364454,-0.059661995619535446,0.013847962021827698,-0.03005690686404705,0.01655331254005432,-0.00373839121311903,-0.030256353318691254,0.02126655913889408,0.020882420241832733,0.006975578144192696,0.05250568315386772,0.025853395462036133,-0.018869712948799133,-0.007535917218774557,-0.014080021530389786,0.030607638880610466,0.03090434893965721,-0.025638002902269363,0.0321490541100502,-0.03331827372312546,-0.0014717763988301158,-0.02556130848824978,0.001479573780670762,0.02172156237065792,-0.008234749548137188,0.014113466255366802,0.09051975607872009,0.025221548974514008,0.027365773916244507,-8.046685252338648e-05,-0.004205407574772835,-0.03332335501909256,0.03392864391207695,-0.008917028084397316,0.027582082897424698,-0.01902785524725914,-0.04349628463387489,-0.023598257452249527,0.0018411182099953294,-0.02843354642391205,-0.027817098423838615,0.006953737698495388,-0.014570868574082851,0.024375880137085915,-0.02935841865837574,-0.011795390397310257,-0.012206263840198517,0.04553622379899025,0.05186614766716957,-0.06877487897872925,-0.011043224483728409,-0.00022084187366999686,-0.03577937185764313,-0.0028487853705883026,0.04040701314806938,0.03816453740000725,0.03492911159992218,0.0040981885977089405,0.028031766414642334,-0.04741969332098961,0.05796900764107704,-0.01752633787691593,0.03820866718888283,-0.006317576393485069,-0.04414091631770134,-0.04759626463055611,0.006876159925013781,-0.012365031987428665,0.06545381247997284,0.038740020245313644,0.006884017959237099,0.032657671719789505,0.010759364813566208,0.016671111807227135,-0.002771544037386775,0.039377547800540924,0.0024085193872451782,0.04816165938973427,0.08350209891796112,-0.01565728522837162,0.009162472561001778,-0.05942282825708389,0.0183703675866127,0.010813341476023197,0.011604711413383484,-0.052529118955135345,-0.00566641241312027,-0.052459727972745895,-0.002762172371149063,-0.006891862954944372,-0.004263774491846561,0.005189141258597374,-0.006713543552905321,-0.0049158791080117226,-0.026110168546438217,-0.008075221441686153,-0.02521830052137375,-0.009124644100666046,-0.0054325140081346035,-0.024544574320316315,0.021380649879574776,0.007384470663964748,0.068155936896801,-0.000464592594653368,0.027799613773822784,0.0167476087808609,0.002649902366101742,0.0062668053433299065,-0.003317814553156495,0.0014656969578936696,0.003158673644065857,-0.03270683065056801,-0.007417192682623863,0.015141516923904419,-0.005663192365318537,-0.01783032715320587,0.02697944827377796,0.023066163063049316,0.0004360225866548717,-0.013660593889653683,-0.0300118550658226,-0.025832965970039368,-0.0059052458964288235,0.04081607982516289,-0.013866915367543697,-0.0151822529733181,-0.0021931463852524757,-0.0009080850286409259,-0.054500747472047806,-0.032704275101423264,0.1593247950077057,-0.003982911352068186,0.003268137574195862,0.013302434235811234,0.01793518476188183,0.06678219139575958,0.037622224539518356,0.03393464535474777,0.00537461694329977,-0.04458337649703026,0.015267071314156055,0.03684799745678902,0.020004969090223312,0.006114208605140448,0.02816881611943245,-0.015841389074921608,0.029861057177186012,-0.012471565045416355,0.031632889062166214,0.02263575792312622,0.011787530034780502,-0.03964075446128845,0.002714057918637991,-0.012994296848773956,-0.005627108737826347,0.07475653290748596,0.017628207802772522,0.0021883456502109766,-0.021896131336688995,0.037373967468738556,-0.00624174764379859,0.02790798246860504,-0.023203104734420776,-0.016309967264533043,0.020647266879677773,0.021686391904950142,-0.03835040330886841,-0.015720317140221596,-0.025094807147979736,-0.0054508354514837265,-0.014799455180764198,0.012016341090202332,-0.003748867893591523,-0.009697547182440758,0.0203971229493618,0.0336853452026844,0.009272833354771137,-0.018493112176656723,-0.020041251555085182,0.005494162905961275,-0.044871821999549866,0.017533564940094948,0.04636368155479431,0.019267156720161438,0.02202562987804413,0.016672074794769287,-0.02238510362803936,0.016450291499495506,0.038770727813243866,0.04911242052912712,-0.042362894862890244,0.013969792053103447,-0.05507265776395798,0.009559640660881996,0.04610206186771393,-0.032822929322719574,0.03670179843902588,-0.018770702183246613,-0.0485423319041729,-0.012475802563130856,0.0312153659760952,-7.312996604014188e-05,-0.020179087296128273,0.01433095894753933,-0.05614641681313515,-0.004869522992521524,0.01543359737843275,-0.05744820460677147,-0.021893436089158058,-0.015491662546992302,-0.006446079816669226,0.020791303366422653,-0.002076013945043087,-0.006377164274454117,-0.009412413462996483,-0.017837118357419968,0.024757977575063705,0.01398694422096014,-0.01363400649279356,-0.05099177360534668,-0.015131315216422081,0.008256863802671432,-0.014295859262347221,-0.020397990942001343,-0.04608362168073654,0.032718222588300705,0.00413553649559617,-0.011429520323872566,-0.004477755632251501,0.02478153631091118,0.05261452868580818,-0.005499048624187708,0.031039593741297722,0.0016801842721179128,-0.008940866217017174,0.007259075529873371,0.06371358036994934,-0.04957825317978859,0.01253211498260498,-0.009708634577691555,-0.04275462403893471,0.030046729370951653,0.00477910740301013,-0.0390021987259388,0.008098718710243702,-0.047386087477207184,-0.0019152146996930242,0.018947599455714226,0.03765841946005821,-0.03073829598724842,-0.1421293467283249,0.029976338148117065,0.02766827493906021,0.013510569930076599,-0.012998494319617748,0.04907425865530968,-0.04402773082256317,-0.006557802204042673,-0.0009796485537663102,-0.020856326445937157,-0.002672189148142934,-0.02975580468773842,0.032690662890672684,-0.03191452473402023,0.04242769256234169,-0.02580137550830841,-0.050265174359083176,-0.016030889004468918,-0.025505200028419495,-0.02568748965859413,0.004224853590130806,-0.00782692339271307,-0.028124995529651642,0.022965462878346443,-0.02862127497792244,0.014284324832260609,-0.00032322591869160533,0.03841631859540939,-0.043642304837703705,0.03281279653310776,-0.051427364349365234,0.06552368402481079,-0.03753824159502983,0.0017243323381990194,-0.011006337590515614,0.00948803685605526,0.011564701795578003,-0.033048924058675766,-0.0012238920899108052,0.00015392148634418845,-0.013499638065695763,0.01525485422462225,-0.0629877895116806,0.014161358587443829,-0.007090345956385136,0.020181506872177124,0.034548576921224594,0.06598078459501266,0.04847649857401848,-0.020529473200440407,0.04710898920893669,-0.009009734727442265,-0.04319222271442413,-0.022015444934368134,0.012209762819111347,0.008851044811308384,0.012037665583193302,-0.030841054394841194,-0.014108152128756046,0.007609378080815077,-0.0006218659691512585,0.004410517401993275,-0.024808943271636963,-0.03258634731173515,0.0425039678812027,-0.022728193551301956,0.0015620782505720854,0.016822757199406624,0.05134676396846771,-0.016400855034589767,-0.003175408346578479,-0.044192124158144,-0.03136598691344261,-0.05267089977860451,-0.013215288519859314,-0.05396772548556328,0.04439592361450195,0.0034113184083253145,-0.010331394150853157,0.001724878791719675,0.01053574774414301,-0.03407766669988632,0.03421466797590256,-0.14710727334022522,0.006442432291805744,0.03578079864382744,0.03333862125873566,-0.01156657375395298,-0.004909090232104063,-0.023951323702931404,-0.03731430321931839,-0.00734015554189682,-0.005453689489513636,-0.02026427909731865,-0.03939104452729225,0.04869652912020683,-0.0068521746434271336,0.002747655613347888,0.04056088998913765,-0.0186128132045269,-0.04313550516963005,0.015010464936494827,0.005800824612379074,0.003002576995640993,-0.002693330403417349,-0.025066932663321495,-0.01619095914065838,-0.0010686758905649185,-0.02283582277595997,0.03489388898015022,-0.019074756652116776,-0.014833036810159683,-0.01594100333750248,-0.014551644213497639,-0.05306364595890045,0.01012433972209692,0.01884576864540577,0.014471219852566719,-0.023500440642237663,-0.00881585106253624,0.0022323313169181347,-0.0357726588845253,-0.030456097796559334,-0.007660574279725552,-0.004641302395612001,-0.014260657131671906,0.0037365700118243694,0.037327297031879425,0.048025306314229965,-0.01878560706973076,0.0036936525721102953,-0.033991508185863495,-0.02191704511642456,0.0019832472316920757,0.02531358413398266,-0.06460016965866089,0.03875625506043434,-0.00010988354188157246,0.028974389657378197,-0.014320588670670986,-0.023345867171883583,-0.03182550147175789,0.037419408559799194,-0.037442270666360855,0.037548113614320755,-0.023725410923361778,-0.04017067700624466,0.042175572365522385,0.01598423719406128,-0.015607606619596481,0.007410537917166948,-0.0017444845288991928,-0.010648244060575962,-0.0237727127969265,0.010091109201312065,-0.002506892429664731,0.01974121667444706,-0.013005362823605537,0.005853200331330299,-0.013271269388496876,-0.01990887150168419,-0.008685190230607986,-0.023027416318655014,-0.030108952894806862,-0.02525906264781952,-0.03298049792647362,-0.03532751277089119,0.054059021174907684,-0.017547883093357086,-0.019813179969787598,-0.021599287167191505,-0.03673255443572998,-0.057072561234235764,-0.017870867624878883,-0.04189593717455864,0.018233725801110268,0.01568102091550827,0.01631607487797737,0.005130816716700792,-0.003037512768059969,-0.012406373396515846,-0.004623116459697485,-0.011050519533455372,-0.019761823117733,-0.0737856775522232,0.030743157491087914,-0.0034317586105316877,-0.030352605506777763,0.05068160593509674,0.015785222873091698,0.010378116741776466,0.00019297568360343575,0.006052160169929266,-0.002897599944844842,0.0025693760253489017,-0.062231678515672684,0.006757285445928574,-0.053036268800497055,0.00376067403703928,0.012182880192995071,0.058605264872312546,0.021571114659309387,0.02108863741159439,0.032697781920433044,-0.050943486392498016,-0.005655017215758562,-0.03324141353368759,-0.004007024224847555,0.0218306016176939,0.051608726382255554,0.021402500569820404,-0.029239889234304428,0.018438376486301422,-0.008082315325737,-0.03890242055058479,-0.03147583454847336,0.002928622532635927,0.015268562361598015,0.012678658589720726,-0.032584406435489655,0.035029057413339615,-0.03402184322476387,-0.013583840802311897,-0.0025910083204507828,-0.049190931022167206,-0.012468812987208366,-0.05908682197332382,0.012884093448519707,-0.015829889103770256,-0.016224496066570282,-0.003092658706009388,-0.010794321075081825,-0.059049420058727264,0.0032411569263786077,0.034242965281009674,-0.004372749011963606,0.07768888026475906,-0.021345918998122215,-0.017133062705397606,-0.04452322795987129,0.023919014260172844,-0.01454115193337202,0.056185148656368256,-0.01864246092736721,-0.007319027092307806,-0.04444094002246857,-0.013486390933394432,-0.03226004168391228,0.03050004132091999,-0.03717980533838272,0.008472160436213017,-0.04231877624988556,-0.01211958471685648,-0.016538986936211586,0.00851370394229889,-0.02787691541016102,-0.014116116799414158,0.018990568816661835,-0.020003091543912888,-0.00289557664655149,0.014307711273431778,-0.0036797565408051014,0.03343302384018898,0.02482396364212036,0.010863685049116611,0.01730300858616829,0.005799130070954561,0.025239616632461548,0.014549080282449722,0.020450448617339134,0.03855770453810692,-0.0008208523504436016,-0.03051343932747841,0.02106955647468567,-0.034127458930015564,0.01356920599937439,-0.030218562111258507,0.04910602420568466,-0.022473368793725967,0.029901808127760887,0.0018741219537332654,0.011727492325007915,0.02809271030128002,-0.05990459397435188,0.00014490613830275834,0.007112845312803984,0.028960827738046646,-0.0319410003721714,0.01836102455854416,0.02502576820552349,0.014492260292172432,0.017721062526106834,0.0015448374906554818,-0.0008977183024398983,0.00392274372279644,0.0034666620194911957,0.0020893372129648924,0.0032528601586818695,-0.015573262237012386,0.01062157191336155,0.06267879903316498,0.003073948435485363,-0.006556294858455658,0.008889571763575077,0.04280124977231026,0.015399814583361149,-0.025039082393050194,-0.0352480448782444,-0.0029356596060097218,0.022738942876458168,0.015272866934537888,-0.013879233971238136,0.010790952481329441,-0.04298203065991402,-0.008147629909217358,-0.04521719738841057,-0.009891889989376068,0.04727354645729065,-0.00026026376872323453,-0.09366835653781891,-0.00035664442111738026,-0.02781490609049797,0.04728004336357117,-0.017890704795718193,-0.01619855687022209,0.04452363774180412,-0.01316373236477375"
https://help.ptsecurity.com/ru-RU/projects/mp10/27.4/help/702318859,https://help.ptsecurity.com/ru-RU/projects/mp10/27.4/help/702318859,Работа с инцидентами · MaxPatrol 10 · Справочный портал,"Ра­бо­та с ин­ци­ден­та­ми
В этой статье
Выявление инцидентов
Приоритизация инцидентов
Анализ инцидента
Расследование инцидента
MaxPatrol 10 по­мо­га­ет вам вы­яв­лять и рас­сле­до­вать ин­ци­ден­ты ин­фор­ма­ци­он­ной без­опас­но­сти.
Ин­ци­дент ин­фор­ма­ци­он­ной без­опас­но­сти (та­к­же ин­ци­дент) — это одно или несколь­ко неже­ла­тель­ных или неожи­дан­ных со­бы­тий, ко­то­рые мо­гут по­вли­ять на ин­фор­ма­ци­он­ную без­опас­ность ор­га­ни­за­ции.
При­ме­ра­ми ин­ци­ден­тов ИБ мо­гут слу­жить:
несанк­ци­о­ни­ро­ван­ное из­ме­не­ние дан­ных;
уста­нов­ка за­пре­щен­но­го ПО;
об­на­ру­же­ние ви­ру­са;
ска­ни­ро­ва­ние сети;
спам;
утеч­ка дан­ных.
MaxPatrol 10 пред­на­зна­чен для вы­яв­ле­ния ин­ци­ден­тов и по­мо­га­ет ана­ли­зи­ро­вать и рас­сле­до­вать ин­ци­ден­ты, а та­к­же хра­нить ин­фор­ма­цию о них.
MaxPatrol 10 ска­ни­ру­ет IT-ин­фра­струк­ту­ру ор­га­ни­за­ции с по­мо­щью мо­ду­лей и со­би­ра­ет ин­фор­ма­цию, на ос­но­ве ко­то­рой фор­ми­ру­ет внут­рен­нюю мо­дель ак­ти­вов.
На ос­но­ве ана­ли­за со­бы­тий MaxPatrol 10 ав­то­ма­ти­че­ски ре­ги­стри­ру­ет ин­ци­ден­ты ин­фор­ма­ци­он­ной без­опас­но­сти. Та­к­же вы мо­же­те за­ре­ги­стри­ро­вать их вруч­ную.
MaxPatrol 10 по­мо­га­ет вам точ­но и быст­ро ре­а­ги­ро­вать на ин­ци­ден­ты, что поз­во­лит в крат­чай­шие сро­ки вос­ста­но­вить ра­бо­то­спо­соб­ность IT-ин­фра­струк­ту­ры ор­га­ни­за­ции и све­сти к ми­ни­му­му небла­го­при­ят­ное вли­я­ние ин­ци­ден­тов на IT-ин­фра­струк­ту­ру ор­га­ни­за­ции.
Про­цесс ра­бо­ты с ин­ци­ден­та­ми в MaxPatrol 10 со­сто­ит из сле­ду­ю­щих эта­пов:
Вы­яв­ле­ние ин­ци­ден­тов.
При­о­ри­ти­за­ция ин­ци­ден­тов.
Ана­лиз ин­ци­ден­та.
Рас­сле­до­ва­ние ин­ци­ден­та.
Вы­яв­ле­ние ин­ци­ден­тов
Цель эта­па: узнать о по­яв­ле­нии ин­ци­ден­та (если он со­здан ав­то­ма­ти­че­ски) или, если вы об­на­ру­жи­ли его са­мо­сто­я­тель­но, вне­сти ин­фор­ма­цию о нем в MaxPatrol 10.
Если ин­ци­дент был со­здан ав­то­ма­ти­че­ски, вы мо­же­те узнать об этом из уве­дом­ле­ния, при­шед­ше­го на вашу элек­трон­ную по­чту. Ста­тус со­здан­но­го ин­ци­ден­та в си­сте­ме —
Но­вый
.
Ин­ци­ден­ты со ста­ту­сом
Но­вый
пе­ре­хо­дят на сле­ду­ю­щий этап жиз­нен­но­го цик­ла в си­сте­ме — этап при­о­ри­ти­за­ции ин­ци­ден­тов.
При­о­ри­ти­за­ция ин­ци­ден­тов
Цель эта­па: вы­брать ин­ци­ден­ты, ко­то­рые вам нуж­но взять в ра­бо­ту в первую оче­редь.
Ваши дей­ствия:
От­сор­ти­ро­вать и от­филь­тро­вать ин­ци­ден­ты с по­мо­щью встро­ен­ных в MaxPatrol 10 ин­стру­мен­тов — сор­ти­ров­ки и филь­тра­ции:
Сор­ти­ров­ка ин­ци­ден­тов. Вы мо­же­те сор­ти­ро­вать ин­ци­ден­ты по па­ра­мет­рам: по вре­ме­ни со­зда­ния, по сте­пе­ни опас­но­сти, по ста­ту­су.
Филь­тра­ция ин­ци­ден­тов. Вы мо­же­те ис­поль­зо­вать стан­дарт­ные, вре­мен­ные или свои на­стро­ен­ные (поль­зо­ва­тель­ские) филь­тры, что­бы быст­ро най­ти нуж­ный вам ин­ци­дент или группу ин­ци­ден­тов по за­дан­ным па­ра­мет­рам.
Вы­пол­нить ди­а­гно­сти­ку ин­ци­ден­та. В ходе ди­а­гно­сти­ки вы долж­ны при­нять ре­ше­ние о том, ну­жен ли даль­ней­ший ана­лиз и рас­сле­до­ва­ние ин­ци­ден­та:
Если ин­ци­дент яв­ля­ет­ся лож­ным сра­ба­ты­ва­ни­ем, вы долж­ны из­ме­нить его ста­тус с
Но­вый
на
За­крыт
. Ин­ци­дент бу­дет хра­нить­ся в си­сте­ме со ста­ту­сом
За­крыт (лож­ное сра­ба­ты­ва­ние)
, из­ме­не­ние это­го ста­ту­са невоз­мож­но.
Если ин­ци­дент яв­ля­ет­ся ис­тин­ным (не лож­ным сра­ба­ты­ва­ни­ем), вы долж­ны из­ме­нить его ста­тус с
Но­вый
на
Утвер­жден
. Утвер­жден­ный ин­ци­дент пе­ре­хо­дит на сле­ду­ю­щий этап жиз­нен­но­го цик­ла ин­ци­ден­та в си­сте­ме — этап ана­ли­за.
Ана­лиз ин­ци­ден­та
Цель эта­па: рас­ши­рить кон­текст ин­ци­ден­та и при­нять ре­ше­ние, нуж­но ли даль­ней­шее рас­сле­до­ва­ние.
Ваши дей­ствия:
Про­ана­ли­зи­ро­вать свя­зи ин­ци­ден­та; со­бы­тия и ак­ти­вы, при­вя­зан­ные к ин­ци­ден­ту; дан­ные из кар­точ­ки.
При­нять ре­ше­ние, нуж­но ли даль­ней­шее рас­сле­до­ва­ние или ин­ци­дент был раз­ре­шен без ва­ше­го уча­стия:
Если ин­ци­дент был раз­ре­шен без ва­ше­го уча­стия (на­при­мер, был со­здан ин­ци­дент
Об­на­ру­же­ние ви­ру­са
, но к эта­пу ана­ли­за ан­ти­ви­рус уже успел уда­лить вре­до­нос­ное ПО), вы долж­ны из­ме­нить ста­тус ин­ци­ден­та с
Утвер­жден
на
За­крыт
.
Если нуж­но даль­ней­шее рас­сле­до­ва­ние, вы долж­ны из­ме­нить ста­тус ин­ци­ден­та с
Утвер­жден
на
В ра­бо­те
. Ин­ци­дент со ста­ту­сом
В ра­бо­те
пе­ре­хо­дит на сле­ду­ю­щий этап жиз­нен­но­го цик­ла в си­сте­ме — этап рас­сле­до­ва­ния.
На эта­пе рас­сле­до­ва­ния из­ме­не­ние на­зва­ния и опи­са­ния ста­ту­са ин­ци­ден­та ста­но­вит­ся недо­ступ­ным.
Рас­сле­до­ва­ние ин­ци­ден­та
Цель эта­па: опре­де­лить ис­точ­ник угроз, вы­явить об­сто­я­тель­ства, ко­то­рые при­ве­ли к воз­ник­но­ве­нию ин­ци­ден­та, со­брать до­ка­за­тель­ства ин­ци­ден­та, дать ре­ко­мен­да­ции по устра­не­нию ин­ци­ден­та и за­крыть ин­ци­дент.
Ваши дей­ствия:
Ка­те­го­ри­зи­ро­вать ин­ци­дент. Вы долж­ны оце­нить си­ту­а­цию и пред­ва­ри­тель­но при­сво­ить ин­ци­ден­ту ка­те­го­рию на ос­но­ве ин­фор­ма­ции, до­ступ­ной вам на мо­мент вы­яв­ле­ния ин­ци­ден­та: на­при­мер,
Уста­нов­ка за­пре­щен­но­го ПО
или
Утеч­ка дан­ных
.
Ло­ка­ли­зо­вать ин­ци­дент. Вы долж­ны про­смот­реть то­по­ло­гию ин­ци­ден­та и до­сти­жи­мо­сти, что­бы опре­де­лить, ка­кие ак­ти­вы во­вле­че­ны в ин­ци­дент.
По­ста­вить за­да­чи по ин­ци­ден­ту. Вы мо­же­те по­ста­вить за­да­чу на дру­го­го со­труд­ни­ка, что­бы при­влечь его к рас­сле­до­ва­нию ин­ци­ден­та, сбо­ру до­ка­за­тельств по ин­ци­ден­ту или вос­ста­нов­ле­нию ра­бо­то­спо­соб­но­сти си­сте­мы. В рам­ках рас­сле­до­ва­ния каж­до­го ин­ци­ден­та вы мо­же­те со­зда­вать несколь­ко за­дач.
Раз­ра­бо­тать план и при­нять меры по ин­ци­ден­ту. По­сле того, как вы ис­сле­до­ва­ли все об­сто­я­тель­ства ин­ци­ден­та, вам нуж­но раз­ра­бо­тать пла­ны и дать ре­ко­мен­да­ции во­вле­чен­ным в ин­ци­дент со­труд­ни­кам, что­бы предот­вра­тить по­втор­ное воз­ник­но­ве­ние вы­яв­лен­но­го ин­ци­ден­та. За­тем вы долж­ны из­ме­нить ста­тус ин­ци­ден­та с
В ра­бо­те
на
Раз­ре­шен
.
Про­кон­тро­ли­ро­вать ис­пол­не­ние ре­ко­мен­да­ций (оп­ци­о­наль­но):
Если ваши ре­ко­мен­да­ции вы­пол­не­ны, а ин­ци­дент и по­след­ствия устра­не­ны, вы долж­ны из­ме­нить ста­тус ин­ци­ден­та с
Раз­ре­шен
на
За­крыт
. При­ня­тые меры по ин­ци­ден­ту вам нуж­но за­фик­си­ро­вать в кар­точ­ке ин­ци­ден­та.
Если ваши ре­ко­мен­да­ции не вы­пол­не­ны либо при­ня­тых мер ока­за­лось недо­ста­точ­но и ин­ци­дент воз­ни­ка­ет по­втор­но, вы долж­ны из­ме­нить ста­тус ин­ци­ден­та с
Раз­ре­шен
на
В ра­бо­те
.
Но­вый
Утвер­жден
За­крыт
В ра­бо­те
Раз­ре­шен
Ста­ту­сы ин­ци­ден­та
В лю­бой мо­мент ра­бо­ты с ин­ци­ден­та­ми вы мо­же­те экс­пор­ти­ро­вать их в уни­фи­ци­ро­ван­ном фор­ма­те об­ме­на для по­сле­ду­ю­ще­го им­пор­та в дру­гие си­сте­мы.
Та­к­же вы мо­же­те про­смат­ри­вать клю­че­вые по­ка­за­те­ли ра­бо­ты по ин­ци­ден­там, на­при­мер от­сле­жи­вать ди­на­ми­ку по­яв­ле­ния ин­ци­ден­тов, как быст­ро они об­ра­ба­ты­ва­ют­ся, сколь­ко вре­ме­ни в сред­нем тра­тит­ся на устра­не­ние ин­ци­ден­та.
На стра­ни­це Ин­ци­ден­ты вы мо­же­те про­смат­ри­вать таб­ли­цу ин­ци­ден­тов и вы­пол­нять ти­по­вые дей­ствия с ин­ци­ден­та­ми.
Ошибки при просмотре событий
Выявление инцидентов",6,утвержден закрыт работе разрешен статусы инцидента любой момент работы инцидентами можете экспортировать унифицированном формате обмена последующего импорта другие системы также можете просматривать ключевые показатели работы инцидентам например отслеживать динамику появления инцидентов быстро обрабатываются сколько времени среднем тратится устранение инцидента странице инциденты можете просматривать таблицу инцидентов выполнять типовые действия инцидентами ошибки просмотре событий выявление инцидентов,"0.025215724483132362,-0.011089292354881763,-0.03969424217939377,0.04712165519595146,-0.022643746808171272,0.005285354796797037,-0.025495382025837898,0.04930957779288292,0.02801329828798771,0.004157119430601597,-0.030356034636497498,-0.003320134710520506,0.00024364734417758882,0.04790933430194855,0.0678831934928894,0.035248663276433945,-5.254719144431874e-05,-0.0025316516403108835,-0.0020664238836616278,0.019360965117812157,-0.030688755214214325,0.03340575098991394,0.009513757191598415,-0.012639300897717476,-0.025850161910057068,0.01872563175857067,-0.0012194382725283504,-0.02963085286319256,0.036381788551807404,0.043966151773929596,0.024613725021481514,0.01476603839546442,0.032729241997003555,-0.02084413915872574,-0.07538076490163803,-0.008056488819420338,-0.04407595470547676,-0.06383498013019562,-0.03987849876284599,0.07156932353973389,-0.028631364926695824,0.014651132747530937,0.023703427985310555,-0.03972470015287399,0.012769659049808979,-0.028164580464363098,0.012165025807917118,-0.015999002382159233,-0.04347077012062073,-0.017493408173322678,-0.04115735739469528,-0.03481635823845863,0.008823176845908165,-0.03340783342719078,-0.006367489229887724,0.043583016842603683,-0.01943402923643589,0.005909379106014967,-0.012601598165929317,0.05495856702327728,-0.024457382038235664,0.01405112911015749,0.0315924771130085,-0.010859785601496696,-0.0005671681137755513,0.037815846502780914,0.00902080163359642,0.023472042754292488,-0.02249014563858509,-0.024539943784475327,0.022312423214316368,0.006313645746558905,0.002314405981451273,0.005407807417213917,-0.03909749537706375,0.029241172596812248,0.07264304161071777,0.00020632988889701664,0.03817268833518028,0.003966073971241713,-0.051472850143909454,0.029300788417458534,0.005049264524132013,0.033075787127017975,-0.02316901460289955,-0.0155797079205513,0.014081005938351154,0.03755636885762215,0.010573268868029118,-0.003653519554063678,0.00814396608620882,-0.012218998745083809,0.025091756135225296,-0.020740030333399773,-0.019514363259077072,-0.01728753186762333,0.016392845660448074,0.027361426502466202,0.04637112095952034,0.013747626915574074,0.04487032815814018,0.012741876766085625,0.023489102721214294,-0.020128697156906128,0.04503729194402695,-0.014046655036509037,0.06221187487244606,0.0066700405441224575,-0.012737572193145752,-0.005744035355746746,0.007730628829449415,-0.015068313106894493,-0.021850543096661568,-0.005047110840678215,0.0013276399113237858,-0.022956382483243942,0.024502115324139595,0.0008597539272159338,-0.012445715256035328,0.00866627786308527,0.04114312306046486,0.0346662774682045,0.054973963648080826,0.031336359679698944,-0.0448441319167614,0.01248953863978386,0.003187572117894888,0.02594800293445587,0.018282806500792503,0.006449442356824875,0.022890884429216385,0.07255032658576965,0.0012173359282314777,-0.007520353887230158,-0.02287188731133938,0.028081292286515236,-0.014134312979876995,0.04309268668293953,0.012120886705815792,-0.00017068478337023407,0.07385323196649551,0.03239016979932785,-0.06459101289510727,0.0017543128924444318,0.028398143127560616,-0.05333155766129494,0.0627124235033989,0.009945238940417767,0.019772261381149292,-0.03214126080274582,0.025194015353918076,0.006640722509473562,0.010518382303416729,0.028313523158431053,0.040538568049669266,-0.04246203601360321,-0.010338927619159222,0.01948893629014492,-0.007579816039651632,-0.01885368674993515,-0.036496903747320175,-0.030575096607208252,0.004790282808244228,0.01737944781780243,0.0721769630908966,-0.028963040560483932,-0.025701915845274925,-0.0263567753136158,-0.03473222628235817,-0.038927193731069565,0.03630610927939415,-0.055060919374227524,-0.005354879889637232,0.01138845644891262,0.0029397697653621435,0.004713567905128002,0.08219078183174133,0.027037255465984344,0.02531813271343708,-0.03327217325568199,0.02872077375650406,0.027776630595326424,0.020591918379068375,-0.025731725618243217,-0.006021242588758469,0.03897550702095032,-0.01306873094290495,-0.008427408523857594,-0.010802263393998146,0.014352765865623951,0.005389179568737745,-0.03313111513853073,0.06369869410991669,-0.007859444245696068,0.02930529974400997,-0.017762109637260437,0.0433020144701004,0.042507801204919815,0.0038915621116757393,-0.028643246740102768,-0.02340863272547722,0.05659247562289238,0.029765458777546883,0.03592326492071152,-0.0346795991063118,0.00019926730601582676,0.009707325138151646,-0.017188020050525665,0.02636864222586155,-0.02995377779006958,-0.03047201968729496,0.007648034952580929,-0.024755554273724556,-0.0012549660168588161,-0.025862090289592743,0.03248272463679314,0.029945891350507736,0.02793540060520172,-0.029172508046030998,-0.04871698096394539,0.03418196365237236,0.0364161841571331,-0.0002881667751353234,0.006743407342582941,-0.017662446945905685,0.0026846861001104116,-0.010815896093845367,0.041638679802417755,0.014919543638825417,-0.007278691977262497,0.014828117564320564,0.018050415441393852,0.028959915041923523,-0.005721400957554579,0.012979770079255104,-0.014568709768354893,-0.019056176766753197,-0.008136064745485783,0.01616961881518364,0.0004421247576829046,0.017875874415040016,-0.03658455237746239,0.034190379083156586,-0.03195657953619957,-0.02608414925634861,-0.038828134536743164,0.00992835033684969,0.017254864796996117,-0.05552413687109947,-0.04146998003125191,-0.00911291129887104,0.02239239029586315,-0.027034977450966835,-0.02069457247853279,0.026943344622850418,-0.020500345155596733,0.022483378648757935,0.009444015100598335,-0.01943528652191162,0.03637806326150894,-0.028167227283120155,0.00392188411206007,-0.014301625080406666,0.0007377846050076187,0.02933877892792225,-0.006189557723701,0.011298427358269691,-0.040486205369234085,-0.0028939859475940466,0.039348054677248,-0.03204431012272835,0.005154355429112911,0.005198072642087936,-0.015503658913075924,-0.013578335754573345,0.03909479081630707,-0.022564098238945007,-0.024287335574626923,0.10974080115556717,0.01659618876874447,-0.009773315861821175,-0.021586015820503235,0.037172168493270874,-0.0019194802735000849,0.02600029855966568,0.005514859221875668,-0.020267842337489128,-0.026022374629974365,0.01776944287121296,0.009898249991238117,-0.009764421731233597,0.005026582162827253,0.05315248295664787,-0.008679026737809181,0.01872752234339714,0.05143221095204353,-0.004291236866265535,-0.15029627084732056,-0.021499989554286003,-0.005057142116129398,0.02099740505218506,-0.005063904449343681,-0.011738489381968975,-0.012332616373896599,-0.015510874800384045,-0.06943648308515549,0.03838570788502693,-0.03099251724779606,-0.04549665004014969,-0.005397826433181763,-0.01366626936942339,0.022639308124780655,0.013538177125155926,-0.014355220831930637,0.009984669275581837,-0.021609293296933174,-0.02414238266646862,-0.06016704812645912,-0.016058942303061485,0.030570533126592636,-0.03087463416159153,-0.04177188500761986,-0.011746503412723541,0.032452292740345,-0.009956475347280502,0.0035528375301510096,0.021009214222431183,-0.024357900023460388,0.017360486090183258,0.001544832601211965,0.015743693336844444,0.02811993472278118,-0.005401343572884798,0.0076879216358065605,0.007800109684467316,0.018791526556015015,0.008586522191762924,0.04440412297844887,0.011432462371885777,0.005336836911737919,-0.01801719143986702,-0.013228567317128181,-0.005370315629988909,0.027208371087908745,-0.01911930739879608,-0.026267293840646744,-0.038532186299562454,-0.04568099230527878,-0.06200695410370827,0.013349877670407295,-0.0020243260078132153,-0.03747241944074631,-0.005409762263298035,-0.004608049988746643,0.02707076631486416,0.019974324852228165,-0.005690265446901321,0.02581748180091381,-0.09211073070764542,0.00243781553581357,0.002586598740890622,0.008875083178281784,-0.021673275157809258,0.011260386556386948,0.005868247710168362,-0.0018606362864375114,-0.03998451679944992,0.019397541880607605,-0.04792514070868492,0.011380980722606182,0.002173114102333784,-0.018491823226213455,0.00979677028954029,-0.06469941884279251,0.010901828296482563,0.01904478296637535,-0.09893511235713959,-0.039096273481845856,0.006476136855781078,-0.0033431174233555794,0.022801030427217484,-0.009238926693797112,0.003967765253037214,0.02177264727652073,-0.006385202053934336,0.006524236872792244,0.26258841156959534,-0.015086588449776173,-0.0032429455313831568,-0.008057392202317715,0.03432658687233925,-0.015694573521614075,0.036667417734861374,0.07502039521932602,0.03099985420703888,-0.015401866286993027,-0.022365836426615715,0.010451415553689003,0.006601785775274038,0.015709247440099716,-0.00937776081264019,-0.032780587673187256,-0.024551566690206528,-0.03045455366373062,0.05970989912748337,-0.04133857041597366,0.04670625925064087,-0.02728300169110298,0.00030645751394331455,-0.011520991101861,-0.0634133443236351,-0.022918054834008217,-0.0007037064642645419,0.04381285235285759,-0.02686951868236065,0.026654964312911034,-0.05460457503795624,0.06224861368536949,0.013638711534440517,-0.023742258548736572,-0.061640989035367966,-0.0019565958064049482,0.03023444302380085,-0.035724520683288574,0.008439070545136929,0.01027403213083744,-0.005787680856883526,0.0014245721977204084,0.0004930541617795825,-0.028515413403511047,0.029294336214661598,-0.027724510058760643,-0.011749042198061943,-0.01598813571035862,-0.005202007945626974,0.01453842967748642,-0.03049745224416256,-0.01045968197286129,0.035071805119514465,-0.014681646600365639,-0.0005765127134509385,-0.011390562169253826,-0.007590683177113533,-0.010170331224799156,0.035327374935150146,0.017782025039196014,0.015593983232975006,0.003826168132945895,-0.019823236390948296,0.01173372846096754,-0.020643578842282295,0.02366696298122406,0.021520577371120453,-0.012238669209182262,0.03789963200688362,0.007099607493728399,0.021130889654159546,0.053591471165418625,0.007212057244032621,-0.013808543793857098,-0.0028368455823510885,-0.04895772039890289,0.02594047784805298,0.006006768438965082,-0.039272990077733994,0.04870564863085747,-0.06391393393278122,0.0019358790013939142,-0.04193016141653061,0.023531164973974228,0.02363891527056694,0.014341461472213268,-0.019917821511626244,0.10093268007040024,0.033285241574048996,0.008750245906412601,-0.016278566792607307,-0.016672123223543167,-0.02063702419400215,0.026257339864969254,-0.0251515693962574,0.03464580699801445,-0.051077552139759064,-0.04046688601374626,-0.0026422999799251556,0.0026832555886358023,-0.026587404310703278,-0.01642717979848385,-0.003966188989579678,-0.02774020843207836,-0.008988038636744022,0.003654474625363946,-0.019445858895778656,-0.0007604543352499604,0.0436861552298069,0.055097002536058426,-0.08531572669744492,0.005071231629699469,0.007478369399905205,-0.016253331676125526,-0.01574712246656418,0.058305494487285614,0.02379150129854679,0.026139836758375168,0.021251797676086426,-0.0026141046546399593,-0.04890765994787216,0.047470662742853165,-0.03027883917093277,0.03118664026260376,-0.012813849374651909,-0.04842716082930565,-0.05843687802553177,0.0064792148768901825,-0.01981120929121971,0.08192671835422516,0.01558743603527546,-0.007659911178052425,0.03693986311554909,0.01806849054992199,-0.002322013024240732,-0.00140452163759619,0.021505463868379593,0.012622328475117683,0.029462484642863274,0.09366583079099655,-0.005439987406134605,0.04952927306294441,-0.017430000007152557,0.02043359912931919,0.00246531143784523,0.03705264627933502,-0.03397747501730919,0.02009257674217224,-0.040954265743494034,-0.016427570953965187,-0.0035389966797083616,0.0037453046534210443,0.01158224418759346,-0.007277004420757294,-0.0077584548853337765,-0.031387463212013245,-0.02489774487912655,-0.03608289361000061,-0.014003187417984009,0.014182045124471188,-0.018028872087597847,-0.01856364496052265,0.01092739962041378,0.08307551592588425,-0.023281240835785866,0.015369255095720291,0.026711443439126015,-0.006995771545916796,-0.02096463367342949,-0.003396056592464447,-0.014688154682517052,0.010471531189978123,-0.027846816927194595,-0.008677656762301922,0.03661075606942177,-0.003667378332465887,-0.016041304916143417,0.0035653861705213785,0.0008388595888391137,0.02487972378730774,-0.0166696198284626,-0.031011784449219704,-0.023294903337955475,-0.027588939294219017,0.012951946817338467,0.008787429891526699,0.0004645703884307295,0.0096884211525321,0.00029713305411860347,-0.036915600299835205,-0.023257529363036156,0.15155452489852905,-0.03786136209964752,0.009578650817275047,0.002999209798872471,0.0011857261415570974,0.03870930150151253,0.03422985225915909,0.00855402834713459,-0.0031631977763026953,-0.04163677245378494,0.015575164929032326,0.031024962663650513,0.014048406854271889,-0.0015259019564837217,0.026089565828442574,0.004237854387611151,0.013056292198598385,-0.005859527736902237,0.0136526208370924,0.032161228358745575,0.004263761918991804,-0.024302873760461807,-0.006674920674413443,-0.0005174591788090765,-0.013026608154177666,0.04210641607642174,0.0027056774124503136,0.009389265440404415,-0.025643235072493553,0.02265014499425888,0.0010651582852005959,0.002656250959262252,-0.04298195615410805,-0.00425473228096962,0.00490215327590704,0.01680242456495762,-0.015554000623524189,-0.024475719779729843,-0.0019669856410473585,-0.00916876457631588,-0.03883549943566322,0.020819511264562607,-0.03016909770667553,-0.00767420744523406,-0.02706770971417427,0.005099399946630001,0.004259556997567415,-0.03149942681193352,-0.02332446724176407,0.01898551918566227,6.974970892770216e-05,-0.003892110427841544,0.03798549249768257,0.005359911825507879,0.018376445397734642,0.00238843378610909,-0.015907922759652138,-0.0013134130276739597,0.020071687176823616,0.022182943299412727,-0.027177458629012108,0.0040019662119448185,-0.039484474807977676,0.00044859611080028117,0.05481338873505592,-0.04802895337343216,0.03139448165893555,-0.03746572881937027,-0.0657263770699501,-0.0355510376393795,0.038596197962760925,-0.009272415190935135,0.0011465424904599786,-0.0115849943831563,-0.053860630840063095,-0.02101343311369419,0.0010521799558773637,-0.04374752193689346,-0.006741954013705254,-0.009745374321937561,-0.00684752780944109,0.014265880919992924,0.015603844076395035,-0.009429029189050198,0.005206165369600058,-0.02210378088057041,0.004565090406686068,0.02205279842019081,0.019743844866752625,-0.04152451083064079,0.0023128248285502195,0.030416371300816536,-0.0020852191373705864,-0.0339190736413002,-0.03637022152543068,-0.017182044684886932,-0.016779858618974686,-0.0013226051814854145,-0.002519714878872037,0.02085479162633419,0.04847119748592377,-0.013746618293225765,0.03420712426304817,-0.009105885401368141,0.031336065381765366,0.0007015483570285141,0.06723801791667938,-0.05109758675098419,0.005861320998519659,-0.0012268293648958206,-0.04021976888179779,0.0340096615254879,0.013815846294164658,-0.02727860026061535,0.007241083309054375,-0.022344041615724564,-0.031131843104958534,0.009817500598728657,0.009463146328926086,-0.02804432064294815,-0.10635226219892502,0.03728529438376427,0.034759461879730225,0.02159898914396763,-0.011974689550697803,0.062277901917696,-0.04489249363541603,0.006741965655237436,-0.02122182957828045,-0.02323371171951294,0.0018676641630008817,-0.03125007823109627,0.050644900649785995,-0.026558171957731247,0.028112828731536865,-0.02904057875275612,-0.06114158779382706,-0.04265674203634262,0.017031243070960045,-0.024679698050022125,-0.0027618268504738808,0.0010435922304168344,-0.0428309291601181,0.026120679453015327,-0.02087332122027874,0.0350184366106987,-0.010266496799886227,0.03594880551099777,-0.02091269940137863,0.05307665094733238,-0.02490389347076416,0.06557850539684296,-0.04638124257326126,0.010658163577318192,0.005630494095385075,0.018953710794448853,-0.012497085146605968,-0.018936581909656525,-0.02789955772459507,-0.03936668485403061,-0.005160046741366386,-0.003637369954958558,-0.03796268254518509,0.016671955585479736,-0.009159007109701633,0.001256468240171671,0.023616399616003036,0.04438409581780434,0.0027623879723250866,0.008323979564011097,0.0333620086312294,-0.02446632646024227,-0.03198883309960365,0.009915012866258621,0.003300424898043275,0.004691038280725479,0.02268707938492298,-0.018960168585181236,0.006131467409431934,-0.007978667505085468,0.00680237403139472,0.010095159523189068,-0.02105049602687359,-0.027018725872039795,0.06645108759403229,-0.041059594601392746,-0.01306162029504776,-0.0047194198705255985,0.017925066873431206,-0.011818832717835903,-0.03374771028757095,-0.047200825065374374,-0.021082410588860512,-0.031858790665864944,-0.022903351113200188,-0.03849354758858681,0.04211447387933731,0.009788516908884048,-0.01756199076771736,-0.00242895376868546,-0.0027965439949184656,-0.03439940884709358,0.030508313328027725,-0.1453011929988861,0.018227558583021164,0.020376957952976227,0.03639431297779083,-0.03991161286830902,-0.015583987347781658,-0.02725342847406864,-0.04762016609311104,-0.0010623802663758397,-0.029440075159072876,-0.002003310713917017,-0.03717205300927162,0.007399313151836395,0.0029780264012515545,0.013501880690455437,0.016881613060832024,-0.014839745126664639,-0.02926396206021309,-3.8600941479671746e-05,-0.0029922225512564182,0.025930479168891907,0.0006427593762055039,0.010622474364936352,-0.007714996114373207,0.0018757213838398457,0.013462977483868599,0.021599726751446724,-0.003154181409627199,-0.002532468643039465,-0.012663849629461765,0.024580558761954308,-0.06172601506114006,0.006995938252657652,-0.0004479154304135591,0.000657144992146641,-0.0021012716460973024,-0.010640452615916729,0.024330368265509605,-0.057132549583911896,-0.018590306863188744,-0.006450503133237362,-0.021476678550243378,-0.028347041457891464,0.016515202820301056,-0.002481164177879691,0.044974301010370255,0.0011428054422140121,-0.007855366915464401,-0.03894989937543869,-0.031709935516119,0.008703509345650673,0.028780456632375717,-0.077848881483078,0.0016375291161239147,-0.011940115131437778,-0.003777394536882639,-0.03226272016763687,-0.026761241257190704,-0.023803504183888435,0.01760072261095047,-0.008459679782390594,0.05833974480628967,-0.017549091950058937,-0.08726538717746735,0.034357454627752304,0.012318335473537445,-0.020774831995368004,0.01698148064315319,-0.0029466249980032444,0.0013353120302781463,-0.03653593733906746,0.006029409822076559,-0.02267548255622387,-0.00024990306701511145,0.0006345431902445853,0.011268578469753265,-0.0032164107542485,-0.024489108473062515,-0.02950211614370346,-0.019619759172201157,-0.03183417394757271,0.023384034633636475,-0.020637841895222664,0.0070700570940971375,0.04948822781443596,0.0153971491381526,-0.01916743442416191,-0.0043505094945430756,-0.058683834969997406,-0.04147739335894585,0.013042125850915909,-0.03551459684967995,0.012454584240913391,0.027653193101286888,-0.001320884795859456,-0.0023499401286244392,-0.004946403205394745,-0.0320548340678215,-0.014103434979915619,0.001916867564432323,0.011416246183216572,-0.055667463690042496,0.013647891581058502,-0.004437258932739496,-0.028976505622267723,0.033355943858623505,0.01079530082643032,0.027366740629076958,-0.0033314416650682688,-0.003989191260188818,0.024744240567088127,0.03260088339447975,-0.06338395178318024,0.0052763596177101135,-0.05737948417663574,-0.030863769352436066,0.01341827493160963,0.030947456136345863,0.00031381178996525705,-0.007216708268970251,0.008081360720098019,-0.053262948989868164,-0.013825135305523872,-0.03557875007390976,0.014083820395171642,0.0523950457572937,0.04274585098028183,0.054142262786626816,-0.012396455742418766,-0.013126385398209095,-0.01598101295530796,-0.034147292375564575,-0.04769836366176605,0.015512842684984207,0.047149673104286194,-0.010068802163004875,-0.02178300730884075,0.03964727744460106,-0.06128668040037155,-0.01978362537920475,-0.028203701600432396,-0.022659290581941605,-0.023509463295340538,-0.057527609169483185,0.02311059832572937,0.0009834547527134418,0.004165842197835445,-0.027822688221931458,0.022014394402503967,-0.04425862058997154,-0.010817655362188816,0.018078085035085678,-0.03655441477894783,0.07193676382303238,-0.004818995017558336,-0.028595147654414177,-0.037349242717027664,0.021352002397179604,-0.010681457817554474,0.05192293971776962,-0.02744986303150654,-0.009659342467784882,-0.014972662553191185,-0.04102970287203789,-0.02207222767174244,-0.02039847895503044,-0.06274091452360153,0.0015325478743761778,-0.01953158713877201,-0.02843371219933033,0.012969598174095154,0.03654203191399574,-0.03451233729720116,-0.030726665630936623,0.02588026225566864,0.006164730526506901,-0.010328752920031548,0.011055651120841503,-0.013189706951379776,0.03907996788620949,0.039038047194480896,0.02024504914879799,0.02845846302807331,0.02705124206840992,0.021362418308854103,0.028839178383350372,0.020542925223708153,0.0038029379211366177,0.013175904750823975,-0.007226053159683943,-0.020165929570794106,-0.01878146268427372,-0.011479295790195465,-0.013159471563994884,0.03807002305984497,0.0005993389640934765,0.038697149604558945,-0.00036668727989308536,0.027434010058641434,0.03477193042635918,-0.0674998089671135,0.007683335803449154,-0.019605427980422974,0.03977464884519577,-0.005892159417271614,0.018129980191588402,-0.003942136187106371,-0.014300075359642506,-0.002616673707962036,-0.0004379893944133073,0.005880839191377163,0.017653532326221466,0.005522760096937418,-0.009175610728561878,0.0027806079015135765,-0.0009733051410876215,0.017434561625123024,0.05012553185224533,-0.016213832423090935,-0.012448173947632313,-0.016911175101995468,0.04375765472650528,0.0004378927405923605,-0.03157397359609604,-0.06988959014415741,0.013174648396670818,0.022513914853334427,-0.027860868722200394,0.0004850719415117055,0.010544486343860626,-0.07424291223287582,-0.013700573705136776,-0.05257827043533325,0.019714990630745888,0.05030990391969681,0.007198796607553959,-0.08698708564043045,-0.014074122533202171,0.045488983392715454,0.014715472236275673,-0.024342626333236694,0.008914109319448471,0.027817629277706146,-0.010015992447733879"
https://help.ptsecurity.com/ru-RU/projects/mp10/27.4/help/999439499,https://help.ptsecurity.com/ru-RU/projects/mp10/27.4/help/999439499,Справочник по настройке источников · MaxPatrol 10 · Справочный портал,"Спра­воч­ник по на­строй­ке ис­точ­ни­ков
Спра­воч­ник по на­строй­ке ис­точ­ни­ков со­дер­жит ре­ко­мен­да­ции по ин­те­гра­ции эле­мен­тов IT-ин­фра­струк­ту­ры ор­га­ни­за­ции с MaxPatrol 10 для сбо­ра со­бы­тий с ис­точ­ни­ков и ска­ни­ро­ва­ния ак­ти­вов.
Поля событий, заполняемые MaxPatrol BAD
Антивирусное программное обеспечение. Аудит",0,справочник настройке источников справочник настройке источников содержит рекомендации интеграции элементов it инфраструктуры организации maxpatrol10 сбора событий источников сканирования активов поля событий заполняемые maxpatrolbad антивирусное программное обеспечение аудит,"0.012563589960336685,-0.004523403011262417,-0.0844988077878952,0.0452563613653183,-0.05097092315554619,-0.04042092338204384,0.06295234709978104,0.0013485124800354242,0.026501186192035675,0.031477272510528564,-0.0012755556963384151,-0.03732971474528313,-0.04773285612463951,-0.024910196661949158,0.04007401689887047,0.005487642716616392,0.009309166111052036,-0.004360252991318703,0.02273503877222538,-0.021484026685357094,0.03552456200122833,0.003487945767119527,0.009066842496395111,0.01906018890440464,-0.01756124757230282,-0.01954936794936657,-0.010846861638128757,-0.016135478392243385,0.02720002830028534,0.04242245480418205,-0.02497987449169159,-0.048807404935359955,0.06968221813440323,0.021644461899995804,0.007812809199094772,-0.048997558653354645,-0.028163237497210503,0.024037295952439308,-0.03734751045703888,0.07380623370409012,-0.012330256402492523,-0.01377036515623331,0.011392276734113693,-0.012707076966762543,-0.03164392709732056,-0.021350204944610596,0.005936961155384779,-0.018560679629445076,-0.03323401138186455,0.004582421388477087,-0.008250781334936619,0.004722110461443663,0.029349975287914276,-0.04128027334809303,0.0008607912459410727,0.02764902077615261,-0.05527909845113754,0.013856684789061546,-0.050424136221408844,0.0076880380511283875,-0.025476675480604172,0.001207050052471459,-0.04288871958851814,-0.013798006810247898,0.014790547080338001,0.0575510673224926,-0.02695307694375515,0.017897898331284523,-0.009516892954707146,0.004987036343663931,0.02105378359556198,-0.007853271439671516,-0.023484941571950912,-0.021636078134179115,-0.040747955441474915,0.0037738685496151447,0.05105448514223099,-0.04236036166548729,0.019965609535574913,0.021702252328395844,-0.04302644729614258,0.017419038340449333,0.013828183524310589,-0.004752734676003456,-0.04347062110900879,-0.009129870682954788,-0.01587335579097271,0.021187780424952507,0.011451106518507004,0.029937025159597397,0.017748018726706505,0.019715504720807076,0.01621536910533905,-0.03562486171722412,-0.03623503819108009,0.00014768964319955558,0.016473881900310516,0.004422790836542845,0.028747472912073135,0.025680068880319595,0.01131854485720396,-0.012441153638064861,0.00367940915748477,0.006465147715061903,0.05241503566503525,-0.02248288132250309,0.027370432391762733,-0.014076709747314453,-0.016530504450201988,-0.005496191792190075,0.00020760791085194796,-0.00010578774526948109,-0.004856206011027098,0.014027372933924198,0.002714042318984866,-0.03668852895498276,-0.006660223472863436,0.016064278781414032,-0.01062026433646679,-0.036747951060533524,0.05342145636677742,-0.012452719733119011,0.06960910558700562,-0.030413050204515457,-0.030709058046340942,-0.011558095924556255,-0.04400515556335449,0.007132227998226881,0.04846284165978432,-0.016803693026304245,0.027319353073835373,0.04567596688866615,0.022784069180488586,0.005205583292990923,-0.024002958089113235,-0.005030185915529728,0.025325000286102295,0.013038038276135921,-0.01643379218876362,-0.0654098242521286,0.061930060386657715,0.04534720629453659,-0.020223844796419144,-0.004958728328347206,0.02987276203930378,-0.041136790066957474,0.02773948758840561,-0.007134570274502039,0.025083377957344055,-0.006057498976588249,-0.013035094365477562,0.013336039148271084,0.017651863396167755,0.04477996751666069,0.03505263850092888,0.0008973749354481697,-0.009883331134915352,-0.010686487890779972,0.03595194220542908,-0.006983498577028513,-0.013421586714684963,0.031995732337236404,-0.022562479600310326,0.018337301909923553,0.011775248683989048,-0.035974469035863876,0.0065520345233380795,0.02937903255224228,-0.01650482974946499,0.0035658113192766905,0.03804823383688927,-0.037346381694078445,0.004403712227940559,0.023349352180957794,-0.007126231212168932,-0.024625614285469055,0.05912735313177109,0.0020568363834172487,0.0020456681959331036,-0.018636781722307205,-0.02443981170654297,-0.0014553171349689364,-0.0336499847471714,-0.0022131353616714478,0.005189785733819008,0.004372863564640284,-0.008528152480721474,-0.028605729341506958,0.02552374266088009,0.059945352375507355,-0.010679424740374088,-0.012819742783904076,0.040448132902383804,-0.01620957814157009,0.03963697329163551,0.011070570908486843,0.019939804449677467,0.022692620754241943,-0.019879480823874474,0.029160354286432266,-0.009692163206636906,0.02111891098320484,0.011158199980854988,0.018797319382429123,-0.022140704095363617,0.01241693738847971,-0.004662798251956701,-0.04658098146319389,0.022172460332512856,-0.061841219663619995,0.020545974373817444,0.0030223377980291843,0.004729262553155422,0.003212484996765852,-0.036407746374607086,0.007991706021130085,0.03850027546286583,0.0015052048256620765,0.02965119481086731,-0.02390112727880478,-0.01289384625852108,0.021461768075823784,0.019901057705283165,0.010543670505285263,-0.008490475825965405,-0.040274761617183685,-0.033392101526260376,0.02507690154016018,0.012209689244627953,-0.025522124022245407,-0.01830528862774372,0.019830159842967987,-0.004403329454362392,-0.05139530822634697,0.018925175070762634,-0.0007445405935868621,-0.042020268738269806,-0.0019720508717000484,-0.004686362575739622,-0.04028123989701271,0.005417840555310249,-0.06192665174603462,0.007387061603367329,-0.03710420802235603,-0.0637245699763298,0.018622925505042076,0.006399595178663731,0.03393266350030899,0.022282853722572327,-0.0035363317001610994,0.0057706586085259914,-0.016599802300333977,0.022006329149007797,-0.017394568771123886,0.05484502762556076,-0.001944074872881174,0.03409267216920853,0.0035548487212508917,0.002220898400992155,-0.021057244390249252,-0.004241191782057285,0.05127618461847305,-3.915054185199551e-05,0.009607364423573017,0.03874107077717781,-0.029695479199290276,0.027933083474636078,-0.017340704798698425,0.010618452914059162,0.0323558934032917,-0.02925879694521427,-0.06062270328402519,0.052034132182598114,0.01993224397301674,0.010649495758116245,-0.0026666910853236914,-0.058880265802145004,-0.028558677062392235,0.10101304948329926,0.023835809901356697,0.005627004895359278,0.024945558980107307,-0.02170286327600479,-0.00023682635219302028,0.003423945279791951,0.030594579875469208,-0.01660623401403427,-0.006850662641227245,-0.0196306724101305,-0.004730002488940954,-0.03827505186200142,-0.020762702450156212,0.07184850424528122,-0.024498576298356056,-0.017324689775705338,-0.0021372511982917786,-0.037854745984077454,-0.1380467712879181,-0.0035843190271407366,-0.009061088785529137,0.06132841855287552,0.022373061627149582,-0.0022030870895832777,-0.027526723220944405,0.02124503254890442,-0.024355169385671616,0.03038635663688183,-0.043084509670734406,-0.056319523602724075,0.031289178878068924,0.015204615890979767,0.036226123571395874,-0.004984891973435879,-0.022730272263288498,0.039564695209264755,-0.012742171995341778,-0.030014077201485634,-0.03556272014975548,-0.04689748212695122,-0.023065730929374695,0.02733868546783924,-0.08014760911464691,-0.030164647847414017,0.1180419772863388,-0.01823309250175953,-0.01599530689418316,0.009079134091734886,0.01909220963716507,-0.008291658945381641,0.008172444999217987,-0.02216293103992939,0.019128350540995598,-0.005040943156927824,0.03295675665140152,-0.030594980344176292,-0.02491392195224762,-0.0016046909149736166,0.046147219836711884,0.014512491412460804,0.020507309585809708,0.015492141246795654,-0.010246050544083118,0.0030477247200906277,0.0011269107926636934,-0.028705766424536705,0.0062604499980807304,0.010818642564117908,-0.036927539855241776,0.008346437476575375,0.043475303798913956,-0.03715990111231804,-0.05329664424061775,-0.021274453029036522,-0.031629111617803574,0.025994760915637016,0.0032930891029536724,-0.010065718553960323,0.0031742448918521404,-0.020219648256897926,-0.010860157199203968,-0.014980848878622055,-0.02099345438182354,-0.03413613140583038,0.06365823745727539,-0.0414913110435009,-0.008468275889754295,0.013224104419350624,-0.0028203404508531094,-0.05786207690834999,-0.02449827827513218,0.013547327369451523,0.01569465734064579,0.006518874317407608,-0.0046651652082800865,0.04054442420601845,-0.03261353820562363,-0.11158577352762222,-0.0356888622045517,-0.032216813415288925,0.03270984813570976,-0.021449990570545197,0.0052055418491363525,-0.0487489327788353,0.026643332093954086,0.004627559799700975,0.030033426359295845,0.22207684814929962,-0.009829039685428143,-0.04248999431729317,-0.009744338691234589,0.06126818060874939,-0.03386234864592552,-0.022827306762337685,0.026628626510500908,0.02615252695977688,-0.024523388594388962,0.012808272615075111,0.06766746193170547,-0.011089111678302288,0.002583105117082596,0.025047600269317627,-0.010652324184775352,-0.04908151552081108,0.022678159177303314,0.058971233665943146,0.012696731835603714,0.0026976740919053555,-0.05054117366671562,-0.01672542840242386,-0.0012020483845844865,-0.06849201023578644,-0.015387197956442833,-0.004312517121434212,0.02583923190832138,-0.025125298649072647,0.0323215089738369,-0.04362194985151291,0.003935967106372118,0.04734918475151062,0.020903950557112694,-0.03789708763360977,0.033730193972587585,0.01136569119989872,0.00873758178204298,-0.008240730501711369,-0.008179184049367905,-0.013681773096323013,-0.04283769056200981,0.017462778836488724,0.020403791218996048,0.004922316409647465,-0.018511952832341194,-0.009959876537322998,0.02218478173017502,-0.002932927804067731,-0.028383705765008926,0.05143719166517258,-0.07181354612112045,-0.018456820398569107,-0.026483867317438126,0.014298154041171074,0.007003976032137871,-0.032631248235702515,0.004284461494535208,-0.019627265632152557,0.013204747810959816,0.048962485045194626,-0.0005518517573364079,-0.035386327654123306,0.011763383634388447,-0.038503341376781464,-0.0006501599564217031,-0.00927609484642744,-0.020128609612584114,0.026576850563287735,0.009854679927229881,0.0008839493384584785,0.04066510871052742,0.03171403333544731,0.00930757261812687,0.007165463641285896,-0.0726815015077591,0.029762636870145798,0.06994805485010147,-0.10983797907829285,-0.0074089039117097855,-0.05170881375670433,-0.012090704403817654,-0.024686463177204132,0.0008892385521903634,0.01190072949975729,-0.016413584351539612,-0.04060083627700806,0.056321848183870316,-0.024072444066405296,0.03644520416855812,0.007863670587539673,-0.005022973753511906,0.037634845823049545,-0.01960127241909504,0.008344341069459915,0.05110993608832359,0.016737986356019974,-0.017026793211698532,-0.027243779972195625,-0.017072072252631187,0.011989610269665718,-0.02625526487827301,-0.029041949659585953,-0.011601059697568417,-0.002278307219967246,-0.03308394178748131,-0.047347281128168106,-0.012670815922319889,0.015621858648955822,0.048578258603811264,-0.05088464915752411,0.01923455484211445,-0.03950035572052002,-0.06759123504161835,0.020150160416960716,0.019464535638689995,0.06397583335638046,0.005137711297720671,0.017428172752261162,-0.05751468986272812,0.00026831746799871325,0.025351507589221,0.023871323093771935,0.017755668610334396,0.014084803871810436,-0.055514682084321976,-0.044916678220033646,0.028072800487279892,-0.015749679878354073,0.026785600930452347,0.007432561367750168,-0.008081186562776566,0.021967364475131035,0.02598799392580986,-0.025379806756973267,0.024689586833119392,-0.03951110690832138,0.012390447780489922,0.05269767716526985,0.028174960985779762,-0.004169327672570944,-0.0035074548795819283,-0.014357227832078934,-0.021388202905654907,-0.003059142967686057,-0.04130510240793228,0.026552945375442505,0.00701197749003768,-0.01414204016327858,0.03980950638651848,-0.002358742756769061,-0.0014951212797313929,0.07008184492588043,0.02075573429465294,0.01989014446735382,0.012511641718447208,-0.035236358642578125,0.03517906740307808,-0.012272418476641178,-0.014524128288030624,-0.039165206253528595,0.047674257308244705,0.017251478508114815,0.01788095012307167,-0.0022054952569305897,0.015063258819282055,-0.017882365733385086,0.003983252216130495,-0.007583631202578545,0.009232494980096817,0.0015004995511844754,-0.05605087801814079,-0.03983122110366821,0.014920685440301895,0.008971656672656536,-0.012590253725647926,-0.026981448754668236,-0.01316867396235466,0.0013699461705982685,-0.042560335248708725,-3.8578487874474376e-05,0.01669107936322689,-0.01614968292415142,-0.022359346970915794,0.028852779418230057,0.0028312280774116516,-0.0002934091608040035,-0.020523125305771828,0.046725619584321976,0.015118229202926159,-0.010856040753424168,0.09946676343679428,-0.0212257020175457,0.011860745958983898,0.010520841926336288,0.024916741997003555,0.052910178899765015,0.05642881616950035,-0.004173372406512499,-0.0033235957380384207,-0.020774180069565773,-0.023459460586309433,0.005263719242066145,-0.005728526506572962,0.020490722730755806,0.03191531449556351,-0.05112156271934509,-0.001964380033314228,-0.005914169363677502,-0.0029064922127872705,0.009815315715968609,-0.03426344692707062,-0.023498384281992912,0.011874143034219742,0.04437970742583275,0.008843228220939636,0.02837151661515236,0.06828049570322037,0.006208960898220539,-0.05436626076698303,0.009832624346017838,0.023149553686380386,0.0638258084654808,-0.0636707991361618,0.0059737772680819035,0.028203414753079414,0.0026295932475477457,0.015450647100806236,-0.009151920676231384,-0.02450036257505417,-0.0014499917160719633,-0.040071528404951096,0.08753243088722229,-0.021915584802627563,-0.04483760520815849,0.02936398610472679,0.028749730437994003,-0.006302394438534975,-0.000572633114643395,-0.014755026437342167,-0.029570529237389565,0.0430338978767395,0.022278007119894028,0.0005827951827086508,0.01192020159214735,0.02559306100010872,-0.02730395272374153,-0.04675356298685074,-0.03980666771531105,0.005803563632071018,-0.017475392669439316,-0.06709355860948563,-0.0032916993368417025,-0.00678183464333415,0.03018667921423912,0.03676323965191841,-0.022379375994205475,-0.04588286206126213,-0.0022194357588887215,-0.026049859821796417,-0.03494298830628395,0.023459140211343765,0.002221566392108798,-0.003866722574457526,0.015212319791316986,-0.010550317354500294,-0.014573296532034874,-0.013766122981905937,-0.038963742554187775,-0.013638443313539028,-0.042308054864406586,-0.022866731509566307,-0.01151141244918108,-0.006324986927211285,0.014815174043178558,-0.037493083626031876,-0.04740693420171738,0.03928898274898529,0.0014611517544835806,-0.022721871733665466,-0.04648860543966293,-0.020406410098075867,0.02605685219168663,0.023885061964392662,-0.008342978544533253,-0.019273092970252037,0.042312879115343094,-0.02815430425107479,-0.025750618427991867,-0.020801834762096405,0.016984233632683754,0.00663598021492362,-0.03522225096821785,-0.0010299899149686098,0.014871484600007534,0.0050831688567996025,-0.009899032302200794,0.04054820165038109,0.004678537603467703,-0.027970267459750175,-0.013007210567593575,0.017487304285168648,0.026120802387595177,-0.027007805183529854,0.015654435381293297,-0.0055541424080729485,0.04404499754309654,-0.03773821145296097,0.013158310204744339,0.050731562077999115,-0.006637332495301962,-0.0532430075109005,0.03456643223762512,0.04482511058449745,-0.013445132412016392,-0.009264232590794563,0.06774786114692688,-0.045836493372917175,0.006752898450940847,-0.02369549870491028,-0.05463257431983948,0.03325047716498375,-0.04573816433548927,0.05697008967399597,-0.028300711885094643,0.0027040690183639526,-0.03733066841959953,-0.013082784600555897,-0.006774042267352343,0.019614506512880325,-0.039226360619068146,-0.012399640865623951,0.007467872928828001,-0.0037734147626906633,0.029783230274915695,0.0031590925063937902,0.023790478706359863,-0.015948152169585228,-0.021009603515267372,0.025777343660593033,0.00304009229876101,-0.018682900816202164,0.07174964994192123,-0.004193339496850967,0.02634071558713913,-0.04080367833375931,0.014844979159533978,0.007720759604126215,-0.008215144276618958,0.002513132756575942,-0.015496719628572464,-0.020386524498462677,-0.05300910398364067,-0.0436006560921669,-0.023735595867037773,0.01137731596827507,0.015302765183150768,0.039644911885261536,-0.014166343957185745,0.0011253581615164876,-0.06784790754318237,0.0341959223151207,-0.0009853763040155172,0.008302254602313042,0.0014385855756700039,-0.030106963589787483,0.057184189558029175,-0.005916594062000513,-0.015387334860861301,0.006520580034703016,0.005446271970868111,-0.013650773093104362,-0.022040942683815956,0.034301526844501495,0.0021983564365655184,0.035214051604270935,-0.006891222670674324,0.03420892730355263,0.04219752550125122,0.00805432815104723,-0.029983866959810257,0.018868083134293556,-0.00951236393302679,-0.03537014126777649,0.010457579977810383,-0.0379672646522522,-0.013622735626995564,0.01559802982956171,-0.021674882620573044,0.06170850247144699,0.009215842932462692,0.0013447696110233665,0.019161708652973175,0.00620431499555707,-0.10709536075592041,-0.012942835688591003,0.013352352194488049,-0.022861778736114502,0.01333317719399929,-0.022438475862145424,-0.009220418520271778,-0.03522324189543724,-0.037323080003261566,-0.017528457567095757,-0.008912686258554459,-0.017944056540727615,0.040228091180324554,-0.04731324315071106,0.0164782777428627,0.029612185433506966,-0.03712991625070572,0.007840313948690891,-0.0040855687111616135,0.007225417997688055,0.005130288656800985,-0.008785190060734749,-0.003925502300262451,-0.007672522217035294,-0.013481252826750278,-0.03917226567864418,-0.03501557931303978,-0.045550841838121414,-0.013029536232352257,0.004936599638313055,-0.008148755878210068,-0.012753034010529518,0.006449294276535511,0.08013445883989334,-0.014782845973968506,0.0012769927270710468,-0.015938984230160713,0.014118459075689316,0.02602298930287361,-0.003859528573229909,-0.059692054986953735,0.017907164990901947,-0.02396702580153942,-0.01563616469502449,0.05928557738661766,0.06279910355806351,0.006788527127355337,-0.02921866998076439,-0.003900994313880801,0.061754483729600906,0.07240208238363266,0.0031049593817442656,0.0030165938660502434,0.029937710613012314,-0.017088141292333603,-0.013719836249947548,-0.023421699181199074,-0.012400957755744457,-0.017972810193896294,0.07222463935613632,-0.01962362229824066,0.04803043231368065,-0.046726878732442856,-0.026451898738741875,0.05628429353237152,0.01815500296652317,-0.014988981187343597,0.030363654717803,-0.008888579905033112,-0.055831391364336014,0.04086720943450928,-0.02800695039331913,-0.026971830055117607,-0.0027784083504229784,-0.015433890745043755,-0.00973376352339983,0.011959502473473549,-0.004203735385090113,0.010207533836364746,0.02566555142402649,-0.07068081200122833,-0.04662545397877693,-0.028795849531888962,0.05187317356467247,0.01166878454387188,-0.015091285109519958,0.015852708369493484,-0.03384708985686302,-0.05540132895112038,-0.039353277534246445,-0.0007660325500182807,-0.051826223731040955,-0.032672494649887085,0.010157131589949131,0.004528110846877098,0.0516427718102932,-0.01020436268299818,-0.019161466509103775,0.023391496390104294,0.0019348699133843184,-0.038954172283411026,0.0017369629349559546,-0.008571631275117397,0.01425822265446186,0.022673381492495537,0.06617572158575058,-0.003298491472378373,-0.007047875784337521,-0.02290894277393818,0.007404562551528215,-0.042834967374801636,0.01687595807015896,-0.016038071364164352,0.017963584512472153,-0.041075121611356735,-0.023677460849285126,0.052274592220783234,0.00407062703743577,0.005771866533905268,-0.029302172362804413,0.031948838382959366,0.0007955535547807813,-0.019216181710362434,-0.017148463055491447,0.03539387136697769,-0.005258037243038416,0.005990524776279926,0.05230335146188736,-0.04691067710518837,0.019832680001854897,-0.025292012840509415,-0.028536556288599968,-0.038865406066179276,0.014065717346966267,0.02763974666595459,-0.007985149510204792,-0.04561636596918106,0.030901243910193443,-0.043179772794246674,-0.024011481553316116,-0.013139265589416027,0.02240840345621109,-0.020281463861465454,-0.008955307304859161,0.04104912281036377,-0.03946247324347496,-0.008562845177948475,-0.001932878396473825,0.0077874078415334225,-0.053650058805942535,-0.006857321131974459,0.02338505908846855,-0.00204170448705554,0.034114569425582886,-0.003989860415458679,0.012119574472308159,-0.023220762610435486,0.004491366911679506,-0.019915102049708366,0.05705374851822853,-0.027160320430994034,0.01022033579647541,-0.011955871246755123,0.01632339134812355,-0.010031813755631447,0.01970100589096546,0.00021775149798486382,-0.006062720436602831,-0.06316196173429489,0.027866553515195847,0.012197022326290607,-0.0073446668684482574,-0.02392956241965294,-0.028591202571988106,0.0504467599093914,0.011800101958215237,0.025120368227362633,-0.004056825768202543,0.0012191508430987597,-0.0026348349638283253,-0.004239770118147135,-0.009765921160578728,0.08445069193840027,0.023301027715206146,-0.009657583199441433,-0.010288586840033531,0.006889794487506151,-0.03453337401151657,-0.010969694703817368,-0.03145116940140724,-0.01190977543592453,-0.014851056039333344,0.07413031905889511,0.00927636306732893,0.049836866557598114,0.022439809516072273,0.04177243635058403,0.007591747213155031,-0.023509100079536438,0.05851827561855316,-0.040213692933321,-0.004377433564513922,0.040298983454704285,0.0023768858518451452,4.206073936074972e-05,-0.04502403736114502,0.022219864651560783,-0.026642074808478355,0.03848464414477348,-0.024154115468263626,0.011348049156367779,0.0035137254744768143,-0.0008337868493981659,0.010861469432711601,0.006359893828630447,-0.055956579744815826,0.0016392901306971908,0.02208290621638298,-0.033375903964042664,-0.03510397672653198,0.0447012297809124,0.030045190826058388,0.025165922939777374,-0.006627820897847414,-0.032235778868198395,-0.010613901540637016,0.06131104379892349,0.0012577286688610911,0.005134481005370617,0.004219972528517246,-0.002667069900780916,0.0066408454440534115,0.005347837693989277,0.0027767596766352654,0.0012253160821273923,0.004963256884366274,-0.032653387635946274,-0.00684041902422905,-0.053781382739543915,0.036047834903001785,0.02554856427013874,0.0007537372293882072,0.03334483876824379,0.006574869155883789"
